{
	"credit": "Made with Blockbench",
	"textures": {
		"0": "custom/black-metal",
		"1": "custom/anvil_top_damaged_0",
		"2": "custom/brushed-metal",
		"3": "custom/crocodile",
		"particle": "custom/black-metal"
	},
	"elements": [
		{
			"from": [6.5, 2.1875, 2.35],
			"to": [8.9375, 4.8125, 5.2],
			"rotation": {"angle": 45, "axis": "y", "origin": [8, 3.5, 3.5]},
			"faces": {
				"north": {"uv": [0, 0, 3.25, 3.5], "texture": "#3"},
				"east": {"uv": [0, 0, 3.25, 3.5], "texture": "#3"},
				"south": {"uv": [0, 0, 3.25, 3.5], "texture": "#3"},
				"west": {"uv": [0, 0, 3.25, 3.5], "texture": "#3"},
				"up": {"uv": [0, 0, 3.25, 3.5], "texture": "#3"},
				"down": {"uv": [0, 0, 3.25, 3.5], "texture": "#3"}
			}
		},
		{
			"from": [5.75, 3.125, 0],
			"to": [10.25, 3.875, 12],
			"rotation": {"angle": -45, "axis": "z", "origin": [8, 3.5, 6]},
			"faces": {
				"north": {"uv": [0, 0, 6, 1], "texture": "#3"},
				"east": {"uv": [0, 0, 6, 1], "texture": "#3"},
				"south": {"uv": [0, 0, 6, 1], "texture": "#3"},
				"west": {"uv": [0, 0, 6, 1], "texture": "#3"},
				"up": {"uv": [0, 0, 6, 1], "texture": "#3"},
				"down": {"uv": [0, 0, 6, 1], "texture": "#3"}
			}
		},
		{
			"from": [5.75, 3.125, 0],
			"to": [10.25, 3.875, 12],
			"rotation": {"angle": 45, "axis": "z", "origin": [8, 3.5, 6]},
			"faces": {
				"north": {"uv": [0, 0, 6, 1], "texture": "#3"},
				"east": {"uv": [0, 0, 6, 1], "texture": "#3"},
				"south": {"uv": [0, 0, 6, 1], "texture": "#3"},
				"west": {"uv": [0, 0, 6, 1], "texture": "#3"},
				"up": {"uv": [0, 0, 6, 1], "texture": "#3"},
				"down": {"uv": [0, 0, 6, 1], "texture": "#3"}
			}
		},
		{
			"from": [6.5, 2, 0.1],
			"to": [9.5, 5, 11.9],
			"faces": {
				"north": {"uv": [0, 0, 11.8, 3], "texture": "#2"},
				"east": {"uv": [0, 0, 11.8, 3], "texture": "#2"},
				"south": {"uv": [0, 0, 11.8, 3], "texture": "#2"},
				"west": {"uv": [0, 0, 11.8, 3], "texture": "#2"},
				"up": {"uv": [0, 0, 3, 11.8], "texture": "#2"},
				"down": {"uv": [0, 0, 3, 11.8], "texture": "#2"}
			}
		},
		{
			"from": [6.5, 2.1875, 5.35],
			"to": [8.9375, 4.8125, 8.2],
			"rotation": {"angle": 45, "axis": "y", "origin": [8, 3.5, 6.5]},
			"faces": {
				"north": {"uv": [0, 0, 3.25, 3.5], "texture": "#3"},
				"east": {"uv": [0, 0, 3.25, 3.5], "texture": "#3"},
				"south": {"uv": [0, 0, 3.25, 3.5], "texture": "#3"},
				"west": {"uv": [0, 0, 3.25, 3.5], "texture": "#3"},
				"up": {"uv": [0, 0, 3.25, 3.5], "texture": "#3"},
				"down": {"uv": [0, 0, 3.25, 3.5], "texture": "#3"}
			}
		},
		{
			"from": [7.0625, -1, 10],
			"to": [8.9375, 2.5625, 12],
			"rotation": {"angle": -22.5, "axis": "x", "origin": [8, 0.6875, 11]},
			"faces": {
				"north": {"uv": [0, 0, 2, 4.75], "texture": "#0"},
				"east": {"uv": [0, 0, 2, 4.75], "texture": "#0"},
				"south": {"uv": [0, 0, 2, 4.75], "texture": "#0"},
				"west": {"uv": [0, 0, 2, 4.75], "texture": "#0"},
				"up": {"uv": [0, 0, 2, 4.75], "texture": "#0"},
				"down": {"uv": [0, 0, 2, 4.75], "texture": "#0"}
			}
		},
		{
			"from": [7.5875, 0.5, 8],
			"to": [8.4125, 2.5625, 8.25],
			"rotation": {"angle": 22.5, "axis": "x", "origin": [8, 0.6875, 9]},
			"faces": {
				"north": {"uv": [3, 0, 3.25, 2.0625], "texture": "#1"},
				"east": {"uv": [3, 0, 3.25, 2.0625], "texture": "#1"},
				"south": {"uv": [3, 0, 3.25, 2.0625], "texture": "#1"},
				"west": {"uv": [3, 0, 3.25, 2.0625], "texture": "#1"},
				"up": {"uv": [3, 0, 3.25, 2.0625], "texture": "#1"},
				"down": {"uv": [3, 0, 3.25, 2.0625], "texture": "#1"}
			}
		},
		{
			"from": [6.425, 1.925, -0.1],
			"to": [9.575, 5.075, 0.15],
			"faces": {
				"north": {"uv": [0, 0, 4.2, 4.2], "texture": "#3"},
				"east": {"uv": [0, 0, 4.2, 4.2], "texture": "#3"},
				"south": {"uv": [0, 0, 4.2, 4.2], "texture": "#3"},
				"west": {"uv": [0, 0, 4.2, 4.2], "texture": "#3"},
				"up": {"uv": [0, 0, 4.2, 4.2], "texture": "#3"},
				"down": {"uv": [0, 0, 4.2, 4.2], "texture": "#3"}
			}
		},
		{
			"from": [7.25, 2.75, 11.9],
			"to": [8.75, 4.25, 13.9],
			"faces": {
				"north": {"uv": [0, 0, 2, 2], "texture": "#3"},
				"east": {"uv": [0, 0, 2, 2], "texture": "#3"},
				"south": {"uv": [0, 0, 2, 2], "texture": "#3"},
				"west": {"uv": [0, 0, 2, 2], "texture": "#3"},
				"up": {"uv": [0, 0, 2, 2], "texture": "#3"},
				"down": {"uv": [0, 0, 2, 2], "texture": "#3"}
			}
		},
		{
			"from": [6.6875, 2.375, 13.9],
			"to": [9.125, 4.625, 14.8],
			"rotation": {"angle": 45, "axis": "z", "origin": [7.90625, 3.5, 14.35]},
			"faces": {
				"north": {"uv": [0, 0, 3.25, 3], "texture": "#3"},
				"east": {"uv": [0, 0, 3.25, 3], "texture": "#3"},
				"south": {"uv": [0, 0, 3.25, 3], "texture": "#3"},
				"west": {"uv": [0, 0, 3.25, 3], "texture": "#3"},
				"up": {"uv": [0, 0, 3.25, 3], "texture": "#3"},
				"down": {"uv": [0, 0, 3.25, 3], "texture": "#3"}
			}
		},
		{
			"from": [7.625, 3.125, -3.85],
			"to": [8.375, 3.875, -0.05],
			"faces": {
				"north": {"uv": [13, 3, 14.8, 4], "texture": "#0"},
				"east": {"uv": [13, 3, 14.8, 4], "texture": "#0"},
				"south": {"uv": [13, 3, 14.8, 4], "texture": "#0"},
				"west": {"uv": [13, 3, 14.8, 4], "texture": "#0"},
				"up": {"uv": [13, 3, 14.8, 4], "texture": "#0"},
				"down": {"uv": [13, 3, 14.8, 4], "texture": "#0"}
			}
		},
		{
			"from": [8.1125, 2.7875, -4.7],
			"to": [10.1375, 3.9125, -3.2],
			"rotation": {"angle": -22.5, "axis": "y", "origin": [9.125, 3.35, -3.95]},
			"faces": {
				"north": {"uv": [14.8, 3, 13, 4], "texture": "#0"},
				"east": {"uv": [14.8, 3, 13, 4], "texture": "#0"},
				"south": {"uv": [14.8, 3, 13, 4], "texture": "#0"},
				"west": {"uv": [14.8, 3, 13, 4], "texture": "#0"},
				"up": {"uv": [13, 4, 14.8, 3], "texture": "#0", "rotation": 90},
				"down": {"uv": [13, 4, 14.8, 3], "texture": "#0", "rotation": 270}
			}
		},
		{
			"from": [10.05, 2.9, -3.95],
			"to": [10.95, 3.8, -0.4],
			"rotation": {"angle": 45, "axis": "y", "origin": [10.3875, 3.35, -2.6]},
			"faces": {
				"north": {"uv": [14.8, 3, 15.7, 3.9], "texture": "#0"},
				"east": {"uv": [12.45, 3, 16, 3.9], "texture": "#0"},
				"south": {"uv": [14.8, 3, 15.7, 3.9], "texture": "#0"},
				"west": {"uv": [12.45, 3, 16, 3.9], "texture": "#0"},
				"up": {"uv": [13, 4, 13.9, 7.55], "texture": "#0"},
				"down": {"uv": [13, 4, 13.9, 7.55], "texture": "#0"}
			}
		},
		{
			"from": [7.55, 5.4, -3.95],
			"to": [8.45, 6.3, -0.4],
			"rotation": {"angle": -45, "axis": "x", "origin": [8, 5.7375, -2.6]},
			"faces": {
				"north": {"uv": [14.8, 3, 15.7, 3.9], "texture": "#0", "rotation": 270},
				"east": {"uv": [14.8, 3, 15.7, 6.55], "texture": "#0", "rotation": 270},
				"south": {"uv": [14.8, 3, 15.7, 3.9], "texture": "#0", "rotation": 270},
				"west": {"uv": [14.8, 3, 15.7, 6.55], "texture": "#0", "rotation": 270},
				"up": {"uv": [12.45, 4, 16, 4.9], "texture": "#0", "rotation": 270},
				"down": {"uv": [12.45, 4, 16, 4.9], "texture": "#0", "rotation": 270}
			}
		},
		{
			"from": [7.4375, 3.4625, -4.7],
			"to": [8.5625, 5.4875, -3.2],
			"rotation": {"angle": 22.5, "axis": "x", "origin": [8, 4.475, -3.95]},
			"faces": {
				"north": {"uv": [14.8, 3, 13, 4], "texture": "#0", "rotation": 180},
				"east": {"uv": [14.8, 3, 13, 4], "texture": "#0", "rotation": 180},
				"south": {"uv": [14.8, 3, 13, 4], "texture": "#0", "rotation": 180},
				"west": {"uv": [14.8, 3, 13, 4], "texture": "#0", "rotation": 180},
				"up": {"uv": [13, 4, 14.8, 3], "texture": "#0", "rotation": 180},
				"down": {"uv": [13, 4, 14.8, 3], "texture": "#0", "rotation": 180}
			}
		},
		{
			"from": [5.05, 2.9, -3.95],
			"to": [5.95, 3.8, -0.4],
			"rotation": {"angle": -45, "axis": "y", "origin": [5.6125, 3.35, -2.6]},
			"faces": {
				"north": {"uv": [14.8, 3, 15.7, 3.9], "texture": "#0"},
				"east": {"uv": [12.45, 3, 16, 3.9], "texture": "#0"},
				"south": {"uv": [14.8, 3, 15.7, 3.9], "texture": "#0"},
				"west": {"uv": [12.45, 3, 16, 3.9], "texture": "#0"},
				"up": {"uv": [13, 4, 13.9, 7.55], "texture": "#0"},
				"down": {"uv": [13, 4, 13.9, 7.55], "texture": "#0"}
			}
		},
		{
			"from": [5.8625, 2.7875, -4.7],
			"to": [7.8875, 3.9125, -3.2],
			"rotation": {"angle": 22.5, "axis": "y", "origin": [6.875, 3.35, -3.95]},
			"faces": {
				"north": {"uv": [13.975, 3, 16, 4.125], "texture": "#0"},
				"east": {"uv": [14.5, 3, 16, 4.125], "texture": "#0"},
				"south": {"uv": [13.975, 3, 16, 4.125], "texture": "#0"},
				"west": {"uv": [14.5, 3, 16, 4.125], "texture": "#0"},
				"up": {"uv": [13, 4, 14.5, 6.025], "texture": "#0", "rotation": 90},
				"down": {"uv": [13, 4, 14.5, 6.025], "texture": "#0", "rotation": 270}
			}
		},
		{
			"from": [7.4375, 1.2125, -4.7],
			"to": [8.5625, 3.2375, -3.2],
			"rotation": {"angle": -22.5, "axis": "x", "origin": [8, 2.225, -3.95]},
			"faces": {
				"north": {"uv": [14.8, 3, 13, 4], "texture": "#0", "rotation": 180},
				"east": {"uv": [14.8, 3, 13, 4], "texture": "#0", "rotation": 180},
				"south": {"uv": [14.8, 3, 13, 4], "texture": "#0", "rotation": 180},
				"west": {"uv": [14.8, 3, 13, 4], "texture": "#0", "rotation": 180},
				"up": {"uv": [13, 4, 14.8, 3], "texture": "#0", "rotation": 180},
				"down": {"uv": [13, 4, 14.8, 3], "texture": "#0", "rotation": 180}
			}
		},
		{
			"from": [7.55, 0.4, -3.95],
			"to": [8.45, 1.3, -0.4],
			"rotation": {"angle": 45, "axis": "x", "origin": [8, 0.9625, -2.6]},
			"faces": {
				"north": {"uv": [14.8, 3, 15.7, 3.9], "texture": "#0", "rotation": 270},
				"east": {"uv": [14.8, 3, 15.7, 6.55], "texture": "#0", "rotation": 270},
				"south": {"uv": [14.8, 3, 15.7, 3.9], "texture": "#0", "rotation": 270},
				"west": {"uv": [14.8, 3, 15.7, 6.55], "texture": "#0", "rotation": 270},
				"up": {"uv": [12.45, 4, 16, 4.9], "texture": "#0", "rotation": 270},
				"down": {"uv": [12.45, 4, 16, 4.9], "texture": "#0", "rotation": 270}
			}
		},
		{
			"from": [7.125, 2.625, -0.35],
			"to": [8.875, 4.375, -0.05],
			"faces": {
				"north": {"uv": [0, 0, 1.75, 1.75], "texture": "#2"},
				"east": {"uv": [0, 0, 0.3, 1.75], "texture": "#2"},
				"south": {"uv": [0, 0, 0.3, 1.75], "texture": "#2"},
				"west": {"uv": [0, 0, 0.3, 1.75], "texture": "#2"},
				"up": {"uv": [0, 0, 0.3, 1.75], "texture": "#2"},
				"down": {"uv": [0, 0, 0.3, 1.75], "texture": "#2"}
			}
		}
	],
	"display": {
		"thirdperson_righthand": {
			"scale": [0.8, 0.8, 0.8],
			"translation": [0, 5.5, 0]
		},
		"thirdperson_lefthand": {
			"scale": [0.8, 0.8, 0.8],
			"translation": [0, 5.5, 0]
		},
		"firstperson_righthand": {
			"translation": [0, 6, 5]
		},
		"firstperson_lefthand": {
			"translation": [0, 6, 5]
		},
		"head": {
			"rotation": [90, 150, -90],
			"translation": [-2.5, -11, 5]
		},
		"ground": {
			"translation": [0, 7.5, 0]
		},
		"gui": {
			"rotation": [26, 139, 0],
			"translation": [1.5, 4.5, 0]
		},
		"fixed": {
			"scale": [1.2, 1.2, 1.2],
			"translation": [3.5, 6, -2.5],
			"rotation": [0, 90, 0]
		}
	}
}