{
	"credit": "Made with Blockbench",
	"textures": {
		"0": "custom/black-metal",
		"1": "custom/handle",
		"2": "custom/brushed-metal",
		"particle": "custom/black-metal"
	},
	"elements": [
		{
			"from": [7, 1, 21],
			"to": [9, 2, 32],
			"faces": {
				"north": {"uv": [0, 0, 2, 1], "texture": "#1"},
				"east": {"uv": [0, 0, 11, 1], "texture": "#1"},
				"south": {"uv": [0, 0, 2, 1], "texture": "#1"},
				"west": {"uv": [0, 0, 11, 1], "texture": "#1"},
				"up": {"uv": [0, 0, 2, 11], "texture": "#1"},
				"down": {"uv": [0, 0, 2, 11], "texture": "#1"}
			}
		},
		{
			"from": [7, 1, 2],
			"to": [9, 2.75, 18],
			"faces": {
				"north": {"uv": [0, 0, 2, 1.75], "texture": "#0"},
				"east": {"uv": [0, 0, 16, 1.75], "texture": "#0"},
				"south": {"uv": [0, 0, 2, 1.75], "texture": "#0"},
				"west": {"uv": [0, 0, 16, 1.75], "texture": "#0"},
				"up": {"uv": [0, 0, 2, 16], "texture": "#0"},
				"down": {"uv": [0, 0, 2, 16], "texture": "#0"}
			}
		},
		{
			"from": [7.5, -0.85052, -5.7],
			"to": [8.50126, 2.55, 2],
			"faces": {
				"north": {"uv": [0, 14, 7.79937, 14.64967], "texture": "#2"},
				"east": {"uv": [0, 15, 7.79937, 15.64967], "texture": "#2"},
				"south": {"uv": [0, 14, 7.79937, 14.64967], "texture": "#2"},
				"west": {"uv": [0, 14, 7.79937, 14.64967], "texture": "#2"},
				"up": {"uv": [0, 13, 7.79937, 13.64967], "texture": "#2"},
				"down": {"uv": [0, 14, 7.79937, 14.64967], "texture": "#2"}
			}
		},
		{
			"from": [7.25126, -0.25, -5.7],
			"to": [8.75, 1.94948, 2],
			"faces": {
				"north": {"uv": [0, 14, 7.79937, 14.64967], "texture": "#2"},
				"east": {"uv": [0, 15, 7.79937, 15.64967], "texture": "#2"},
				"south": {"uv": [0, 14, 7.79937, 14.64967], "texture": "#2"},
				"west": {"uv": [0, 14, 7.79937, 14.64967], "texture": "#2"},
				"up": {"uv": [0, 13, 7.79937, 13.64967], "texture": "#2"},
				"down": {"uv": [0, 14, 7.79937, 14.64967], "texture": "#2"}
			}
		},
		{
			"from": [7.5, -0.95052, -7.4],
			"to": [8.55107, 2.67168, -5.65],
			"faces": {
				"north": {"uv": [0, 14, 7.79937, 14.64967], "texture": "#2"},
				"east": {"uv": [0, 15, 7.79937, 15.64967], "texture": "#2"},
				"south": {"uv": [0, 14, 7.79937, 14.64967], "texture": "#2"},
				"west": {"uv": [0, 14, 7.79937, 14.64967], "texture": "#2"},
				"up": {"uv": [0, 13, 7.79937, 13.64967], "texture": "#2"},
				"down": {"uv": [0, 14, 7.79937, 14.64967], "texture": "#2"}
			}
		},
		{
			"from": [7.20107, -0.22885, -7.4],
			"to": [8.85, 1.95, -5.65],
			"faces": {
				"north": {"uv": [0, 14, 7.79937, 14.64967], "texture": "#2"},
				"east": {"uv": [0, 15, 7.79937, 15.64967], "texture": "#2"},
				"south": {"uv": [0, 14, 7.79937, 14.64967], "texture": "#2"},
				"west": {"uv": [0, 14, 7.79937, 14.64967], "texture": "#2"},
				"up": {"uv": [0, 13, 7.79937, 13.64967], "texture": "#2"},
				"down": {"uv": [0, 14, 7.79937, 14.64967], "texture": "#2"}
			}
		},
		{
			"from": [7, -1, 18],
			"to": [9, 2.25, 21],
			"faces": {
				"north": {"uv": [0, 0, 16, 16], "texture": "#2"},
				"east": {"uv": [0, 0, 16, 16], "texture": "#2"},
				"south": {"uv": [0, 0, 16, 16], "texture": "#2"},
				"west": {"uv": [0, 0, 16, 16], "texture": "#2"},
				"up": {"uv": [0, 0, 16, 16], "texture": "#2"},
				"down": {"uv": [0, 0, 16, 16], "texture": "#2"}
			}
		},
		{
			"from": [7, -3.17682, 20.76592],
			"to": [9, -2.17682, 32],
			"rotation": {"angle": 22.5, "axis": "x", "origin": [8, -2.67682, 26.35477]},
			"faces": {
				"north": {"uv": [0, 0, 2, 1], "texture": "#1"},
				"east": {"uv": [0, 0, 11.23408, 1], "texture": "#1"},
				"south": {"uv": [0, 0, 2, 1], "texture": "#1"},
				"west": {"uv": [0, 0, 11.23408, 1], "texture": "#1"},
				"up": {"uv": [0, 0, 2, 11.23408], "texture": "#1"},
				"down": {"uv": [0, 0, 2, 11.23408], "texture": "#1"}
			}
		},
		{
			"from": [7, -5.2991, 31.37894],
			"to": [9, 1, 32],
			"faces": {
				"north": {"uv": [0, 0, 2, 6.25], "texture": "#1"},
				"east": {"uv": [0, 0, 0.62106, 6.25], "texture": "#1"},
				"south": {"uv": [0, 0, 2, 6.25], "texture": "#1"},
				"west": {"uv": [0, 0, 0.62106, 6.25], "texture": "#1"},
				"up": {"uv": [0, 0, 2, 0.62106], "texture": "#1"},
				"down": {"uv": [0, 0, 2, 0.62106], "texture": "#1"}
			}
		},
		{
			"from": [7, -1.0491, 21],
			"to": [9, 1, 31.37894],
			"faces": {
				"north": {"uv": [0, 0, 2, 2.0491], "texture": "#1"},
				"east": {"uv": [0, 0, 10, 2.0491], "texture": "#1"},
				"south": {"uv": [0, 0, 2, 2.0491], "texture": "#1"},
				"west": {"uv": [0, 0, 10, 2.0491], "texture": "#1"},
				"up": {"uv": [0, 0, 2, 10], "texture": "#1"},
				"down": {"uv": [0, 0, 2, 10], "texture": "#1"}
			}
		},
		{
			"from": [7, -1.8482, 23.37894],
			"to": [9, -1.0491, 31.37894],
			"faces": {
				"north": {"uv": [0, 0, 2, 0.7991], "texture": "#1"},
				"east": {"uv": [0, 0, 8, 0.7991], "texture": "#1"},
				"south": {"uv": [0, 0, 2, 0.7991], "texture": "#1"},
				"west": {"uv": [0, 0, 8, 0.7991], "texture": "#1"},
				"up": {"uv": [0, 0, 2, 8], "texture": "#1"},
				"down": {"uv": [0, 0, 2, 8], "texture": "#1"}
			}
		},
		{
			"from": [7, -3.94639, 28.12894],
			"to": [9, -2.89729, 31.37894],
			"faces": {
				"north": {"uv": [0, 0, 2, 1.0491], "texture": "#1"},
				"east": {"uv": [0, 0, 3.25, 1.0491], "texture": "#1"},
				"south": {"uv": [0, 0, 2, 1.0491], "texture": "#1"},
				"west": {"uv": [0, 0, 3.25, 1.0491], "texture": "#1"},
				"up": {"uv": [0, 0, 2, 3.25], "texture": "#1"},
				"down": {"uv": [0, 0, 2, 3.25], "texture": "#1"}
			}
		},
		{
			"from": [7, -2.89729, 25.62894],
			"to": [9, -1.8482, 31.37894],
			"faces": {
				"north": {"uv": [0, 0, 2, 1.0491], "texture": "#1"},
				"east": {"uv": [0, 0, 5.75, 1.0491], "texture": "#1"},
				"south": {"uv": [0, 0, 2, 1.0491], "texture": "#1"},
				"west": {"uv": [0, 0, 5.75, 1.0491], "texture": "#1"},
				"up": {"uv": [0, 0, 2, 5.75], "texture": "#1"},
				"down": {"uv": [0, 0, 2, 5.75], "texture": "#1"}
			}
		},
		{
			"from": [7, -4.89549, 30.62894],
			"to": [9, -3.94639, 31.37894],
			"faces": {
				"north": {"uv": [0, 0, 2, 0.9491], "texture": "#1"},
				"east": {"uv": [0, 0, 0.75, 0.9491], "texture": "#1"},
				"south": {"uv": [0, 0, 2, 0.9491], "texture": "#1"},
				"west": {"uv": [0, 0, 0.75, 0.9491], "texture": "#1"},
				"up": {"uv": [0, 0, 2, 0.75], "texture": "#1"},
				"down": {"uv": [0, 0, 2, 0.75], "texture": "#1"}
			}
		},
		{
			"from": [6.75, -2, 11],
			"to": [9.25, 1, 18],
			"faces": {
				"north": {"uv": [0, 0, 7, 3], "texture": "#0"},
				"east": {"uv": [6.96875, 13.79523, 15.96875, 15.79523], "texture": "#0"},
				"south": {"uv": [0, 0, 7, 3], "texture": "#0"},
				"west": {"uv": [0, 0, 7, 3], "texture": "#0"},
				"up": {"uv": [0, 0, 7, 3], "texture": "#0"},
				"down": {"uv": [0, 0, 7, 3], "texture": "#0"}
			}
		},
		{
			"from": [6.75, -3, 11],
			"to": [9.25, -2, 15],
			"faces": {
				"north": {"uv": [0, 0, 2.5, 1], "texture": "#0"},
				"east": {"uv": [0, 0, 4, 1], "texture": "#0"},
				"south": {"uv": [0, 0, 2.5, 1], "texture": "#0"},
				"west": {"uv": [0, 0, 4, 1], "texture": "#0"},
				"up": {"uv": [0, 0, 2.5, 4], "texture": "#0"},
				"down": {"uv": [0, 0, 2.5, 4], "texture": "#0"}
			}
		},
		{
			"from": [7.25, -12.36016, 14.43934],
			"to": [8.75, -5.36016, 17.53934],
			"rotation": {"angle": -22.5, "axis": "x", "origin": [8, -2.96016, 6.93934]},
			"faces": {
				"north": {"uv": [0, 0, 1.5, 7], "rotation": 180, "texture": "#1"},
				"east": {"uv": [0, 0, 7, 3.1], "rotation": 270, "texture": "#1"},
				"south": {"uv": [0, 0, 1.5, 7], "texture": "#1"},
				"west": {"uv": [0, 0, 7, 3.1], "rotation": 90, "texture": "#1"},
				"up": {"uv": [0, 0, 1.5, 3.1], "rotation": 180, "texture": "#1"},
				"down": {"uv": [0, 0, 1.5, 3.1], "texture": "#1"}
			}
		},
		{
			"from": [7.25, -3.96016, 10.08934],
			"to": [8.75, -1.96016, 12.33934],
			"faces": {
				"north": {"uv": [0, 0, 1.5, 2], "texture": "#0"},
				"east": {"uv": [0, 0, 2.25, 2], "texture": "#0"},
				"south": {"uv": [0, 0, 1.5, 2], "texture": "#0"},
				"west": {"uv": [0, 0, 2.25, 2], "texture": "#0"},
				"up": {"uv": [0, 0, 1.5, 2.25], "texture": "#0"},
				"down": {"uv": [0, 0, 1.5, 2.25], "texture": "#0"}
			}
		},
		{
			"from": [6.75, -1, 2],
			"to": [9.25, 1, 11],
			"faces": {
				"north": {"uv": [0, 0, 9, 2], "texture": "#0"},
				"east": {"uv": [6.96875, 13.79523, 15.96875, 15.79523], "texture": "#0"},
				"south": {"uv": [0, 0, 9, 2], "texture": "#0"},
				"west": {"uv": [0, 0, 9, 2], "texture": "#0"},
				"up": {"uv": [0, 0, 9, 2], "texture": "#0"},
				"down": {"uv": [0, 0, 9, 2], "texture": "#0"}
			}
		},
		{
			"from": [6.75, -2, 5],
			"to": [9.25, -1, 11],
			"faces": {
				"north": {"uv": [0, 0, 6, 1], "texture": "#0"},
				"east": {"uv": [6.96875, 13.79523, 15.96875, 15.79523], "texture": "#0"},
				"south": {"uv": [0, 0, 6, 1], "texture": "#0"},
				"west": {"uv": [0, 0, 6, 1], "texture": "#0"},
				"up": {"uv": [0, 0, 6, 1], "texture": "#0"},
				"down": {"uv": [0, 0, 6, 1], "texture": "#0"}
			}
		},
		{
			"from": [7, -3, 5],
			"to": [9, -2, 11],
			"faces": {
				"north": {"uv": [0, 0, 6, 1], "texture": "#2"},
				"east": {"uv": [0, 0, 6, 1], "texture": "#2"},
				"south": {"uv": [0, 0, 6, 1], "texture": "#2"},
				"west": {"uv": [0, 8, 9, 10], "texture": "#2"},
				"up": {"uv": [0, 0, 6, 1], "texture": "#2"},
				"down": {"uv": [0, 0, 6, 1], "texture": "#2"}
			}
		},
		{
			"from": [7, -4, 5],
			"to": [9, -3, 9.5],
			"faces": {
				"north": {"uv": [0, 0, 4.5, 1], "texture": "#2"},
				"east": {"uv": [0, 0, 4.5, 1], "texture": "#2"},
				"south": {"uv": [0, 0, 4.5, 1], "texture": "#2"},
				"west": {"uv": [0, 13, 9, 15], "texture": "#2"},
				"up": {"uv": [0, 0, 4.5, 1], "texture": "#2"},
				"down": {"uv": [0, 0, 4.5, 1], "texture": "#2"}
			}
		},
		{
			"from": [7, 1.17538, 7.42462],
			"to": [9, 2.32538, 9.92462],
			"rotation": {"angle": -45, "axis": "x", "origin": [8, 0.57538, 15.42462]},
			"faces": {
				"north": {"uv": [0, 0, 2.5, 1.15], "texture": "#2"},
				"east": {"uv": [0, 0, 2.5, 1.15], "texture": "#2"},
				"south": {"uv": [0, 0, 2.5, 1.15], "texture": "#2"},
				"west": {"uv": [1, 8, 7, 10], "texture": "#2"},
				"up": {"uv": [0, 0, 2.5, 1.15], "texture": "#2"},
				"down": {"uv": [0, 0, 2.5, 1.15], "texture": "#2"}
			}
		},
		{
			"from": [7.4, -15.50402, 6.98299],
			"to": [8.6, -8.80402, 10.48299],
			"rotation": {"angle": 22.5, "axis": "x", "origin": [8, -5.25402, 9.98299]},
			"faces": {
				"north": {"uv": [12.44408, 0, 15.94408, 4.94984], "rotation": 270, "texture": "#0"},
				"east": {"uv": [12.44408, 0, 15.94408, 4.94984], "rotation": 270, "texture": "#0"},
				"south": {"uv": [12.44408, 0, 15.94408, 4.94984], "rotation": 270, "texture": "#0"},
				"west": {"uv": [12.44408, 0, 15.94408, 4.94984], "rotation": 270, "texture": "#0"},
				"up": {"uv": [12.44408, 0, 15.94408, 4.94984], "rotation": 270, "texture": "#0"},
				"down": {"uv": [12.44408, 0, 15.94408, 4.94984], "rotation": 270, "texture": "#0"}
			}
		},
		{
			"name": "hexadecagon",
			"from": [8.42, 0.36076, -14.95],
			"to": [8.8, 0.63924, -14.76],
			"rotation": {"angle": 45, "axis": "z", "origin": [8, 0.5, -0.75]},
			"faces": {
				"north": {"uv": [2, 14, 3, 15], "rotation": 270, "texture": "#2"},
				"east": {"uv": [2, 14, 3, 15], "rotation": 270, "texture": "#2"},
				"south": {"uv": [2, 14, 3, 15], "rotation": 270, "texture": "#2"},
				"west": {"uv": [2, 14, 3, 15], "rotation": 270, "texture": "#2"},
				"up": {"uv": [2, 14, 3, 15], "rotation": 270, "texture": "#2"},
				"down": {"uv": [2, 14, 3, 15], "rotation": 270, "texture": "#2"}
			}
		},
		{
			"name": "hexadecagon",
			"from": [8.42, 0.36076, -14.95],
			"to": [8.7, 0.63924, -14.76],
			"rotation": {"angle": 22.5, "axis": "z", "origin": [8, 0.5, -0.75]},
			"faces": {
				"north": {"uv": [2, 14, 3, 15], "rotation": 270, "texture": "#2"},
				"east": {"uv": [2, 14, 3, 15], "rotation": 270, "texture": "#2"},
				"south": {"uv": [2, 14, 3, 15], "rotation": 270, "texture": "#2"},
				"west": {"uv": [2, 14, 3, 15], "rotation": 270, "texture": "#2"},
				"up": {"uv": [2, 14, 3, 15], "rotation": 270, "texture": "#2"},
				"down": {"uv": [2, 14, 3, 15], "rotation": 270, "texture": "#2"}
			}
		},
		{
			"name": "hexadecagon",
			"from": [8.42, 0.36076, -14.95],
			"to": [8.8, 0.63924, -14.76],
			"faces": {
				"north": {"uv": [2, 14, 3, 15], "rotation": 270, "texture": "#2"},
				"east": {"uv": [2, 14, 3, 15], "rotation": 270, "texture": "#2"},
				"south": {"uv": [2, 14, 3, 15], "rotation": 270, "texture": "#2"},
				"west": {"uv": [2, 14, 3, 15], "rotation": 270, "texture": "#2"},
				"up": {"uv": [2, 14, 3, 15], "rotation": 270, "texture": "#2"},
				"down": {"uv": [2, 14, 3, 15], "rotation": 270, "texture": "#2"}
			}
		},
		{
			"name": "hexadecagon",
			"from": [8.42, 0.36076, -14.95],
			"to": [8.7, 0.63924, -14.76],
			"rotation": {"angle": -22.5, "axis": "z", "origin": [8, 0.5, -0.75]},
			"faces": {
				"north": {"uv": [2, 14, 3, 15], "rotation": 270, "texture": "#2"},
				"east": {"uv": [2, 14, 3, 15], "rotation": 270, "texture": "#2"},
				"south": {"uv": [2, 14, 3, 15], "rotation": 270, "texture": "#2"},
				"west": {"uv": [2, 14, 3, 15], "rotation": 270, "texture": "#2"},
				"up": {"uv": [2, 14, 3, 15], "rotation": 270, "texture": "#2"},
				"down": {"uv": [2, 14, 3, 15], "rotation": 270, "texture": "#2"}
			}
		},
		{
			"name": "hexadecagon",
			"from": [8.42, 0.36076, -14.95],
			"to": [8.8, 0.63924, -14.76],
			"rotation": {"angle": -45, "axis": "z", "origin": [8, 0.5, -0.75]},
			"faces": {
				"north": {"uv": [2, 14, 3, 15], "rotation": 270, "texture": "#2"},
				"east": {"uv": [2, 14, 3, 15], "rotation": 270, "texture": "#2"},
				"south": {"uv": [2, 14, 3, 15], "rotation": 270, "texture": "#2"},
				"west": {"uv": [2, 14, 3, 15], "rotation": 270, "texture": "#2"},
				"up": {"uv": [2, 14, 3, 15], "rotation": 270, "texture": "#2"},
				"down": {"uv": [2, 14, 3, 15], "rotation": 270, "texture": "#2"}
			}
		},
		{
			"name": "hexadecagon",
			"from": [7.2, 0.36076, -14.95],
			"to": [7.58, 0.63924, -14.76],
			"rotation": {"angle": 45, "axis": "z", "origin": [8, 0.5, -0.75]},
			"faces": {
				"north": {"uv": [2, 14, 3, 15], "rotation": 270, "texture": "#2"},
				"east": {"uv": [2, 14, 3, 15], "rotation": 270, "texture": "#2"},
				"south": {"uv": [2, 14, 3, 15], "rotation": 270, "texture": "#2"},
				"west": {"uv": [2, 14, 3, 15], "rotation": 270, "texture": "#2"},
				"up": {"uv": [2, 14, 3, 15], "rotation": 270, "texture": "#2"},
				"down": {"uv": [2, 14, 3, 15], "rotation": 270, "texture": "#2"}
			}
		},
		{
			"name": "hexadecagon",
			"from": [7.3, 0.36076, -14.95],
			"to": [7.58, 0.63924, -14.76],
			"rotation": {"angle": 22.5, "axis": "z", "origin": [8, 0.5, -0.75]},
			"faces": {
				"north": {"uv": [2, 14, 3, 15], "rotation": 270, "texture": "#2"},
				"east": {"uv": [2, 14, 3, 15], "rotation": 270, "texture": "#2"},
				"south": {"uv": [2, 14, 3, 15], "rotation": 270, "texture": "#2"},
				"west": {"uv": [2, 14, 3, 15], "rotation": 270, "texture": "#2"},
				"up": {"uv": [2, 14, 3, 15], "rotation": 270, "texture": "#2"},
				"down": {"uv": [2, 14, 3, 15], "rotation": 270, "texture": "#2"}
			}
		},
		{
			"name": "hexadecagon",
			"from": [7.2, 0.36076, -14.95],
			"to": [7.58, 0.63924, -14.76],
			"faces": {
				"north": {"uv": [2, 14, 3, 15], "rotation": 270, "texture": "#2"},
				"east": {"uv": [2, 14, 3, 15], "rotation": 270, "texture": "#2"},
				"south": {"uv": [2, 14, 3, 15], "rotation": 270, "texture": "#2"},
				"west": {"uv": [2, 14, 3, 15], "rotation": 270, "texture": "#2"},
				"up": {"uv": [2, 14, 3, 15], "rotation": 270, "texture": "#2"},
				"down": {"uv": [2, 14, 3, 15], "rotation": 270, "texture": "#2"}
			}
		},
		{
			"name": "hexadecagon",
			"from": [7.3, 0.36076, -14.95],
			"to": [7.58, 0.63924, -14.76],
			"rotation": {"angle": -22.5, "axis": "z", "origin": [8, 0.5, -0.75]},
			"faces": {
				"north": {"uv": [2, 14, 3, 15], "rotation": 270, "texture": "#2"},
				"east": {"uv": [2, 14, 3, 15], "rotation": 270, "texture": "#2"},
				"south": {"uv": [2, 14, 3, 15], "rotation": 270, "texture": "#2"},
				"west": {"uv": [2, 14, 3, 15], "rotation": 270, "texture": "#2"},
				"up": {"uv": [2, 14, 3, 15], "rotation": 270, "texture": "#2"},
				"down": {"uv": [2, 14, 3, 15], "rotation": 270, "texture": "#2"}
			}
		},
		{
			"name": "hexadecagon",
			"from": [7.2, 0.36076, -14.95],
			"to": [7.58, 0.63924, -14.76],
			"rotation": {"angle": -45, "axis": "z", "origin": [8, 0.5, -0.75]},
			"faces": {
				"north": {"uv": [2, 14, 3, 15], "rotation": 270, "texture": "#2"},
				"east": {"uv": [2, 14, 3, 15], "rotation": 270, "texture": "#2"},
				"south": {"uv": [2, 14, 3, 15], "rotation": 270, "texture": "#2"},
				"west": {"uv": [2, 14, 3, 15], "rotation": 270, "texture": "#2"},
				"up": {"uv": [2, 14, 3, 15], "rotation": 270, "texture": "#2"},
				"down": {"uv": [2, 14, 3, 15], "rotation": 270, "texture": "#2"}
			}
		},
		{
			"name": "hexadecagon",
			"from": [7.86076, -0.2, -14.95],
			"to": [8.13924, 0.08, -14.76],
			"rotation": {"angle": 22.5, "axis": "z", "origin": [8, 0.5, -0.75]},
			"faces": {
				"north": {"uv": [2, 14, 3, 15], "rotation": 270, "texture": "#2"},
				"east": {"uv": [2, 14, 3, 15], "rotation": 270, "texture": "#2"},
				"south": {"uv": [2, 14, 3, 15], "rotation": 270, "texture": "#2"},
				"west": {"uv": [2, 14, 3, 15], "rotation": 270, "texture": "#2"},
				"up": {"uv": [2, 14, 3, 15], "rotation": 270, "texture": "#2"},
				"down": {"uv": [2, 14, 3, 15], "rotation": 270, "texture": "#2"}
			}
		},
		{
			"name": "hexadecagon",
			"from": [7.86076, -0.3, -14.95],
			"to": [8.13924, 0.08, -14.76],
			"faces": {
				"north": {"uv": [2, 14, 3, 15], "rotation": 270, "texture": "#2"},
				"east": {"uv": [2, 14, 3, 15], "rotation": 270, "texture": "#2"},
				"south": {"uv": [2, 14, 3, 15], "rotation": 270, "texture": "#2"},
				"west": {"uv": [2, 14, 3, 15], "rotation": 270, "texture": "#2"},
				"up": {"uv": [2, 14, 3, 15], "rotation": 270, "texture": "#2"},
				"down": {"uv": [2, 14, 3, 15], "rotation": 270, "texture": "#2"}
			}
		},
		{
			"name": "hexadecagon",
			"from": [7.86076, -0.2, -14.95],
			"to": [8.13924, 0.08, -14.76],
			"rotation": {"angle": -22.5, "axis": "z", "origin": [8, 0.5, -0.75]},
			"faces": {
				"north": {"uv": [2, 14, 3, 15], "rotation": 270, "texture": "#2"},
				"east": {"uv": [2, 14, 3, 15], "rotation": 270, "texture": "#2"},
				"south": {"uv": [2, 14, 3, 15], "rotation": 270, "texture": "#2"},
				"west": {"uv": [2, 14, 3, 15], "rotation": 270, "texture": "#2"},
				"up": {"uv": [2, 14, 3, 15], "rotation": 270, "texture": "#2"},
				"down": {"uv": [2, 14, 3, 15], "rotation": 270, "texture": "#2"}
			}
		},
		{
			"name": "hexadecagon",
			"from": [7.86076, 0.92, -14.95],
			"to": [8.13924, 1.2, -14.76],
			"rotation": {"angle": 22.5, "axis": "z", "origin": [8, 0.5, -0.75]},
			"faces": {
				"north": {"uv": [2, 14, 3, 15], "rotation": 270, "texture": "#2"},
				"east": {"uv": [2, 14, 3, 15], "rotation": 270, "texture": "#2"},
				"south": {"uv": [2, 14, 3, 15], "rotation": 270, "texture": "#2"},
				"west": {"uv": [2, 14, 3, 15], "rotation": 270, "texture": "#2"},
				"up": {"uv": [2, 14, 3, 15], "rotation": 270, "texture": "#2"},
				"down": {"uv": [2, 14, 3, 15], "rotation": 270, "texture": "#2"}
			}
		},
		{
			"name": "hexadecagon",
			"from": [7.86076, 0.92, -14.95],
			"to": [8.13924, 1.3, -14.76],
			"faces": {
				"north": {"uv": [2, 14, 3, 15], "rotation": 270, "texture": "#2"},
				"east": {"uv": [2, 14, 3, 15], "rotation": 270, "texture": "#2"},
				"south": {"uv": [2, 14, 3, 15], "rotation": 270, "texture": "#2"},
				"west": {"uv": [2, 14, 3, 15], "rotation": 270, "texture": "#2"},
				"up": {"uv": [2, 14, 3, 15], "rotation": 270, "texture": "#2"},
				"down": {"uv": [2, 14, 3, 15], "rotation": 270, "texture": "#2"}
			}
		},
		{
			"name": "hexadecagon",
			"from": [7.86076, 0.92, -14.95],
			"to": [8.13924, 1.2, -14.76],
			"rotation": {"angle": -22.5, "axis": "z", "origin": [8, 0.5, -0.75]},
			"faces": {
				"north": {"uv": [2, 14, 3, 15], "rotation": 270, "texture": "#2"},
				"east": {"uv": [2, 14, 3, 15], "rotation": 270, "texture": "#2"},
				"south": {"uv": [2, 14, 3, 15], "rotation": 270, "texture": "#2"},
				"west": {"uv": [2, 14, 3, 15], "rotation": 270, "texture": "#2"},
				"up": {"uv": [2, 14, 3, 15], "rotation": 270, "texture": "#2"},
				"down": {"uv": [2, 14, 3, 15], "rotation": 270, "texture": "#2"}
			}
		},
		{
			"name": "hexadecagon",
			"from": [8.42, 0.36076, -14.65],
			"to": [8.8, 0.63924, -14.46],
			"rotation": {"angle": 45, "axis": "z", "origin": [8, 0.5, -0.45]},
			"faces": {
				"north": {"uv": [2, 14, 3, 15], "rotation": 270, "texture": "#2"},
				"east": {"uv": [2, 14, 3, 15], "rotation": 270, "texture": "#2"},
				"south": {"uv": [2, 14, 3, 15], "rotation": 270, "texture": "#2"},
				"west": {"uv": [2, 14, 3, 15], "rotation": 270, "texture": "#2"},
				"up": {"uv": [2, 14, 3, 15], "rotation": 270, "texture": "#2"},
				"down": {"uv": [2, 14, 3, 15], "rotation": 270, "texture": "#2"}
			}
		},
		{
			"name": "hexadecagon",
			"from": [8.42, 0.36076, -14.65],
			"to": [8.7, 0.63924, -14.46],
			"rotation": {"angle": 22.5, "axis": "z", "origin": [8, 0.5, -0.45]},
			"faces": {
				"north": {"uv": [2, 14, 3, 15], "rotation": 270, "texture": "#2"},
				"east": {"uv": [2, 14, 3, 15], "rotation": 270, "texture": "#2"},
				"south": {"uv": [2, 14, 3, 15], "rotation": 270, "texture": "#2"},
				"west": {"uv": [2, 14, 3, 15], "rotation": 270, "texture": "#2"},
				"up": {"uv": [2, 14, 3, 15], "rotation": 270, "texture": "#2"},
				"down": {"uv": [2, 14, 3, 15], "rotation": 270, "texture": "#2"}
			}
		},
		{
			"name": "hexadecagon",
			"from": [8.42, 0.36076, -14.65],
			"to": [8.8, 0.63924, -14.46],
			"faces": {
				"north": {"uv": [2, 14, 3, 15], "rotation": 270, "texture": "#2"},
				"east": {"uv": [2, 14, 3, 15], "rotation": 270, "texture": "#2"},
				"south": {"uv": [2, 14, 3, 15], "rotation": 270, "texture": "#2"},
				"west": {"uv": [2, 14, 3, 15], "rotation": 270, "texture": "#2"},
				"up": {"uv": [2, 14, 3, 15], "rotation": 270, "texture": "#2"},
				"down": {"uv": [2, 14, 3, 15], "rotation": 270, "texture": "#2"}
			}
		},
		{
			"name": "hexadecagon",
			"from": [8.42, 0.36076, -14.65],
			"to": [8.7, 0.63924, -14.46],
			"rotation": {"angle": -22.5, "axis": "z", "origin": [8, 0.5, -0.45]},
			"faces": {
				"north": {"uv": [2, 14, 3, 15], "rotation": 270, "texture": "#2"},
				"east": {"uv": [2, 14, 3, 15], "rotation": 270, "texture": "#2"},
				"south": {"uv": [2, 14, 3, 15], "rotation": 270, "texture": "#2"},
				"west": {"uv": [2, 14, 3, 15], "rotation": 270, "texture": "#2"},
				"up": {"uv": [2, 14, 3, 15], "rotation": 270, "texture": "#2"},
				"down": {"uv": [2, 14, 3, 15], "rotation": 270, "texture": "#2"}
			}
		},
		{
			"name": "hexadecagon",
			"from": [8.42, 0.36076, -14.65],
			"to": [8.8, 0.63924, -14.46],
			"rotation": {"angle": -45, "axis": "z", "origin": [8, 0.5, -0.45]},
			"faces": {
				"north": {"uv": [2, 14, 3, 15], "rotation": 270, "texture": "#2"},
				"east": {"uv": [2, 14, 3, 15], "rotation": 270, "texture": "#2"},
				"south": {"uv": [2, 14, 3, 15], "rotation": 270, "texture": "#2"},
				"west": {"uv": [2, 14, 3, 15], "rotation": 270, "texture": "#2"},
				"up": {"uv": [2, 14, 3, 15], "rotation": 270, "texture": "#2"},
				"down": {"uv": [2, 14, 3, 15], "rotation": 270, "texture": "#2"}
			}
		},
		{
			"name": "hexadecagon",
			"from": [7.2, 0.36076, -14.65],
			"to": [7.58, 0.63924, -14.46],
			"rotation": {"angle": 45, "axis": "z", "origin": [8, 0.5, -0.45]},
			"faces": {
				"north": {"uv": [2, 14, 3, 15], "rotation": 270, "texture": "#2"},
				"east": {"uv": [2, 14, 3, 15], "rotation": 270, "texture": "#2"},
				"south": {"uv": [2, 14, 3, 15], "rotation": 270, "texture": "#2"},
				"west": {"uv": [2, 14, 3, 15], "rotation": 270, "texture": "#2"},
				"up": {"uv": [2, 14, 3, 15], "rotation": 270, "texture": "#2"},
				"down": {"uv": [2, 14, 3, 15], "rotation": 270, "texture": "#2"}
			}
		},
		{
			"name": "hexadecagon",
			"from": [7.3, 0.36076, -14.65],
			"to": [7.58, 0.63924, -14.46],
			"rotation": {"angle": 22.5, "axis": "z", "origin": [8, 0.5, -0.45]},
			"faces": {
				"north": {"uv": [2, 14, 3, 15], "rotation": 270, "texture": "#2"},
				"east": {"uv": [2, 14, 3, 15], "rotation": 270, "texture": "#2"},
				"south": {"uv": [2, 14, 3, 15], "rotation": 270, "texture": "#2"},
				"west": {"uv": [2, 14, 3, 15], "rotation": 270, "texture": "#2"},
				"up": {"uv": [2, 14, 3, 15], "rotation": 270, "texture": "#2"},
				"down": {"uv": [2, 14, 3, 15], "rotation": 270, "texture": "#2"}
			}
		},
		{
			"name": "hexadecagon",
			"from": [7.2, 0.36076, -14.65],
			"to": [7.58, 0.63924, -14.46],
			"faces": {
				"north": {"uv": [2, 14, 3, 15], "rotation": 270, "texture": "#2"},
				"east": {"uv": [2, 14, 3, 15], "rotation": 270, "texture": "#2"},
				"south": {"uv": [2, 14, 3, 15], "rotation": 270, "texture": "#2"},
				"west": {"uv": [2, 14, 3, 15], "rotation": 270, "texture": "#2"},
				"up": {"uv": [2, 14, 3, 15], "rotation": 270, "texture": "#2"},
				"down": {"uv": [2, 14, 3, 15], "rotation": 270, "texture": "#2"}
			}
		},
		{
			"name": "hexadecagon",
			"from": [7.3, 0.36076, -14.65],
			"to": [7.58, 0.63924, -14.46],
			"rotation": {"angle": -22.5, "axis": "z", "origin": [8, 0.5, -0.45]},
			"faces": {
				"north": {"uv": [2, 14, 3, 15], "rotation": 270, "texture": "#2"},
				"east": {"uv": [2, 14, 3, 15], "rotation": 270, "texture": "#2"},
				"south": {"uv": [2, 14, 3, 15], "rotation": 270, "texture": "#2"},
				"west": {"uv": [2, 14, 3, 15], "rotation": 270, "texture": "#2"},
				"up": {"uv": [2, 14, 3, 15], "rotation": 270, "texture": "#2"},
				"down": {"uv": [2, 14, 3, 15], "rotation": 270, "texture": "#2"}
			}
		},
		{
			"name": "hexadecagon",
			"from": [7.2, 0.36076, -14.65],
			"to": [7.58, 0.63924, -14.46],
			"rotation": {"angle": -45, "axis": "z", "origin": [8, 0.5, -0.45]},
			"faces": {
				"north": {"uv": [2, 14, 3, 15], "rotation": 270, "texture": "#2"},
				"east": {"uv": [2, 14, 3, 15], "rotation": 270, "texture": "#2"},
				"south": {"uv": [2, 14, 3, 15], "rotation": 270, "texture": "#2"},
				"west": {"uv": [2, 14, 3, 15], "rotation": 270, "texture": "#2"},
				"up": {"uv": [2, 14, 3, 15], "rotation": 270, "texture": "#2"},
				"down": {"uv": [2, 14, 3, 15], "rotation": 270, "texture": "#2"}
			}
		},
		{
			"name": "hexadecagon",
			"from": [7.86076, -0.2, -14.65],
			"to": [8.13924, 0.08, -14.46],
			"rotation": {"angle": 22.5, "axis": "z", "origin": [8, 0.5, -0.45]},
			"faces": {
				"north": {"uv": [2, 14, 3, 15], "rotation": 270, "texture": "#2"},
				"east": {"uv": [2, 14, 3, 15], "rotation": 270, "texture": "#2"},
				"south": {"uv": [2, 14, 3, 15], "rotation": 270, "texture": "#2"},
				"west": {"uv": [2, 14, 3, 15], "rotation": 270, "texture": "#2"},
				"up": {"uv": [2, 14, 3, 15], "rotation": 270, "texture": "#2"},
				"down": {"uv": [2, 14, 3, 15], "rotation": 270, "texture": "#2"}
			}
		},
		{
			"name": "hexadecagon",
			"from": [7.86076, -0.3, -14.65],
			"to": [8.13924, 0.08, -14.46],
			"faces": {
				"north": {"uv": [2, 14, 3, 15], "rotation": 270, "texture": "#2"},
				"east": {"uv": [2, 14, 3, 15], "rotation": 270, "texture": "#2"},
				"south": {"uv": [2, 14, 3, 15], "rotation": 270, "texture": "#2"},
				"west": {"uv": [2, 14, 3, 15], "rotation": 270, "texture": "#2"},
				"up": {"uv": [2, 14, 3, 15], "rotation": 270, "texture": "#2"},
				"down": {"uv": [2, 14, 3, 15], "rotation": 270, "texture": "#2"}
			}
		},
		{
			"name": "hexadecagon",
			"from": [7.86076, -0.2, -14.65],
			"to": [8.13924, 0.08, -14.46],
			"rotation": {"angle": -22.5, "axis": "z", "origin": [8, 0.5, -0.45]},
			"faces": {
				"north": {"uv": [2, 14, 3, 15], "rotation": 270, "texture": "#2"},
				"east": {"uv": [2, 14, 3, 15], "rotation": 270, "texture": "#2"},
				"south": {"uv": [2, 14, 3, 15], "rotation": 270, "texture": "#2"},
				"west": {"uv": [2, 14, 3, 15], "rotation": 270, "texture": "#2"},
				"up": {"uv": [2, 14, 3, 15], "rotation": 270, "texture": "#2"},
				"down": {"uv": [2, 14, 3, 15], "rotation": 270, "texture": "#2"}
			}
		},
		{
			"name": "hexadecagon",
			"from": [7.86076, 0.92, -14.65],
			"to": [8.13924, 1.2, -14.46],
			"rotation": {"angle": 22.5, "axis": "z", "origin": [8, 0.5, -0.45]},
			"faces": {
				"north": {"uv": [2, 14, 3, 15], "rotation": 270, "texture": "#2"},
				"east": {"uv": [2, 14, 3, 15], "rotation": 270, "texture": "#2"},
				"south": {"uv": [2, 14, 3, 15], "rotation": 270, "texture": "#2"},
				"west": {"uv": [2, 14, 3, 15], "rotation": 270, "texture": "#2"},
				"up": {"uv": [2, 14, 3, 15], "rotation": 270, "texture": "#2"},
				"down": {"uv": [2, 14, 3, 15], "rotation": 270, "texture": "#2"}
			}
		},
		{
			"name": "hexadecagon",
			"from": [7.86076, 0.92, -14.65],
			"to": [8.13924, 1.3, -14.46],
			"faces": {
				"north": {"uv": [2, 14, 3, 15], "rotation": 270, "texture": "#2"},
				"east": {"uv": [2, 14, 3, 15], "rotation": 270, "texture": "#2"},
				"south": {"uv": [2, 14, 3, 15], "rotation": 270, "texture": "#2"},
				"west": {"uv": [2, 14, 3, 15], "rotation": 270, "texture": "#2"},
				"up": {"uv": [2, 14, 3, 15], "rotation": 270, "texture": "#2"},
				"down": {"uv": [2, 14, 3, 15], "rotation": 270, "texture": "#2"}
			}
		},
		{
			"name": "hexadecagon",
			"from": [7.86076, 0.92, -14.65],
			"to": [8.13924, 1.2, -14.46],
			"rotation": {"angle": -22.5, "axis": "z", "origin": [8, 0.5, -0.45]},
			"faces": {
				"north": {"uv": [2, 14, 3, 15], "rotation": 270, "texture": "#2"},
				"east": {"uv": [2, 14, 3, 15], "rotation": 270, "texture": "#2"},
				"south": {"uv": [2, 14, 3, 15], "rotation": 270, "texture": "#2"},
				"west": {"uv": [2, 14, 3, 15], "rotation": 270, "texture": "#2"},
				"up": {"uv": [2, 14, 3, 15], "rotation": 270, "texture": "#2"},
				"down": {"uv": [2, 14, 3, 15], "rotation": 270, "texture": "#2"}
			}
		},
		{
			"from": [7.4, -8.72513, 5.5864],
			"to": [8.6, -3.77513, 9.0864],
			"faces": {
				"north": {"uv": [12.44408, 0, 15.94408, 4.94984], "rotation": 270, "texture": "#0"},
				"east": {"uv": [12.44408, 0, 15.94408, 4.94984], "rotation": 270, "texture": "#0"},
				"south": {"uv": [12.44408, 0, 15.94408, 4.94984], "rotation": 270, "texture": "#0"},
				"west": {"uv": [12.44408, 0, 15.94408, 4.94984], "rotation": 270, "texture": "#0"},
				"up": {"uv": [12.44408, 0, 15.94408, 4.94984], "rotation": 270, "texture": "#0"},
				"down": {"uv": [12.44408, 0, 15.94408, 4.94984], "rotation": 270, "texture": "#0"}
			}
		},
		{
			"name": "hexadecagon",
			"from": [8.42, 0.36076, -14.25],
			"to": [8.7, 0.63924, -12.86],
			"rotation": {"angle": 45, "axis": "z", "origin": [8, 0.5, -0.05]},
			"faces": {
				"north": {"uv": [0, 0, 1, 1], "rotation": 90, "texture": "#0"},
				"east": {"uv": [0, 0, 1, 1], "rotation": 90, "texture": "#0"},
				"south": {"uv": [0, 0, 1, 1], "rotation": 270, "texture": "#0"},
				"west": {"uv": [0, 0, 1, 1], "rotation": 270, "texture": "#0"},
				"up": {"uv": [0, 0, 1, 1], "texture": "#0"},
				"down": {"uv": [0, 0, 1, 1], "rotation": 180, "texture": "#0"}
			}
		},
		{
			"name": "hexadecagon",
			"from": [8.42, 0.36076, -14.25],
			"to": [8.7, 0.63924, -12.86],
			"rotation": {"angle": 22.5, "axis": "z", "origin": [8, 0.5, -0.05]},
			"faces": {
				"north": {"uv": [0, 0, 1, 1], "rotation": 90, "texture": "#0"},
				"east": {"uv": [0, 0, 1, 1], "rotation": 90, "texture": "#0"},
				"south": {"uv": [0, 0, 1, 1], "rotation": 270, "texture": "#0"},
				"west": {"uv": [0, 0, 1, 1], "rotation": 270, "texture": "#0"},
				"up": {"uv": [0, 0, 1, 1], "texture": "#0"},
				"down": {"uv": [0, 0, 1, 1], "rotation": 180, "texture": "#0"}
			}
		},
		{
			"name": "hexadecagon",
			"from": [8.42, 0.36076, -14.25],
			"to": [8.7, 0.63924, -12.86],
			"faces": {
				"north": {"uv": [0, 0, 1, 1], "rotation": 90, "texture": "#0"},
				"east": {"uv": [0, 0, 1, 1], "rotation": 90, "texture": "#0"},
				"south": {"uv": [0, 0, 1, 1], "rotation": 270, "texture": "#0"},
				"west": {"uv": [0, 0, 1, 1], "rotation": 270, "texture": "#0"},
				"up": {"uv": [0, 0, 1, 1], "texture": "#0"},
				"down": {"uv": [0, 0, 1, 1], "rotation": 180, "texture": "#0"}
			}
		},
		{
			"name": "hexadecagon",
			"from": [8.42, 0.36076, -14.25],
			"to": [8.7, 0.63924, -12.86],
			"rotation": {"angle": -22.5, "axis": "z", "origin": [8, 0.5, -0.05]},
			"faces": {
				"north": {"uv": [0, 0, 1, 1], "rotation": 90, "texture": "#0"},
				"east": {"uv": [0, 0, 1, 1], "rotation": 90, "texture": "#0"},
				"south": {"uv": [0, 0, 1, 1], "rotation": 270, "texture": "#0"},
				"west": {"uv": [0, 0, 1, 1], "rotation": 270, "texture": "#0"},
				"up": {"uv": [0, 0, 1, 1], "texture": "#0"},
				"down": {"uv": [0, 0, 1, 1], "rotation": 180, "texture": "#0"}
			}
		},
		{
			"name": "hexadecagon",
			"from": [8.42, 0.36076, -14.25],
			"to": [8.7, 0.63924, -12.86],
			"rotation": {"angle": -45, "axis": "z", "origin": [8, 0.5, -0.05]},
			"faces": {
				"north": {"uv": [0, 0, 1, 1], "rotation": 90, "texture": "#0"},
				"east": {"uv": [0, 0, 1, 1], "rotation": 90, "texture": "#0"},
				"south": {"uv": [0, 0, 1, 1], "rotation": 270, "texture": "#0"},
				"west": {"uv": [0, 0, 1, 1], "rotation": 270, "texture": "#0"},
				"up": {"uv": [0, 0, 1, 1], "texture": "#0"},
				"down": {"uv": [0, 0, 1, 1], "rotation": 180, "texture": "#0"}
			}
		},
		{
			"name": "hexadecagon",
			"from": [7.3, 0.36076, -14.25],
			"to": [7.58, 0.63924, -12.86],
			"rotation": {"angle": 45, "axis": "z", "origin": [8, 0.5, -0.05]},
			"faces": {
				"north": {"uv": [0, 0, 1, 1], "rotation": 90, "texture": "#0"},
				"east": {"uv": [0, 0, 1, 1], "rotation": 90, "texture": "#0"},
				"south": {"uv": [0, 0, 1, 1], "rotation": 270, "texture": "#0"},
				"west": {"uv": [0, 0, 1, 1], "rotation": 270, "texture": "#0"},
				"up": {"uv": [0, 0, 1, 1], "texture": "#0"},
				"down": {"uv": [0, 0, 1, 1], "rotation": 180, "texture": "#0"}
			}
		},
		{
			"name": "hexadecagon",
			"from": [7.3, 0.36076, -14.25],
			"to": [7.58, 0.63924, -12.86],
			"rotation": {"angle": 22.5, "axis": "z", "origin": [8, 0.5, -0.05]},
			"faces": {
				"north": {"uv": [0, 0, 1, 1], "rotation": 90, "texture": "#0"},
				"east": {"uv": [0, 0, 1, 1], "rotation": 90, "texture": "#0"},
				"south": {"uv": [0, 0, 1, 1], "rotation": 270, "texture": "#0"},
				"west": {"uv": [0, 0, 1, 1], "rotation": 270, "texture": "#0"},
				"up": {"uv": [0, 0, 1, 1], "texture": "#0"},
				"down": {"uv": [0, 0, 1, 1], "rotation": 180, "texture": "#0"}
			}
		},
		{
			"name": "hexadecagon",
			"from": [7.3, 0.36076, -14.25],
			"to": [7.58, 0.63924, -12.86],
			"faces": {
				"north": {"uv": [0, 0, 1, 1], "rotation": 90, "texture": "#0"},
				"east": {"uv": [0, 0, 1, 1], "rotation": 90, "texture": "#0"},
				"south": {"uv": [0, 0, 1, 1], "rotation": 270, "texture": "#0"},
				"west": {"uv": [0, 0, 1, 1], "rotation": 270, "texture": "#0"},
				"up": {"uv": [0, 0, 1, 1], "texture": "#0"},
				"down": {"uv": [0, 0, 1, 1], "rotation": 180, "texture": "#0"}
			}
		},
		{
			"name": "hexadecagon",
			"from": [7.3, 0.36076, -14.25],
			"to": [7.58, 0.63924, -12.86],
			"rotation": {"angle": -22.5, "axis": "z", "origin": [8, 0.5, -0.05]},
			"faces": {
				"north": {"uv": [0, 0, 1, 1], "rotation": 90, "texture": "#0"},
				"east": {"uv": [0, 0, 1, 1], "rotation": 90, "texture": "#0"},
				"south": {"uv": [0, 0, 1, 1], "rotation": 270, "texture": "#0"},
				"west": {"uv": [0, 0, 1, 1], "rotation": 270, "texture": "#0"},
				"up": {"uv": [0, 0, 1, 1], "texture": "#0"},
				"down": {"uv": [0, 0, 1, 1], "rotation": 180, "texture": "#0"}
			}
		},
		{
			"name": "hexadecagon",
			"from": [7.3, 0.36076, -14.25],
			"to": [7.58, 0.63924, -12.86],
			"rotation": {"angle": -45, "axis": "z", "origin": [8, 0.5, -0.05]},
			"faces": {
				"north": {"uv": [0, 0, 1, 1], "rotation": 90, "texture": "#0"},
				"east": {"uv": [0, 0, 1, 1], "rotation": 90, "texture": "#0"},
				"south": {"uv": [0, 0, 1, 1], "rotation": 270, "texture": "#0"},
				"west": {"uv": [0, 0, 1, 1], "rotation": 270, "texture": "#0"},
				"up": {"uv": [0, 0, 1, 1], "texture": "#0"},
				"down": {"uv": [0, 0, 1, 1], "rotation": 180, "texture": "#0"}
			}
		},
		{
			"name": "hexadecagon",
			"from": [7.86076, -0.2, -14.25],
			"to": [8.13924, 0.08, -12.86],
			"rotation": {"angle": 22.5, "axis": "z", "origin": [8, 0.5, -0.05]},
			"faces": {
				"north": {"uv": [0, 0, 1, 1], "rotation": 90, "texture": "#0"},
				"east": {"uv": [0, 0, 1, 1], "rotation": 90, "texture": "#0"},
				"south": {"uv": [0, 0, 1, 1], "rotation": 270, "texture": "#0"},
				"west": {"uv": [0, 0, 1, 1], "rotation": 270, "texture": "#0"},
				"up": {"uv": [0, 0, 1, 1], "texture": "#0"},
				"down": {"uv": [0, 0, 1, 1], "rotation": 180, "texture": "#0"}
			}
		},
		{
			"name": "hexadecagon",
			"from": [7.86076, -0.2, -14.25],
			"to": [8.13924, 0.08, -12.86],
			"faces": {
				"north": {"uv": [0, 0, 1, 1], "rotation": 90, "texture": "#0"},
				"east": {"uv": [0, 0, 1, 1], "rotation": 90, "texture": "#0"},
				"south": {"uv": [0, 0, 1, 1], "rotation": 270, "texture": "#0"},
				"west": {"uv": [0, 0, 1, 1], "rotation": 270, "texture": "#0"},
				"up": {"uv": [0, 0, 1, 1], "texture": "#0"},
				"down": {"uv": [0, 0, 1, 1], "rotation": 180, "texture": "#0"}
			}
		},
		{
			"name": "hexadecagon",
			"from": [7.86076, -0.2, -14.25],
			"to": [8.13924, 0.08, -12.86],
			"rotation": {"angle": -22.5, "axis": "z", "origin": [8, 0.5, -0.05]},
			"faces": {
				"north": {"uv": [0, 0, 1, 1], "rotation": 90, "texture": "#0"},
				"east": {"uv": [0, 0, 1, 1], "rotation": 90, "texture": "#0"},
				"south": {"uv": [0, 0, 1, 1], "rotation": 270, "texture": "#0"},
				"west": {"uv": [0, 0, 1, 1], "rotation": 270, "texture": "#0"},
				"up": {"uv": [0, 0, 1, 1], "texture": "#0"},
				"down": {"uv": [0, 0, 1, 1], "rotation": 180, "texture": "#0"}
			}
		},
		{
			"name": "hexadecagon",
			"from": [7.86076, 0.92, -14.25],
			"to": [8.13924, 1.2, -12.86],
			"rotation": {"angle": 22.5, "axis": "z", "origin": [8, 0.5, -0.05]},
			"faces": {
				"north": {"uv": [0, 0, 1, 1], "rotation": 90, "texture": "#0"},
				"east": {"uv": [0, 0, 1, 1], "rotation": 90, "texture": "#0"},
				"south": {"uv": [0, 0, 1, 1], "rotation": 270, "texture": "#0"},
				"west": {"uv": [0, 0, 1, 1], "rotation": 270, "texture": "#0"},
				"up": {"uv": [0, 0, 1, 1], "texture": "#0"},
				"down": {"uv": [0, 0, 1, 1], "rotation": 180, "texture": "#0"}
			}
		},
		{
			"name": "hexadecagon",
			"from": [7.61076, 0.92, -14.25],
			"to": [8.38924, 2.7, -13.56],
			"faces": {
				"north": {"uv": [0, 0, 1, 1], "rotation": 90, "texture": "#0"},
				"east": {"uv": [0, 0, 1, 1], "rotation": 90, "texture": "#0"},
				"south": {"uv": [0, 0, 1, 1], "rotation": 270, "texture": "#0"},
				"west": {"uv": [0, 0, 1, 1], "rotation": 270, "texture": "#0"},
				"up": {"uv": [0, 0, 1, 1], "texture": "#0"},
				"down": {"uv": [0, 0, 1, 1], "rotation": 180, "texture": "#0"}
			}
		},
		{
			"name": "hexadecagon",
			"from": [7.86076, 0.92, -14.25],
			"to": [8.13924, 1.2, -12.86],
			"rotation": {"angle": -22.5, "axis": "z", "origin": [8, 0.5, -0.05]},
			"faces": {
				"north": {"uv": [0, 0, 1, 1], "rotation": 90, "texture": "#0"},
				"east": {"uv": [0, 0, 1, 1], "rotation": 90, "texture": "#0"},
				"south": {"uv": [0, 0, 1, 1], "rotation": 270, "texture": "#0"},
				"west": {"uv": [0, 0, 1, 1], "rotation": 270, "texture": "#0"},
				"up": {"uv": [0, 0, 1, 1], "texture": "#0"},
				"down": {"uv": [0, 0, 1, 1], "rotation": 180, "texture": "#0"}
			}
		},
		{
			"name": "hexadecagon",
			"from": [7.61076, 0.85572, -13.88315],
			"to": [8.38924, 2.63572, -13.19315],
			"rotation": {"angle": -22.5, "axis": "x", "origin": [8, 1.74572, -13.53815]},
			"faces": {
				"north": {"uv": [0, 0, 1, 1], "rotation": 90, "texture": "#0"},
				"east": {"uv": [0, 0, 1, 1], "rotation": 90, "texture": "#0"},
				"south": {"uv": [0, 0, 1, 1], "rotation": 270, "texture": "#0"},
				"west": {"uv": [0, 0, 1, 1], "rotation": 270, "texture": "#0"},
				"up": {"uv": [0, 0, 1, 1], "texture": "#0"},
				"down": {"uv": [0, 0, 1, 1], "rotation": 180, "texture": "#0"}
			}
		},
		{
			"name": "hexadecagon",
			"from": [7.86076, 0.92, -14.25],
			"to": [8.13924, 1.2, -12.86],
			"faces": {
				"north": {"uv": [0, 0, 1, 1], "rotation": 90, "texture": "#0"},
				"east": {"uv": [0, 0, 1, 1], "rotation": 90, "texture": "#0"},
				"south": {"uv": [0, 0, 1, 1], "rotation": 270, "texture": "#0"},
				"west": {"uv": [0, 0, 1, 1], "rotation": 270, "texture": "#0"},
				"up": {"uv": [0, 0, 1, 1], "texture": "#0"},
				"down": {"uv": [0, 0, 1, 1], "rotation": 180, "texture": "#0"}
			}
		},
		{
			"name": "hexadecagon",
			"from": [8.28924, 2.7, -14.25],
			"to": [8.38924, 3.23, -13.56],
			"faces": {
				"north": {"uv": [0, 0, 1, 1], "rotation": 90, "texture": "#0"},
				"east": {"uv": [0, 0, 1, 1], "rotation": 90, "texture": "#0"},
				"south": {"uv": [0, 0, 1, 1], "rotation": 270, "texture": "#0"},
				"west": {"uv": [0, 0, 1, 1], "rotation": 270, "texture": "#0"},
				"up": {"uv": [0, 0, 1, 1], "texture": "#0"},
				"down": {"uv": [0, 0, 1, 1], "rotation": 180, "texture": "#0"}
			}
		},
		{
			"name": "hexadecagon",
			"from": [7.61076, 2.7, -14.25],
			"to": [7.71076, 3.23, -13.56],
			"faces": {
				"north": {"uv": [0, 0, 1, 1], "rotation": 90, "texture": "#0"},
				"east": {"uv": [0, 0, 1, 1], "rotation": 90, "texture": "#0"},
				"south": {"uv": [0, 0, 1, 1], "rotation": 270, "texture": "#0"},
				"west": {"uv": [0, 0, 1, 1], "rotation": 270, "texture": "#0"},
				"up": {"uv": [0, 0, 1, 1], "texture": "#0"},
				"down": {"uv": [0, 0, 1, 1], "rotation": 180, "texture": "#0"}
			}
		},
		{
			"name": "hexadecagon",
			"from": [7.6013, 3.25285, -14.25],
			"to": [7.87977, 3.38285, -13.56],
			"rotation": {"angle": 45, "axis": "z", "origin": [7.79054, 3.31785, -13.905]},
			"faces": {
				"north": {"uv": [0, 0, 1, 1], "rotation": 90, "texture": "#0"},
				"east": {"uv": [0, 0, 1, 1], "rotation": 90, "texture": "#0"},
				"south": {"uv": [0, 0, 1, 1], "rotation": 270, "texture": "#0"},
				"west": {"uv": [0, 0, 1, 1], "rotation": 270, "texture": "#0"},
				"up": {"uv": [0, 0, 1, 1], "texture": "#0"},
				"down": {"uv": [0, 0, 1, 1], "rotation": 180, "texture": "#0"}
			}
		},
		{
			"name": "hexadecagon",
			"from": [8.12023, 3.25285, -14.25],
			"to": [8.3987, 3.38285, -13.56],
			"rotation": {"angle": -45, "axis": "z", "origin": [8.20946, 3.31785, -13.905]},
			"faces": {
				"north": {"uv": [0, 0, 1, 1], "rotation": 90, "texture": "#0"},
				"east": {"uv": [0, 0, 1, 1], "rotation": 90, "texture": "#0"},
				"south": {"uv": [0, 0, 1, 1], "rotation": 270, "texture": "#0"},
				"west": {"uv": [0, 0, 1, 1], "rotation": 270, "texture": "#0"},
				"up": {"uv": [0, 0, 1, 1], "texture": "#0"},
				"down": {"uv": [0, 0, 1, 1], "rotation": 180, "texture": "#0"}
			}
		},
		{
			"name": "hexadecagon",
			"from": [7.80767, 3.29691, -14.25],
			"to": [8.19233, 3.42691, -13.56],
			"faces": {
				"north": {"uv": [0, 0, 1, 1], "rotation": 90, "texture": "#0"},
				"east": {"uv": [0, 0, 1, 1], "rotation": 90, "texture": "#0"},
				"south": {"uv": [0, 0, 1, 1], "rotation": 270, "texture": "#0"},
				"west": {"uv": [0, 0, 1, 1], "rotation": 270, "texture": "#0"},
				"up": {"uv": [0, 0, 1, 1], "texture": "#0"},
				"down": {"uv": [0, 0, 1, 1], "rotation": 180, "texture": "#0"}
			}
		},
		{
			"name": "hexadecagon",
			"from": [7.9392, 2.7, -14.25],
			"to": [8.0392, 3, -13.56],
			"faces": {
				"north": {"uv": [0, 0, 1, 1], "rotation": 90, "texture": "#0"},
				"east": {"uv": [0, 0, 1, 1], "rotation": 90, "texture": "#0"},
				"south": {"uv": [0, 0, 1, 1], "rotation": 270, "texture": "#0"},
				"west": {"uv": [0, 0, 1, 1], "rotation": 270, "texture": "#0"},
				"up": {"uv": [0, 0, 1, 1], "texture": "#0"},
				"down": {"uv": [0, 0, 1, 1], "rotation": 180, "texture": "#0"}
			}
		},
		{
			"name": "hexadecagon",
			"from": [7.7892, 1.9, -11.35],
			"to": [8.0892, 2.2, -7.41],
			"faces": {
				"north": {"uv": [0, 0, 1, 1], "rotation": 270, "texture": "#2"},
				"east": {"uv": [0, 0, 1, 1], "rotation": 270, "texture": "#2"},
				"south": {"uv": [0, 0, 1, 1], "rotation": 270, "texture": "#2"},
				"west": {"uv": [0, 0, 1, 1], "rotation": 270, "texture": "#2"},
				"up": {"uv": [0, 0, 1, 1], "rotation": 270, "texture": "#2"},
				"down": {"uv": [0, 0, 1, 1], "rotation": 270, "texture": "#2"}
			}
		},
		{
			"from": [7.5, 0.86584, 2.01978],
			"to": [8.5, 2.11584, 2.61978],
			"rotation": {"angle": 22.5, "axis": "x", "origin": [7.5, 1.49084, -2.38022]},
			"faces": {
				"north": {"uv": [0, 0, 0.6, 1.25], "texture": "#2"},
				"east": {"uv": [0, 0, 0.6, 1.25], "texture": "#2"},
				"south": {"uv": [0, 0, 0.6, 1.25], "texture": "#2"},
				"west": {"uv": [0, 0, 0.6, 1.25], "texture": "#2"},
				"up": {"uv": [0, 0, 0.6, 1.25], "texture": "#2"},
				"down": {"uv": [0, 0, 0.6, 1.25], "texture": "#2"}
			}
		},
		{
			"name": "hexadecagon",
			"from": [8.3, 0.40054, -15.1],
			"to": [8.5, 0.59946, -7.35],
			"rotation": {"angle": 45, "axis": "z", "origin": [8, 0.5, 1]},
			"faces": {
				"north": {"uv": [0, 0, 0.75, 13.19737], "rotation": 270, "texture": "#2"},
				"east": {"uv": [0, 0, 0.75, 13.19737], "rotation": 270, "texture": "#2"},
				"south": {"uv": [0, 0, 0.75, 13.19737], "rotation": 270, "texture": "#2"},
				"west": {"uv": [0, 0, 0.75, 13.19737], "rotation": 270, "texture": "#2"},
				"up": {"uv": [0, 0, 0.75, 13.19737], "rotation": 270, "texture": "#2"},
				"down": {"uv": [0, 0, 0.75, 13.19737], "rotation": 270, "texture": "#2"}
			}
		},
		{
			"name": "hexadecagon",
			"from": [8.3, 0.40054, -15.1],
			"to": [8.5, 0.59946, -7.35],
			"rotation": {"angle": 22.5, "axis": "z", "origin": [8, 0.5, 1]},
			"faces": {
				"north": {"uv": [0, 0, 0.75, 13.19737], "rotation": 270, "texture": "#2"},
				"east": {"uv": [0, 0, 0.75, 13.19737], "rotation": 270, "texture": "#2"},
				"south": {"uv": [0, 0, 0.75, 13.19737], "rotation": 270, "texture": "#2"},
				"west": {"uv": [0, 0, 0.75, 13.19737], "rotation": 270, "texture": "#2"},
				"up": {"uv": [0, 0, 0.75, 13.19737], "rotation": 270, "texture": "#2"},
				"down": {"uv": [0, 0, 0.75, 13.19737], "rotation": 270, "texture": "#2"}
			}
		},
		{
			"name": "hexadecagon",
			"from": [8.3, 0.40054, -15.1],
			"to": [8.5, 0.59946, -7.35],
			"faces": {
				"north": {"uv": [0, 0, 0.75, 13.19737], "rotation": 270, "texture": "#2"},
				"east": {"uv": [0, 0, 0.75, 13.19737], "rotation": 270, "texture": "#2"},
				"south": {"uv": [0, 0, 0.75, 13.19737], "rotation": 270, "texture": "#2"},
				"west": {"uv": [0, 0, 0.75, 13.19737], "rotation": 270, "texture": "#2"},
				"up": {"uv": [0, 0, 0.75, 13.19737], "rotation": 270, "texture": "#2"},
				"down": {"uv": [0, 0, 0.75, 13.19737], "rotation": 270, "texture": "#2"}
			}
		},
		{
			"name": "hexadecagon",
			"from": [8.3, 0.40054, -15.1],
			"to": [8.5, 0.59946, -7.35],
			"rotation": {"angle": -22.5, "axis": "z", "origin": [8, 0.5, 1]},
			"faces": {
				"north": {"uv": [0, 0, 0.75, 13.19737], "rotation": 270, "texture": "#2"},
				"east": {"uv": [0, 0, 0.75, 13.19737], "rotation": 270, "texture": "#2"},
				"south": {"uv": [0, 0, 0.75, 13.19737], "rotation": 270, "texture": "#2"},
				"west": {"uv": [0, 0, 0.75, 13.19737], "rotation": 270, "texture": "#2"},
				"up": {"uv": [0, 0, 0.75, 13.19737], "rotation": 270, "texture": "#2"},
				"down": {"uv": [0, 0, 0.75, 13.19737], "rotation": 270, "texture": "#2"}
			}
		},
		{
			"name": "hexadecagon",
			"from": [8.3, 0.40054, -15.1],
			"to": [8.5, 0.59946, -7.35],
			"rotation": {"angle": -45, "axis": "z", "origin": [8, 0.5, 1]},
			"faces": {
				"north": {"uv": [0, 0, 0.75, 13.19737], "rotation": 270, "texture": "#2"},
				"east": {"uv": [0, 0, 0.75, 13.19737], "rotation": 270, "texture": "#2"},
				"south": {"uv": [0, 0, 0.75, 13.19737], "rotation": 270, "texture": "#2"},
				"west": {"uv": [0, 0, 0.75, 13.19737], "rotation": 270, "texture": "#2"},
				"up": {"uv": [0, 0, 0.75, 13.19737], "rotation": 270, "texture": "#2"},
				"down": {"uv": [0, 0, 0.75, 13.19737], "rotation": 270, "texture": "#2"}
			}
		},
		{
			"name": "hexadecagon",
			"from": [7.5, 0.40054, -15.1],
			"to": [7.7, 0.59946, -7.35],
			"rotation": {"angle": 45, "axis": "z", "origin": [8, 0.5, 1]},
			"faces": {
				"north": {"uv": [0, 0, 0.75, 13.19737], "rotation": 270, "texture": "#2"},
				"east": {"uv": [0, 0, 0.75, 13.19737], "rotation": 270, "texture": "#2"},
				"south": {"uv": [0, 0, 0.75, 13.19737], "rotation": 270, "texture": "#2"},
				"west": {"uv": [0, 0, 0.75, 13.19737], "rotation": 270, "texture": "#2"},
				"up": {"uv": [0, 0, 0.75, 13.19737], "rotation": 270, "texture": "#2"},
				"down": {"uv": [0, 0, 0.75, 13.19737], "rotation": 270, "texture": "#2"}
			}
		},
		{
			"name": "hexadecagon",
			"from": [7.5, 0.40054, -14.1],
			"to": [7.7, 0.59946, -6.35],
			"rotation": {"angle": 22.5, "axis": "z", "origin": [8, 0.5, 1]},
			"faces": {
				"north": {"uv": [0, 0, 0.75, 13.19737], "rotation": 270, "texture": "#2"},
				"east": {"uv": [0, 0, 0.75, 13.19737], "rotation": 270, "texture": "#2"},
				"south": {"uv": [0, 0, 0.75, 13.19737], "rotation": 270, "texture": "#2"},
				"west": {"uv": [0, 0, 0.75, 13.19737], "rotation": 270, "texture": "#2"},
				"up": {"uv": [0, 0, 0.75, 13.19737], "rotation": 270, "texture": "#2"},
				"down": {"uv": [0, 0, 0.75, 13.19737], "rotation": 270, "texture": "#2"}
			}
		},
		{
			"name": "hexadecagon",
			"from": [7.5, 0.40054, -15.1],
			"to": [7.7, 0.59946, -7.35],
			"faces": {
				"north": {"uv": [0, 0, 0.75, 13.19737], "rotation": 270, "texture": "#2"},
				"east": {"uv": [0, 0, 0.75, 13.19737], "rotation": 270, "texture": "#2"},
				"south": {"uv": [0, 0, 0.75, 13.19737], "rotation": 270, "texture": "#2"},
				"west": {"uv": [0, 0, 0.75, 13.19737], "rotation": 270, "texture": "#2"},
				"up": {"uv": [0, 0, 0.75, 13.19737], "rotation": 270, "texture": "#2"},
				"down": {"uv": [0, 0, 0.75, 13.19737], "rotation": 270, "texture": "#2"}
			}
		},
		{
			"name": "hexadecagon",
			"from": [7.5, 0.40054, -15.1],
			"to": [7.7, 0.59946, -7.35],
			"rotation": {"angle": -22.5, "axis": "z", "origin": [8, 0.5, 1]},
			"faces": {
				"north": {"uv": [0, 0, 0.75, 13.19737], "rotation": 270, "texture": "#2"},
				"east": {"uv": [0, 0, 0.75, 13.19737], "rotation": 270, "texture": "#2"},
				"south": {"uv": [0, 0, 0.75, 13.19737], "rotation": 270, "texture": "#2"},
				"west": {"uv": [0, 0, 0.75, 13.19737], "rotation": 270, "texture": "#2"},
				"up": {"uv": [0, 0, 0.75, 13.19737], "rotation": 270, "texture": "#2"},
				"down": {"uv": [0, 0, 0.75, 13.19737], "rotation": 270, "texture": "#2"}
			}
		},
		{
			"name": "hexadecagon",
			"from": [7.5, 0.40054, -15.1],
			"to": [7.7, 0.59946, -7.35],
			"rotation": {"angle": -45, "axis": "z", "origin": [8, 0.5, 1]},
			"faces": {
				"north": {"uv": [0, 0, 0.75, 13.19737], "rotation": 270, "texture": "#2"},
				"east": {"uv": [0, 0, 0.75, 13.19737], "rotation": 270, "texture": "#2"},
				"south": {"uv": [0, 0, 0.75, 13.19737], "rotation": 270, "texture": "#2"},
				"west": {"uv": [0, 0, 0.75, 13.19737], "rotation": 270, "texture": "#2"},
				"up": {"uv": [0, 0, 0.75, 13.19737], "rotation": 270, "texture": "#2"},
				"down": {"uv": [0, 0, 0.75, 13.19737], "rotation": 270, "texture": "#2"}
			}
		},
		{
			"name": "hexadecagon",
			"from": [7.90054, 0, -15.1],
			"to": [8.09946, 0.2, -7.35],
			"rotation": {"angle": 22.5, "axis": "z", "origin": [8, 0.5, 1]},
			"faces": {
				"north": {"uv": [0, 0, 0.75, 13.19737], "rotation": 270, "texture": "#2"},
				"east": {"uv": [0, 0, 0.75, 13.19737], "rotation": 270, "texture": "#2"},
				"south": {"uv": [0, 0, 0.75, 13.19737], "rotation": 270, "texture": "#2"},
				"west": {"uv": [0, 0, 0.75, 13.19737], "rotation": 270, "texture": "#2"},
				"up": {"uv": [0, 0, 0.75, 13.19737], "rotation": 270, "texture": "#2"},
				"down": {"uv": [0, 0, 0.75, 13.19737], "rotation": 270, "texture": "#2"}
			}
		},
		{
			"name": "hexadecagon",
			"from": [7.90054, 0, -15.1],
			"to": [8.09946, 0.2, -7.35],
			"faces": {
				"north": {"uv": [0, 0, 0.75, 13.19737], "rotation": 270, "texture": "#2"},
				"east": {"uv": [0, 0, 0.75, 13.19737], "rotation": 270, "texture": "#2"},
				"south": {"uv": [0, 0, 0.75, 13.19737], "rotation": 270, "texture": "#2"},
				"west": {"uv": [0, 0, 0.75, 13.19737], "rotation": 270, "texture": "#2"},
				"up": {"uv": [0, 0, 0.75, 13.19737], "rotation": 270, "texture": "#2"},
				"down": {"uv": [0, 0, 0.75, 13.19737], "rotation": 270, "texture": "#2"}
			}
		},
		{
			"name": "hexadecagon",
			"from": [7.90054, 0, -15.1],
			"to": [8.09946, 0.2, -7.35],
			"rotation": {"angle": -22.5, "axis": "z", "origin": [8, 0.5, 1]},
			"faces": {
				"north": {"uv": [0, 0, 0.75, 13.19737], "rotation": 270, "texture": "#2"},
				"east": {"uv": [0, 0, 0.75, 13.19737], "rotation": 270, "texture": "#2"},
				"south": {"uv": [0, 0, 0.75, 13.19737], "rotation": 270, "texture": "#2"},
				"west": {"uv": [0, 0, 0.75, 13.19737], "rotation": 270, "texture": "#2"},
				"up": {"uv": [0, 0, 0.75, 13.19737], "rotation": 270, "texture": "#2"},
				"down": {"uv": [0, 0, 0.75, 13.19737], "rotation": 270, "texture": "#2"}
			}
		},
		{
			"name": "hexadecagon",
			"from": [7.90054, 0.8, -15.1],
			"to": [8.09946, 1, -7.35],
			"rotation": {"angle": 22.5, "axis": "z", "origin": [8, 0.5, 1]},
			"faces": {
				"north": {"uv": [0, 0, 0.75, 13.19737], "rotation": 270, "texture": "#2"},
				"east": {"uv": [0, 0, 0.75, 13.19737], "rotation": 270, "texture": "#2"},
				"south": {"uv": [0, 0, 0.75, 13.19737], "rotation": 270, "texture": "#2"},
				"west": {"uv": [0, 0, 0.75, 13.19737], "rotation": 270, "texture": "#2"},
				"up": {"uv": [0, 0, 0.75, 13.19737], "rotation": 270, "texture": "#2"},
				"down": {"uv": [0, 0, 0.75, 13.19737], "rotation": 270, "texture": "#2"}
			}
		},
		{
			"name": "hexadecagon",
			"from": [7.90054, 0.8, -15.1],
			"to": [8.09946, 1, -7.35],
			"faces": {
				"north": {"uv": [0, 0, 0.75, 13.19737], "rotation": 270, "texture": "#2"},
				"east": {"uv": [0, 0, 0.75, 13.19737], "rotation": 270, "texture": "#2"},
				"south": {"uv": [0, 0, 0.75, 13.19737], "rotation": 270, "texture": "#2"},
				"west": {"uv": [0, 0, 0.75, 13.19737], "rotation": 270, "texture": "#2"},
				"up": {"uv": [0, 0, 0.75, 13.19737], "rotation": 270, "texture": "#2"},
				"down": {"uv": [0, 0, 0.75, 13.19737], "rotation": 270, "texture": "#2"}
			}
		},
		{
			"name": "hexadecagon",
			"from": [7.90054, 0.8, -15.1],
			"to": [8.09946, 1, -7.35],
			"rotation": {"angle": -22.5, "axis": "z", "origin": [8, 0.5, 1]},
			"faces": {
				"north": {"uv": [0, 0, 0.75, 13.19737], "rotation": 270, "texture": "#2"},
				"east": {"uv": [0, 0, 0.75, 13.19737], "rotation": 270, "texture": "#2"},
				"south": {"uv": [0, 0, 0.75, 13.19737], "rotation": 270, "texture": "#2"},
				"west": {"uv": [0, 0, 0.75, 13.19737], "rotation": 270, "texture": "#2"},
				"up": {"uv": [0, 0, 0.75, 13.19737], "rotation": 270, "texture": "#2"},
				"down": {"uv": [0, 0, 0.75, 13.19737], "rotation": 270, "texture": "#2"}
			}
		},
		{
			"from": [6.85911, 1.92802, -5.7],
			"to": [7.35911, 2.57802, 2.1],
			"rotation": {"angle": -22.5, "axis": "z", "origin": [7.10911, 0.95302, -2.5]},
			"faces": {
				"north": {"uv": [0, 14, 7.79937, 14.64967], "rotation": 180, "texture": "#2"},
				"east": {"uv": [0, 15, 7.79937, 15.64967], "rotation": 180, "texture": "#2"},
				"south": {"uv": [0, 14, 7.79937, 14.64967], "rotation": 180, "texture": "#2"},
				"west": {"uv": [0, 14, 7.79937, 14.64967], "rotation": 180, "texture": "#2"},
				"up": {"uv": [0, 13, 7.79937, 13.64967], "rotation": 180, "texture": "#2"},
				"down": {"uv": [0, 14, 7.79937, 14.64967], "rotation": 180, "texture": "#2"}
			}
		},
		{
			"from": [7.8539, -0.68067, -5.7],
			"to": [8.35506, -0.03019, 2],
			"rotation": {"angle": 22.5, "axis": "z", "origin": [8.1039, -1.65519, -2.5]},
			"faces": {
				"north": {"uv": [0, 14, 7.79937, 14.64967], "texture": "#2"},
				"east": {"uv": [0, 15, 7.79937, 15.64967], "texture": "#2"},
				"south": {"uv": [0, 14, 7.79937, 14.64967], "texture": "#2"},
				"west": {"uv": [0, 14, 7.79937, 14.64967], "texture": "#2"},
				"up": {"uv": [0, 13, 7.79937, 13.64967], "texture": "#2"},
				"down": {"uv": [0, 14, 7.79937, 14.64967], "texture": "#2"}
			}
		},
		{
			"from": [9.1779, -0.98512, -5.7],
			"to": [9.6779, -0.33512, 2],
			"rotation": {"angle": -22.5, "axis": "z", "origin": [9.4279, 2.03988, -2.5]},
			"faces": {
				"north": {"uv": [0, 14, 7.79937, 14.64967], "rotation": 180, "texture": "#2"},
				"east": {"uv": [0, 15, 7.79937, 15.64967], "rotation": 180, "texture": "#2"},
				"south": {"uv": [0, 14, 7.79937, 14.64967], "rotation": 180, "texture": "#2"},
				"west": {"uv": [0, 14, 7.79937, 14.64967], "rotation": 180, "texture": "#2"},
				"up": {"uv": [0, 13, 7.79937, 13.64967], "rotation": 180, "texture": "#2"},
				"down": {"uv": [0, 14, 7.79937, 14.64967], "rotation": 180, "texture": "#2"}
			}
		},
		{
			"from": [8.64107, 1.9271, -5.7],
			"to": [9.14223, 2.57758, 2],
			"rotation": {"angle": 22.5, "axis": "z", "origin": [8.89107, 0.95258, -2.5]},
			"faces": {
				"north": {"uv": [0, 14, 7.79937, 14.64967], "texture": "#2"},
				"east": {"uv": [0, 15, 7.79937, 15.64967], "texture": "#2"},
				"south": {"uv": [0, 14, 7.79937, 14.64967], "texture": "#2"},
				"west": {"uv": [0, 14, 7.79937, 14.64967], "texture": "#2"},
				"up": {"uv": [0, 13, 7.79937, 13.64967], "texture": "#2"},
				"down": {"uv": [0, 14, 7.79937, 14.64967], "texture": "#2"}
			}
		},
		{
			"from": [7.80811, -0.81177, -7.4],
			"to": [8.25399, -0.03063, -5.65],
			"rotation": {"angle": 22.5, "axis": "z", "origin": [8.00283, -1.65563, -2.9]},
			"faces": {
				"north": {"uv": [0, 14, 7.79937, 14.64967], "texture": "#2"},
				"east": {"uv": [0, 15, 7.79937, 15.64967], "texture": "#2"},
				"south": {"uv": [0, 14, 7.79937, 14.64967], "texture": "#2"},
				"west": {"uv": [0, 14, 7.79937, 14.64967], "texture": "#2"},
				"up": {"uv": [0, 13, 7.79937, 13.64967], "texture": "#2"},
				"down": {"uv": [0, 14, 7.79937, 14.64967], "texture": "#2"}
			}
		},
		{
			"from": [9.05065, 0.38739, -7.4],
			"to": [9.49653, 1.16852, -5.65],
			"rotation": {"angle": 22.5, "axis": "z", "origin": [5.24537, -0.45648, -2.9]},
			"faces": {
				"north": {"uv": [0, 14, 7.79937, 14.64967], "texture": "#2"},
				"east": {"uv": [0, 15, 7.79937, 15.64967], "texture": "#2"},
				"south": {"uv": [0, 14, 7.79937, 14.64967], "texture": "#2"},
				"west": {"uv": [0, 14, 7.79937, 14.64967], "texture": "#2"},
				"up": {"uv": [0, 13, 7.79937, 13.64967], "texture": "#2"},
				"down": {"uv": [0, 14, 7.79937, 14.64967], "texture": "#2"}
			}
		},
		{
			"from": [8.27163, -0.89494, -7.4],
			"to": [8.71751, -0.1138, -5.65],
			"rotation": {"angle": -22.5, "axis": "z", "origin": [8.49457, -0.50437, -6.525]},
			"faces": {
				"north": {"uv": [0, 14, 7.79937, 14.64967], "texture": "#2"},
				"east": {"uv": [0, 15, 7.79937, 15.64967], "texture": "#2"},
				"south": {"uv": [0, 14, 7.79937, 14.64967], "texture": "#2"},
				"west": {"uv": [0, 14, 7.79937, 14.64967], "texture": "#2"},
				"up": {"uv": [0, 13, 7.79937, 13.64967], "texture": "#2"},
				"down": {"uv": [0, 14, 7.79937, 14.64967], "texture": "#2"}
			}
		},
		{
			"from": [7.33357, 1.83495, -7.4],
			"to": [7.77945, 2.61609, -5.55],
			"rotation": {"angle": -22.5, "axis": "z", "origin": [7.55651, 2.22552, -6.525]},
			"faces": {
				"north": {"uv": [0, 14, 7.79937, 14.64967], "texture": "#2"},
				"east": {"uv": [0, 15, 7.79937, 15.64967], "texture": "#2"},
				"south": {"uv": [0, 14, 7.79937, 14.64967], "texture": "#2"},
				"west": {"uv": [0, 14, 7.79937, 14.64967], "texture": "#2"},
				"up": {"uv": [0, 13, 7.79937, 13.64967], "texture": "#2"},
				"down": {"uv": [0, 14, 7.79937, 14.64967], "texture": "#2"}
			}
		},
		{
			"from": [7, -0.72093, 3.5156],
			"to": [9, -0.27093, 5.1156],
			"rotation": {"angle": 45, "axis": "x", "origin": [7.5, -1.34593, 3.8156]},
			"faces": {
				"north": {"uv": [0, 14, 7.79937, 14.64967], "texture": "#2"},
				"east": {"uv": [0, 15, 7.79937, 15.64967], "texture": "#2"},
				"south": {"uv": [0, 14, 7.79937, 14.64967], "texture": "#2"},
				"west": {"uv": [0, 14, 7.79937, 14.64967], "texture": "#2"},
				"up": {"uv": [0, 13, 7.79937, 13.64967], "texture": "#2"},
				"down": {"uv": [0, 14, 7.79937, 14.64967], "texture": "#2"}
			}
		},
		{
			"from": [7.15, -8.72513, 6.5864],
			"to": [8.85, -3.77513, 6.8364],
			"faces": {
				"north": {"uv": [12.44408, 0, 15.94408, 4.94984], "rotation": 270, "texture": "#0"},
				"east": {"uv": [12.44408, 0, 15.94408, 4.94984], "rotation": 270, "texture": "#0"},
				"south": {"uv": [12.44408, 0, 15.94408, 4.94984], "rotation": 270, "texture": "#0"},
				"west": {"uv": [12.44408, 0, 15.94408, 4.94984], "rotation": 270, "texture": "#0"},
				"up": {"uv": [12.44408, 0, 15.94408, 4.94984], "rotation": 270, "texture": "#0"},
				"down": {"uv": [12.44408, 0, 15.94408, 4.94984], "rotation": 270, "texture": "#0"}
			}
		},
		{
			"from": [7.15, -9.12513, 8.0864],
			"to": [8.85, -3.77513, 8.3364],
			"faces": {
				"north": {"uv": [12.44408, 0, 15.94408, 4.94984], "rotation": 270, "texture": "#0"},
				"east": {"uv": [12.44408, 0, 15.94408, 4.94984], "rotation": 270, "texture": "#0"},
				"south": {"uv": [12.44408, 0, 15.94408, 4.94984], "rotation": 270, "texture": "#0"},
				"west": {"uv": [12.44408, 0, 15.94408, 4.94984], "rotation": 270, "texture": "#0"},
				"up": {"uv": [12.44408, 0, 15.94408, 4.94984], "rotation": 270, "texture": "#0"},
				"down": {"uv": [12.44408, 0, 15.94408, 4.94984], "rotation": 270, "texture": "#0"}
			}
		},
		{
			"from": [7.15, -14.32579, 5.86024],
			"to": [8.85, -9.47579, 6.11024],
			"rotation": {"angle": 22.5, "axis": "x", "origin": [8, -10.92579, 8.36024]},
			"faces": {
				"north": {"uv": [12.44408, 0, 15.94408, 4.94984], "rotation": 270, "texture": "#0"},
				"east": {"uv": [12.44408, 0, 15.94408, 4.94984], "rotation": 270, "texture": "#0"},
				"south": {"uv": [12.44408, 0, 15.94408, 4.94984], "rotation": 270, "texture": "#0"},
				"west": {"uv": [12.44408, 0, 15.94408, 4.94984], "rotation": 270, "texture": "#0"},
				"up": {"uv": [12.44408, 0, 15.94408, 4.94984], "rotation": 270, "texture": "#0"},
				"down": {"uv": [12.44408, 0, 15.94408, 4.94984], "rotation": 270, "texture": "#0"}
			}
		},
		{
			"from": [7.15, -14.40177, 7.47442],
			"to": [8.85, -9.30177, 7.72442],
			"rotation": {"angle": 22.5, "axis": "x", "origin": [8, -10.75177, 8.47442]},
			"faces": {
				"north": {"uv": [12.44408, 0, 15.94408, 4.94984], "rotation": 270, "texture": "#0"},
				"east": {"uv": [12.44408, 0, 15.94408, 4.94984], "rotation": 270, "texture": "#0"},
				"south": {"uv": [12.44408, 0, 15.94408, 4.94984], "rotation": 270, "texture": "#0"},
				"west": {"uv": [12.44408, 0, 15.94408, 4.94984], "rotation": 270, "texture": "#0"},
				"up": {"uv": [12.44408, 0, 15.94408, 4.94984], "rotation": 270, "texture": "#0"},
				"down": {"uv": [12.44408, 0, 15.94408, 4.94984], "rotation": 270, "texture": "#0"}
			}
		},
		{
			"from": [7, 2.75, 4.25],
			"to": [9, 3.5, 7.75],
			"faces": {
				"north": {"uv": [0, 0, 2, 0.75], "texture": "#0"},
				"east": {"uv": [0, 0, 3.5, 0.75], "texture": "#0"},
				"south": {"uv": [0, 0, 2, 0.75], "texture": "#0"},
				"west": {"uv": [0, 0, 3.5, 0.75], "texture": "#0"},
				"up": {"uv": [0, 0, 2, 3.5], "texture": "#0"},
				"down": {"uv": [0, 0, 2, 3.5], "texture": "#0"}
			}
		},
		{
			"from": [7, 1.6224, 6.97227],
			"to": [9, 2.3724, 8.22227],
			"rotation": {"angle": 45, "axis": "x", "origin": [8, 1.9974, 8.72227]},
			"faces": {
				"north": {"uv": [0, 0, 2, 0.75], "texture": "#0"},
				"east": {"uv": [0, 0, 1.25, 0.75], "texture": "#0"},
				"south": {"uv": [0, 0, 2, 0.75], "texture": "#0"},
				"west": {"uv": [0, 0, 1.25, 0.75], "texture": "#0"},
				"up": {"uv": [0, 0, 2, 1.25], "texture": "#0"},
				"down": {"uv": [0, 0, 2, 1.25], "texture": "#0"}
			}
		},
		{
			"from": [7, 2.4974, 2.90273],
			"to": [9, 3.7474, 3.65273],
			"rotation": {"angle": 45, "axis": "x", "origin": [8, 1.9974, 3.27773]},
			"faces": {
				"north": {"uv": [0, 0, 2, 1.25], "rotation": 180, "texture": "#0"},
				"east": {"uv": [0, 0, 1.25, 0.75], "rotation": 270, "texture": "#0"},
				"south": {"uv": [0, 0, 2, 1.25], "texture": "#0"},
				"west": {"uv": [0, 0, 1.25, 0.75], "rotation": 90, "texture": "#0"},
				"up": {"uv": [0, 0, 2, 0.75], "rotation": 180, "texture": "#0"},
				"down": {"uv": [0, 0, 2, 0.75], "texture": "#0"}
			}
		},
		{
			"from": [7, 3.5, 5.5],
			"to": [7.75, 3.75, 7],
			"faces": {
				"north": {"uv": [0, 0, 0.75, 0.25], "texture": "#0"},
				"east": {"uv": [0, 0, 1.5, 0.25], "texture": "#0"},
				"south": {"uv": [0, 0, 0.75, 0.25], "texture": "#0"},
				"west": {"uv": [0, 0, 1.5, 0.25], "texture": "#0"},
				"up": {"uv": [0, 0, 0.75, 1.5], "texture": "#0"},
				"down": {"uv": [0, 0, 0.75, 1.5], "texture": "#0"}
			}
		},
		{
			"from": [8.25, 3.5, 5.5],
			"to": [9, 3.75, 7],
			"faces": {
				"north": {"uv": [0, 0, 0.75, 0.25], "texture": "#0"},
				"east": {"uv": [0, 0, 1.5, 0.25], "texture": "#0"},
				"south": {"uv": [0, 0, 0.75, 0.25], "texture": "#0"},
				"west": {"uv": [0, 0, 1.5, 0.25], "texture": "#0"},
				"up": {"uv": [0, 0, 0.75, 1.5], "texture": "#0"},
				"down": {"uv": [0, 0, 0.75, 1.5], "texture": "#0"}
			}
		},
		{
			"from": [7.91161, 3.35983, 5.5],
			"to": [8.41161, 3.60983, 7],
			"rotation": {"angle": 45, "axis": "z", "origin": [8.16161, 3.48483, 6.25]},
			"faces": {
				"north": {"uv": [0, 0, 0.5, 0.25], "texture": "#0"},
				"east": {"uv": [0, 0, 1.5, 0.25], "rotation": 180, "texture": "#0"},
				"south": {"uv": [0, 0, 0.5, 0.25], "texture": "#0"},
				"west": {"uv": [0, 0, 1.5, 0.25], "rotation": 180, "texture": "#0"},
				"up": {"uv": [0, 0, 0.5, 1.5], "rotation": 180, "texture": "#0"},
				"down": {"uv": [0, 0, 0.5, 1.5], "rotation": 180, "texture": "#0"}
			}
		},
		{
			"from": [7.58839, 3.35983, 5.5],
			"to": [8.08839, 3.60983, 7],
			"rotation": {"angle": -45, "axis": "z", "origin": [7.83839, 3.48483, 6.25]},
			"faces": {
				"north": {"uv": [0, 0, 0.5, 0.25], "texture": "#0"},
				"east": {"uv": [0, 0, 1.5, 0.25], "rotation": 180, "texture": "#0"},
				"south": {"uv": [0, 0, 0.5, 0.25], "texture": "#0"},
				"west": {"uv": [0, 0, 1.5, 0.25], "rotation": 180, "texture": "#0"},
				"up": {"uv": [0, 0, 0.5, 1.5], "rotation": 180, "texture": "#0"},
				"down": {"uv": [0, 0, 0.5, 1.5], "rotation": 180, "texture": "#0"}
			}
		},
		{
			"from": [7.65, -4.89811, 10.1376],
			"to": [8.35, -4.19811, 10.3876],
			"rotation": {"angle": -22.5, "axis": "x", "origin": [8, 0.72689, 10.2626]},
			"faces": {
				"north": {"uv": [0, 0, 0.7, 0.7], "rotation": 180, "texture": "#0"},
				"east": {"uv": [0, 0, 0.7, 0.25], "rotation": 270, "texture": "#0"},
				"south": {"uv": [0, 0, 0.7, 0.7], "texture": "#0"},
				"west": {"uv": [0, 0, 0.7, 0.25], "rotation": 90, "texture": "#0"},
				"up": {"uv": [0, 0, 0.7, 0.25], "rotation": 180, "texture": "#0"},
				"down": {"uv": [0, 0, 0.7, 0.25], "texture": "#0"}
			}
		},
		{
			"from": [7.25, -3.46016, 12.33934],
			"to": [8.75, -1.96016, 15.58934],
			"faces": {
				"north": {"uv": [0, 0, 1.5, 1.5], "texture": "#0"},
				"east": {"uv": [0, 0, 3.25, 1.5], "texture": "#0"},
				"south": {"uv": [0, 0, 1.5, 1.5], "texture": "#0"},
				"west": {"uv": [0, 0, 3.25, 1.5], "texture": "#0"},
				"up": {"uv": [0, 0, 1.5, 3.25], "texture": "#0"},
				"down": {"uv": [0, 0, 1.5, 3.25], "texture": "#0"}
			}
		},
		{
			"from": [7.65, -5.23877, 8.26804],
			"to": [8.35, -4.4431, 8.49901],
			"rotation": {"angle": -45, "axis": "x", "origin": [8, 0.38623, 10.37401]},
			"faces": {
				"north": {"uv": [0, 0, 0.7, 0.79567], "rotation": 180, "texture": "#0"},
				"east": {"uv": [0, 0, 0.79567, 0.23097], "rotation": 270, "texture": "#0"},
				"south": {"uv": [0, 0, 0.7, 0.79567], "texture": "#0"},
				"west": {"uv": [0, 0, 0.79567, 0.23097], "rotation": 90, "texture": "#0"},
				"up": {"uv": [0, 0, 0.7, 0.23097], "rotation": 180, "texture": "#0"},
				"down": {"uv": [0, 0, 0.7, 0.23097], "texture": "#0"}
			}
		},
		{
			"from": [7.65, -5.08039, 12.86234],
			"to": [8.35, -4.84385, 14.54888],
			"faces": {
				"north": {"uv": [0, 0, 0.7, 0.23654], "texture": "#0"},
				"east": {"uv": [0, 0, 1.68654, 0.23654], "texture": "#0"},
				"south": {"uv": [0, 0, 0.7, 0.23654], "texture": "#0"},
				"west": {"uv": [0, 0, 1.68654, 0.23654], "texture": "#0"},
				"up": {"uv": [0, 0, 0.7, 1.68654], "texture": "#0"},
				"down": {"uv": [0, 0, 0.7, 1.68654], "texture": "#0"}
			}
		},
		{
			"from": [7.65, -4.91789, 13.67612],
			"to": [8.35, -4.68032, 14.92097],
			"rotation": {"angle": -22.5, "axis": "x", "origin": [8, -2.80532, 14.52097]},
			"faces": {
				"north": {"uv": [0, 0, 0.7, 0.23757], "texture": "#0"},
				"east": {"uv": [0, 0, 1.24485, 0.23757], "texture": "#0"},
				"south": {"uv": [0, 0, 0.7, 0.23757], "texture": "#0"},
				"west": {"uv": [0, 0, 1.24485, 0.23757], "texture": "#0"},
				"up": {"uv": [0, 0, 0.7, 1.24485], "texture": "#0"},
				"down": {"uv": [0, 0, 0.7, 1.24485], "texture": "#0"}
			}
		},
		{
			"from": [7.65, -4.55295, 16.34252],
			"to": [8.35, -2.8664, 16.57907],
			"rotation": {"angle": 22.5, "axis": "x", "origin": [8, 2.29033, 15.21079]},
			"faces": {
				"north": {"uv": [0, 0, 0.7, 1.68654], "rotation": 180, "texture": "#0"},
				"east": {"uv": [0, 0, 1.68654, 0.23654], "rotation": 270, "texture": "#0"},
				"south": {"uv": [0, 0, 0.7, 1.68654], "texture": "#0"},
				"west": {"uv": [0, 0, 1.68654, 0.23654], "rotation": 90, "texture": "#0"},
				"up": {"uv": [0, 0, 0.7, 0.23654], "rotation": 180, "texture": "#0"},
				"down": {"uv": [0, 0, 0.7, 0.23654], "texture": "#0"}
			}
		}
	],
	"display": {
		"thirdperson_righthand": {
			"translation": [0, 5.75, -2.5],
			"scale": [0.6, 0.6, 0.6]
		},
		"firstperson_righthand": {
			"rotation": [6.5, 0, 0],
			"translation": [-8.98, 12.5, 9.75],
			"scale": [1, 1, 0.31]
		},
		"firstperson_lefthand": {
			"rotation": [6.5, 0, 0],
			"translation": [-8.98, 12.5, 10.05],
			"scale": [1, 1, 0.31]
		},
		"ground": {
			"translation": [0, 7, 0],
			"scale": [0.6, 0.6, 0.6]
		},
		"gui": {
			"rotation": [30, 145, 0],
			"translation": [-0.25, 4, 0],
			"scale": [0.55, 0.55, 0.55]
		},
		"head": {
			"rotation": [90, -137, 90],
			"translation": [6.5, -12, 4.5]
		},
		"fixed": {
			"rotation": [0, -90, 0],
			"translation": [0, 10.5, -1]
		}
	},
	"groups": [0, 1, 2, 3, 4, 5, 6, 7, 8, 9, 10, 11, 12, 13, 14, 15, 16, 17, 18, 19, 20, 21, 22, 23,
		{
			"name": "group",
			"children": [24, 25, 26, 27, 28, 29, 30, 31, 32, 33, 34, 35, 36, 37, 38, 39, 40, 41, 42, 43, 44, 45, 46, 47, 48, 49, 50, 51, 52, 53, 54, 55]
		}, 56,
		{
			"name": "group",
			"children": [57, 58, 59, 60, 61, 62, 63, 64, 65, 66, 67, 68, 69, 70, 71, 72, 73, 74, 75, 76, 77, 78, 79, 80, 81]
		}, 82,
		{
			"name": "hexadecagon",
			"children": [83, 84, 85, 86, 87, 88, 89, 90, 91, 92, 93, 94, 95, 96, 97, 98]
		}, 99, 100, 101, 102, 103, 104, 105, 106, 107, 108, 109, 110, 111, 112, 113, 114, 115, 116, 117, 118, 119, 120, 121, 122, 123, 124]
}