{
	"credit": "Made with Blockbench",
	"textures": {
		"0": "custom/anvil_top_damaged_0",
		"1": "custom/black-metal",
		"2": "custom/brushed-metal",
		"3": "custom/middle",
		"particle": "custom/anvil_top_damaged_0"
	},
	"elements": [
		{
			"name": "octagon",
			"from": [7.89645, 5.15, 0.5],
			"to": [8.10355, 5.65, 12.5],
			"rotation": {"angle": 45, "axis": "z", "origin": [8, 5.4, 3]},
			"faces": {
				"north": {"uv": [10, 4, 10.5, 16], "texture": "#2", "rotation": 90},
				"east": {"uv": [10, 4, 10.5, 16], "texture": "#2", "rotation": 90},
				"south": {"uv": [10, 4, 10.5, 16], "texture": "#2", "rotation": 90},
				"west": {"uv": [10, 4, 10.5, 16], "texture": "#2", "rotation": 90},
				"up": {"uv": [10, 4, 10.5, 16], "texture": "#2", "rotation": 90},
				"down": {"uv": [10, 4, 10.5, 16], "texture": "#2", "rotation": 90}
			}
		},
		{
			"name": "octagon",
			"from": [7.89645, 5.15, 0.5],
			"to": [8.10355, 5.65, 12.5],
			"rotation": {"angle": 0, "axis": "z", "origin": [8, 5.4, 3]},
			"faces": {
				"north": {"uv": [10, 4, 10.5, 16], "texture": "#2", "rotation": 90},
				"east": {"uv": [10, 4, 10.5, 16], "texture": "#2", "rotation": 90},
				"south": {"uv": [10, 4, 10.5, 16], "texture": "#2", "rotation": 90},
				"west": {"uv": [10, 4, 10.5, 16], "texture": "#2", "rotation": 90},
				"up": {"uv": [10, 4, 10.5, 16], "texture": "#2", "rotation": 90},
				"down": {"uv": [10, 4, 10.5, 16], "texture": "#2", "rotation": 90}
			}
		},
		{
			"name": "octagon",
			"from": [7.75, 5.29645, 0.5],
			"to": [8.25, 5.50355, 12.5],
			"rotation": {"angle": 45, "axis": "z", "origin": [8, 5.4, 3]},
			"faces": {
				"north": {"uv": [10, 4, 10.5, 16], "texture": "#2", "rotation": 90},
				"east": {"uv": [10, 4, 10.5, 16], "texture": "#2", "rotation": 90},
				"south": {"uv": [10, 4, 10.5, 16], "texture": "#2", "rotation": 90},
				"west": {"uv": [10, 4, 10.5, 16], "texture": "#2", "rotation": 90},
				"up": {"uv": [10, 4, 10.5, 16], "texture": "#2", "rotation": 90},
				"down": {"uv": [10, 4, 10.5, 16], "texture": "#2", "rotation": 90}
			}
		},
		{
			"name": "octagon",
			"from": [7.75, 5.29645, 0.5],
			"to": [8.25, 5.50355, 12.5],
			"rotation": {"angle": 0, "axis": "z", "origin": [8, 5.4, 3]},
			"faces": {
				"north": {"uv": [10, 4, 10.5, 16], "texture": "#2", "rotation": 90},
				"east": {"uv": [10, 4, 10.5, 16], "texture": "#2", "rotation": 90},
				"south": {"uv": [10, 4, 10.5, 16], "texture": "#2", "rotation": 90},
				"west": {"uv": [10, 4, 10.5, 16], "texture": "#2", "rotation": 90},
				"up": {"uv": [10, 4, 10.5, 16], "texture": "#2", "rotation": 90},
				"down": {"uv": [10, 4, 10.5, 16], "texture": "#2", "rotation": 90}
			}
		},
		{
			"name": "octagon",
			"from": [8.49645, 4.85, 0.5],
			"to": [8.70355, 5.35, 12.5],
			"rotation": {"angle": 45, "axis": "z", "origin": [8.6, 5.1, 3]},
			"faces": {
				"north": {"uv": [10, 4, 10.5, 16], "texture": "#2", "rotation": 90},
				"east": {"uv": [10, 4, 10.5, 16], "texture": "#2", "rotation": 90},
				"south": {"uv": [10, 4, 10.5, 16], "texture": "#2", "rotation": 90},
				"west": {"uv": [10, 4, 10.5, 16], "texture": "#2", "rotation": 90},
				"up": {"uv": [10, 4, 10.5, 16], "texture": "#2", "rotation": 90},
				"down": {"uv": [10, 4, 10.5, 16], "texture": "#2", "rotation": 90}
			}
		},
		{
			"name": "octagon",
			"from": [8.49645, 4.85, 0.5],
			"to": [8.70355, 5.35, 12.5],
			"rotation": {"angle": 0, "axis": "z", "origin": [8.6, 5.1, 3]},
			"faces": {
				"north": {"uv": [10, 4, 10.5, 16], "texture": "#2", "rotation": 90},
				"east": {"uv": [10, 4, 10.5, 16], "texture": "#2", "rotation": 90},
				"south": {"uv": [10, 4, 10.5, 16], "texture": "#2", "rotation": 90},
				"west": {"uv": [10, 4, 10.5, 16], "texture": "#2", "rotation": 90},
				"up": {"uv": [10, 4, 10.5, 16], "texture": "#2", "rotation": 90},
				"down": {"uv": [10, 4, 10.5, 16], "texture": "#2", "rotation": 90}
			}
		},
		{
			"name": "octagon",
			"from": [8.35, 4.99645, 0.5],
			"to": [8.85, 5.20355, 12.5],
			"rotation": {"angle": 45, "axis": "z", "origin": [8.6, 5.1, 3]},
			"faces": {
				"north": {"uv": [10, 4, 10.5, 16], "texture": "#2", "rotation": 90},
				"east": {"uv": [10, 4, 10.5, 16], "texture": "#2", "rotation": 90},
				"south": {"uv": [10, 4, 10.5, 16], "texture": "#2", "rotation": 90},
				"west": {"uv": [10, 4, 10.5, 16], "texture": "#2", "rotation": 90},
				"up": {"uv": [10, 4, 10.5, 16], "texture": "#2", "rotation": 90},
				"down": {"uv": [10, 4, 10.5, 16], "texture": "#2", "rotation": 90}
			}
		},
		{
			"name": "octagon",
			"from": [8.35, 4.99645, 0.5],
			"to": [8.85, 5.20355, 12.5],
			"rotation": {"angle": 0, "axis": "z", "origin": [8.6, 5.1, 3]},
			"faces": {
				"north": {"uv": [10, 4, 10.5, 16], "texture": "#2", "rotation": 90},
				"east": {"uv": [10, 4, 10.5, 16], "texture": "#2", "rotation": 90},
				"south": {"uv": [10, 4, 10.5, 16], "texture": "#2", "rotation": 90},
				"west": {"uv": [10, 4, 10.5, 16], "texture": "#2", "rotation": 90},
				"up": {"uv": [10, 4, 10.5, 16], "texture": "#2", "rotation": 90},
				"down": {"uv": [10, 4, 10.5, 16], "texture": "#2", "rotation": 90}
			}
		},
		{
			"name": "octagon",
			"from": [8.49645, 4.1, 0.5],
			"to": [8.70355, 4.6, 12.5],
			"rotation": {"angle": 45, "axis": "z", "origin": [8.6, 4.35, 3]},
			"faces": {
				"north": {"uv": [10, 4, 10.5, 16], "texture": "#2", "rotation": 90},
				"east": {"uv": [10, 4, 10.5, 16], "texture": "#2", "rotation": 90},
				"south": {"uv": [10, 4, 10.5, 16], "texture": "#2", "rotation": 90},
				"west": {"uv": [10, 4, 10.5, 16], "texture": "#2", "rotation": 90},
				"up": {"uv": [10, 4, 10.5, 16], "texture": "#2", "rotation": 90},
				"down": {"uv": [10, 4, 10.5, 16], "texture": "#2", "rotation": 90}
			}
		},
		{
			"name": "octagon",
			"from": [8.49645, 4.1, 0.5],
			"to": [8.70355, 4.6, 12.5],
			"rotation": {"angle": 0, "axis": "z", "origin": [8.6, 4.35, 3]},
			"faces": {
				"north": {"uv": [10, 4, 10.5, 16], "texture": "#2", "rotation": 90},
				"east": {"uv": [10, 4, 10.5, 16], "texture": "#2", "rotation": 90},
				"south": {"uv": [10, 4, 10.5, 16], "texture": "#2", "rotation": 90},
				"west": {"uv": [10, 4, 10.5, 16], "texture": "#2", "rotation": 90},
				"up": {"uv": [10, 4, 10.5, 16], "texture": "#2", "rotation": 90},
				"down": {"uv": [10, 4, 10.5, 16], "texture": "#2", "rotation": 90}
			}
		},
		{
			"name": "octagon",
			"from": [8.35, 4.24645, 0.5],
			"to": [8.85, 4.45355, 12.5],
			"rotation": {"angle": 45, "axis": "z", "origin": [8.6, 4.35, 3]},
			"faces": {
				"north": {"uv": [10, 4, 10.5, 16], "texture": "#2", "rotation": 90},
				"east": {"uv": [10, 4, 10.5, 16], "texture": "#2", "rotation": 90},
				"south": {"uv": [10, 4, 10.5, 16], "texture": "#2", "rotation": 90},
				"west": {"uv": [10, 4, 10.5, 16], "texture": "#2", "rotation": 90},
				"up": {"uv": [10, 4, 10.5, 16], "texture": "#2", "rotation": 90},
				"down": {"uv": [10, 4, 10.5, 16], "texture": "#2", "rotation": 90}
			}
		},
		{
			"name": "octagon",
			"from": [8.35, 4.24645, 0.5],
			"to": [8.85, 4.45355, 12.5],
			"rotation": {"angle": 0, "axis": "z", "origin": [8.6, 4.35, 3]},
			"faces": {
				"north": {"uv": [10, 4, 10.5, 16], "texture": "#2", "rotation": 90},
				"east": {"uv": [10, 4, 10.5, 16], "texture": "#2", "rotation": 90},
				"south": {"uv": [10, 4, 10.5, 16], "texture": "#2", "rotation": 90},
				"west": {"uv": [10, 4, 10.5, 16], "texture": "#2", "rotation": 90},
				"up": {"uv": [10, 4, 10.5, 16], "texture": "#2", "rotation": 90},
				"down": {"uv": [10, 4, 10.5, 16], "texture": "#2", "rotation": 90}
			}
		},
		{
			"name": "octagon",
			"from": [7.89645, 3.8, 0.5],
			"to": [8.10355, 4.3, 12.5],
			"rotation": {"angle": 45, "axis": "z", "origin": [8, 4.05, 3]},
			"faces": {
				"north": {"uv": [10, 4, 10.5, 16], "texture": "#2", "rotation": 90},
				"east": {"uv": [10, 4, 10.5, 16], "texture": "#2", "rotation": 90},
				"south": {"uv": [10, 4, 10.5, 16], "texture": "#2", "rotation": 90},
				"west": {"uv": [10, 4, 10.5, 16], "texture": "#2", "rotation": 90},
				"up": {"uv": [10, 4, 10.5, 16], "texture": "#2", "rotation": 90},
				"down": {"uv": [10, 4, 10.5, 16], "texture": "#2", "rotation": 90}
			}
		},
		{
			"name": "octagon",
			"from": [7.89645, 3.8, 0.5],
			"to": [8.10355, 4.3, 12.5],
			"rotation": {"angle": 0, "axis": "z", "origin": [8, 4.05, 3]},
			"faces": {
				"north": {"uv": [10, 4, 10.5, 16], "texture": "#2", "rotation": 90},
				"east": {"uv": [10, 4, 10.5, 16], "texture": "#2", "rotation": 90},
				"south": {"uv": [10, 4, 10.5, 16], "texture": "#2", "rotation": 90},
				"west": {"uv": [10, 4, 10.5, 16], "texture": "#2", "rotation": 90},
				"up": {"uv": [10, 4, 10.5, 16], "texture": "#2", "rotation": 90},
				"down": {"uv": [10, 4, 10.5, 16], "texture": "#2", "rotation": 90}
			}
		},
		{
			"name": "octagon",
			"from": [7.75, 3.94645, 0.5],
			"to": [8.25, 4.15355, 12.5],
			"rotation": {"angle": 45, "axis": "z", "origin": [8, 4.05, 3]},
			"faces": {
				"north": {"uv": [10, 4, 10.5, 16], "texture": "#2", "rotation": 90},
				"east": {"uv": [10, 4, 10.5, 16], "texture": "#2", "rotation": 90},
				"south": {"uv": [10, 4, 10.5, 16], "texture": "#2", "rotation": 90},
				"west": {"uv": [10, 4, 10.5, 16], "texture": "#2", "rotation": 90},
				"up": {"uv": [10, 4, 10.5, 16], "texture": "#2", "rotation": 90},
				"down": {"uv": [10, 4, 10.5, 16], "texture": "#2", "rotation": 90}
			}
		},
		{
			"name": "octagon",
			"from": [7.75, 3.94645, 0.5],
			"to": [8.25, 4.15355, 12.5],
			"rotation": {"angle": 0, "axis": "z", "origin": [8, 4.05, 3]},
			"faces": {
				"north": {"uv": [10, 4, 10.5, 16], "texture": "#2", "rotation": 90},
				"east": {"uv": [10, 4, 10.5, 16], "texture": "#2", "rotation": 90},
				"south": {"uv": [10, 4, 10.5, 16], "texture": "#2", "rotation": 90},
				"west": {"uv": [10, 4, 10.5, 16], "texture": "#2", "rotation": 90},
				"up": {"uv": [10, 4, 10.5, 16], "texture": "#2", "rotation": 90},
				"down": {"uv": [10, 4, 10.5, 16], "texture": "#2", "rotation": 90}
			}
		},
		{
			"name": "octagon",
			"from": [7.29645, 4.1, 0.5],
			"to": [7.50355, 4.6, 12.5],
			"rotation": {"angle": 45, "axis": "z", "origin": [7.4, 4.35, 3]},
			"faces": {
				"north": {"uv": [10, 4, 10.5, 16], "texture": "#2", "rotation": 90},
				"east": {"uv": [10, 4, 10.5, 16], "texture": "#2", "rotation": 90},
				"south": {"uv": [10, 4, 10.5, 16], "texture": "#2", "rotation": 90},
				"west": {"uv": [10, 4, 10.5, 16], "texture": "#2", "rotation": 90},
				"up": {"uv": [10, 4, 10.5, 16], "texture": "#2", "rotation": 90},
				"down": {"uv": [10, 4, 10.5, 16], "texture": "#2", "rotation": 90}
			}
		},
		{
			"name": "octagon",
			"from": [7.29645, 4.1, 0.5],
			"to": [7.50355, 4.6, 12.5],
			"rotation": {"angle": 0, "axis": "z", "origin": [7.4, 4.35, 3]},
			"faces": {
				"north": {"uv": [10, 4, 10.5, 16], "texture": "#2", "rotation": 90},
				"east": {"uv": [10, 4, 10.5, 16], "texture": "#2", "rotation": 90},
				"south": {"uv": [10, 4, 10.5, 16], "texture": "#2", "rotation": 90},
				"west": {"uv": [10, 4, 10.5, 16], "texture": "#2", "rotation": 90},
				"up": {"uv": [10, 4, 10.5, 16], "texture": "#2", "rotation": 90},
				"down": {"uv": [10, 4, 10.5, 16], "texture": "#2", "rotation": 90}
			}
		},
		{
			"name": "octagon",
			"from": [7.15, 4.24645, 0.5],
			"to": [7.65, 4.45355, 12.5],
			"rotation": {"angle": 45, "axis": "z", "origin": [7.4, 4.35, 3]},
			"faces": {
				"north": {"uv": [10, 4, 10.5, 16], "texture": "#2", "rotation": 90},
				"east": {"uv": [10, 4, 10.5, 16], "texture": "#2", "rotation": 90},
				"south": {"uv": [10, 4, 10.5, 16], "texture": "#2", "rotation": 90},
				"west": {"uv": [10, 4, 10.5, 16], "texture": "#2", "rotation": 90},
				"up": {"uv": [10, 4, 10.5, 16], "texture": "#2", "rotation": 90},
				"down": {"uv": [10, 4, 10.5, 16], "texture": "#2", "rotation": 90}
			}
		},
		{
			"name": "octagon",
			"from": [7.15, 4.24645, 0.5],
			"to": [7.65, 4.45355, 12.5],
			"rotation": {"angle": 0, "axis": "z", "origin": [7.4, 4.35, 3]},
			"faces": {
				"north": {"uv": [10, 4, 10.5, 16], "texture": "#2", "rotation": 90},
				"east": {"uv": [10, 4, 10.5, 16], "texture": "#2", "rotation": 90},
				"south": {"uv": [10, 4, 10.5, 16], "texture": "#2", "rotation": 90},
				"west": {"uv": [10, 4, 10.5, 16], "texture": "#2", "rotation": 90},
				"up": {"uv": [10, 4, 10.5, 16], "texture": "#2", "rotation": 90},
				"down": {"uv": [10, 4, 10.5, 16], "texture": "#2", "rotation": 90}
			}
		},
		{
			"name": "octagon",
			"from": [7.29645, 4.85, 0.5],
			"to": [7.50355, 5.35, 12.5],
			"rotation": {"angle": 45, "axis": "z", "origin": [7.4, 5.1, 3]},
			"faces": {
				"north": {"uv": [10, 4, 10.5, 16], "texture": "#2", "rotation": 90},
				"east": {"uv": [10, 4, 10.5, 16], "texture": "#2", "rotation": 90},
				"south": {"uv": [10, 4, 10.5, 16], "texture": "#2", "rotation": 90},
				"west": {"uv": [10, 4, 10.5, 16], "texture": "#2", "rotation": 90},
				"up": {"uv": [10, 4, 10.5, 16], "texture": "#2", "rotation": 90},
				"down": {"uv": [10, 4, 10.5, 16], "texture": "#2", "rotation": 90}
			}
		},
		{
			"name": "octagon",
			"from": [7.29645, 4.85, 0.5],
			"to": [7.50355, 5.35, 12.5],
			"rotation": {"angle": 0, "axis": "z", "origin": [7.4, 5.1, 3]},
			"faces": {
				"north": {"uv": [10, 4, 10.5, 16], "texture": "#2", "rotation": 90},
				"east": {"uv": [10, 4, 10.5, 16], "texture": "#2", "rotation": 90},
				"south": {"uv": [10, 4, 10.5, 16], "texture": "#2", "rotation": 90},
				"west": {"uv": [10, 4, 10.5, 16], "texture": "#2", "rotation": 90},
				"up": {"uv": [10, 4, 10.5, 16], "texture": "#2", "rotation": 90},
				"down": {"uv": [10, 4, 10.5, 16], "texture": "#2", "rotation": 90}
			}
		},
		{
			"name": "octagon",
			"from": [7.15, 4.99645, 0.5],
			"to": [7.65, 5.20355, 12.5],
			"rotation": {"angle": 45, "axis": "z", "origin": [7.4, 5.1, 3]},
			"faces": {
				"north": {"uv": [10, 4, 10.5, 16], "texture": "#2", "rotation": 90},
				"east": {"uv": [10, 4, 10.5, 16], "texture": "#2", "rotation": 90},
				"south": {"uv": [10, 4, 10.5, 16], "texture": "#2", "rotation": 90},
				"west": {"uv": [10, 4, 10.5, 16], "texture": "#2", "rotation": 90},
				"up": {"uv": [10, 4, 10.5, 16], "texture": "#2", "rotation": 90},
				"down": {"uv": [10, 4, 10.5, 16], "texture": "#2", "rotation": 90}
			}
		},
		{
			"name": "octagon",
			"from": [7.15, 4.99645, 0.5],
			"to": [7.65, 5.20355, 12.5],
			"rotation": {"angle": 0, "axis": "z", "origin": [7.4, 5.1, 3]},
			"faces": {
				"north": {"uv": [10, 4, 10.5, 16], "texture": "#2", "rotation": 90},
				"east": {"uv": [10, 4, 10.5, 16], "texture": "#2", "rotation": 90},
				"south": {"uv": [10, 4, 10.5, 16], "texture": "#2", "rotation": 90},
				"west": {"uv": [10, 4, 10.5, 16], "texture": "#2", "rotation": 90},
				"up": {"uv": [10, 4, 10.5, 16], "texture": "#2", "rotation": 90},
				"down": {"uv": [10, 4, 10.5, 16], "texture": "#2", "rotation": 90}
			}
		},
		{
			"name": "hexadecagon",
			"from": [7.80109, 3.75, 0.75],
			"to": [8.19891, 5.75, 0.85],
			"rotation": {"angle": -45, "axis": "z", "origin": [8, 4.75, 3.25]},
			"faces": {
				"north": {"uv": [0, 0, 2, 0.1], "texture": "#1", "rotation": 90},
				"east": {"uv": [0, 0, 2, 0.1], "texture": "#1", "rotation": 90},
				"south": {"uv": [0, 0, 2, 0.1], "texture": "#1", "rotation": 90},
				"west": {"uv": [0, 0, 2, 0.1], "texture": "#1", "rotation": 90},
				"up": {"uv": [0, 0, 2, 0.1], "texture": "#1", "rotation": 90},
				"down": {"uv": [0, 0, 2, 0.1], "texture": "#1", "rotation": 90}
			}
		},
		{
			"name": "hexadecagon",
			"from": [7.80109, 3.75, 0.75],
			"to": [8.19891, 5.75, 0.85],
			"rotation": {"angle": -22.5, "axis": "z", "origin": [8, 4.75, 3.25]},
			"faces": {
				"north": {"uv": [0, 0, 2, 0.1], "texture": "#1", "rotation": 90},
				"east": {"uv": [0, 0, 2, 0.1], "texture": "#1", "rotation": 90},
				"south": {"uv": [0, 0, 2, 0.1], "texture": "#1", "rotation": 90},
				"west": {"uv": [0, 0, 2, 0.1], "texture": "#1", "rotation": 90},
				"up": {"uv": [0, 0, 2, 0.1], "texture": "#1", "rotation": 90},
				"down": {"uv": [0, 0, 2, 0.1], "texture": "#1", "rotation": 90}
			}
		},
		{
			"name": "hexadecagon",
			"from": [7.80109, 3.75, 0.75],
			"to": [8.19891, 5.75, 0.85],
			"rotation": {"angle": 0, "axis": "z", "origin": [8, 4.75, 3.25]},
			"faces": {
				"north": {"uv": [0, 0, 2, 0.1], "texture": "#1", "rotation": 90},
				"east": {"uv": [0, 0, 2, 0.1], "texture": "#1", "rotation": 90},
				"south": {"uv": [0, 0, 2, 0.1], "texture": "#1", "rotation": 90},
				"west": {"uv": [0, 0, 2, 0.1], "texture": "#1", "rotation": 90},
				"up": {"uv": [0, 0, 2, 0.1], "texture": "#1", "rotation": 90},
				"down": {"uv": [0, 0, 2, 0.1], "texture": "#1", "rotation": 90}
			}
		},
		{
			"name": "hexadecagon",
			"from": [7.80109, 3.75, 0.75],
			"to": [8.19891, 5.75, 0.85],
			"rotation": {"angle": 22.5, "axis": "z", "origin": [8, 4.75, 3.25]},
			"faces": {
				"north": {"uv": [0, 0, 2, 0.1], "texture": "#1", "rotation": 90},
				"east": {"uv": [0, 0, 2, 0.1], "texture": "#1", "rotation": 90},
				"south": {"uv": [0, 0, 2, 0.1], "texture": "#1", "rotation": 90},
				"west": {"uv": [0, 0, 2, 0.1], "texture": "#1", "rotation": 90},
				"up": {"uv": [0, 0, 2, 0.1], "texture": "#1", "rotation": 90},
				"down": {"uv": [0, 0, 2, 0.1], "texture": "#1", "rotation": 90}
			}
		},
		{
			"name": "hexadecagon",
			"from": [7.80109, 3.75, 0.75],
			"to": [8.19891, 5.75, 0.85],
			"rotation": {"angle": 45, "axis": "z", "origin": [8, 4.75, 3.25]},
			"faces": {
				"north": {"uv": [0, 0, 2, 0.1], "texture": "#1", "rotation": 90},
				"east": {"uv": [0, 0, 2, 0.1], "texture": "#1", "rotation": 90},
				"south": {"uv": [0, 0, 2, 0.1], "texture": "#1", "rotation": 90},
				"west": {"uv": [0, 0, 2, 0.1], "texture": "#1", "rotation": 90},
				"up": {"uv": [0, 0, 2, 0.1], "texture": "#1", "rotation": 90},
				"down": {"uv": [0, 0, 2, 0.1], "texture": "#1", "rotation": 90}
			}
		},
		{
			"name": "hexadecagon",
			"from": [7, 4.55109, 0.75],
			"to": [9, 4.94891, 0.85],
			"rotation": {"angle": -22.5, "axis": "z", "origin": [8, 4.75, 3.25]},
			"faces": {
				"north": {"uv": [0, 0, 0.39782, 0.1], "texture": "#1", "rotation": 90},
				"east": {"uv": [0, 0, 0.39782, 0.1], "texture": "#1", "rotation": 90},
				"south": {"uv": [0, 0, 0.39782, 0.1], "texture": "#1", "rotation": 90},
				"west": {"uv": [0, 0, 0.39782, 0.1], "texture": "#1", "rotation": 90},
				"up": {"uv": [0, 0, 0.39782, 0.1], "texture": "#1", "rotation": 90},
				"down": {"uv": [0, 0, 0.39782, 0.1], "texture": "#1", "rotation": 90}
			}
		},
		{
			"name": "hexadecagon",
			"from": [7, 4.55109, 0.75],
			"to": [9, 4.94891, 0.85],
			"rotation": {"angle": 0, "axis": "z", "origin": [8, 4.75, 3.25]},
			"faces": {
				"north": {"uv": [0, 0, 0.39782, 0.1], "texture": "#1", "rotation": 90},
				"east": {"uv": [0, 0, 0.39782, 0.1], "texture": "#1", "rotation": 90},
				"south": {"uv": [0, 0, 0.39782, 0.1], "texture": "#1", "rotation": 90},
				"west": {"uv": [0, 0, 0.39782, 0.1], "texture": "#1", "rotation": 90},
				"up": {"uv": [0, 0, 0.39782, 0.1], "texture": "#1", "rotation": 90},
				"down": {"uv": [0, 0, 0.39782, 0.1], "texture": "#1", "rotation": 90}
			}
		},
		{
			"name": "hexadecagon",
			"from": [7, 4.55109, 0.75],
			"to": [9, 4.94891, 0.85],
			"rotation": {"angle": 22.5, "axis": "z", "origin": [8, 4.75, 3.25]},
			"faces": {
				"north": {"uv": [0, 0, 0.39782, 0.1], "texture": "#1", "rotation": 90},
				"east": {"uv": [0, 0, 0.39782, 0.1], "texture": "#1", "rotation": 90},
				"south": {"uv": [0, 0, 0.39782, 0.1], "texture": "#1", "rotation": 90},
				"west": {"uv": [0, 0, 0.39782, 0.1], "texture": "#1", "rotation": 90},
				"up": {"uv": [0, 0, 0.39782, 0.1], "texture": "#1", "rotation": 90},
				"down": {"uv": [0, 0, 0.39782, 0.1], "texture": "#1", "rotation": 90}
			}
		},
		{
			"name": "hexadecagon",
			"from": [7.80109, 3.75, 2.6],
			"to": [8.19891, 5.75, 2.7],
			"rotation": {"angle": -45, "axis": "z", "origin": [8, 4.75, 5.1]},
			"faces": {
				"north": {"uv": [0, 0, 2, 0.1], "texture": "#1", "rotation": 90},
				"east": {"uv": [0, 0, 2, 0.1], "texture": "#1", "rotation": 90},
				"south": {"uv": [0, 0, 2, 0.1], "texture": "#1", "rotation": 90},
				"west": {"uv": [0, 0, 2, 0.1], "texture": "#1", "rotation": 90},
				"up": {"uv": [0, 0, 2, 0.1], "texture": "#1", "rotation": 90},
				"down": {"uv": [0, 0, 2, 0.1], "texture": "#1", "rotation": 90}
			}
		},
		{
			"name": "hexadecagon",
			"from": [7.80109, 3.75, 2.6],
			"to": [8.19891, 5.75, 2.7],
			"rotation": {"angle": -22.5, "axis": "z", "origin": [8, 4.75, 5.1]},
			"faces": {
				"north": {"uv": [0, 0, 2, 0.1], "texture": "#1", "rotation": 90},
				"east": {"uv": [0, 0, 2, 0.1], "texture": "#1", "rotation": 90},
				"south": {"uv": [0, 0, 2, 0.1], "texture": "#1", "rotation": 90},
				"west": {"uv": [0, 0, 2, 0.1], "texture": "#1", "rotation": 90},
				"up": {"uv": [0, 0, 2, 0.1], "texture": "#1", "rotation": 90},
				"down": {"uv": [0, 0, 2, 0.1], "texture": "#1", "rotation": 90}
			}
		},
		{
			"name": "hexadecagon",
			"from": [7.80109, 3.75, 2.6],
			"to": [8.19891, 5.75, 2.7],
			"rotation": {"angle": 0, "axis": "z", "origin": [8, 4.75, 5.1]},
			"faces": {
				"north": {"uv": [0, 0, 2, 0.1], "texture": "#1", "rotation": 90},
				"east": {"uv": [0, 0, 2, 0.1], "texture": "#1", "rotation": 90},
				"south": {"uv": [0, 0, 2, 0.1], "texture": "#1", "rotation": 90},
				"west": {"uv": [0, 0, 2, 0.1], "texture": "#1", "rotation": 90},
				"up": {"uv": [0, 0, 2, 0.1], "texture": "#1", "rotation": 90},
				"down": {"uv": [0, 0, 2, 0.1], "texture": "#1", "rotation": 90}
			}
		},
		{
			"name": "hexadecagon",
			"from": [7.80109, 3.75, 2.6],
			"to": [8.19891, 5.75, 2.7],
			"rotation": {"angle": 22.5, "axis": "z", "origin": [8, 4.75, 5.1]},
			"faces": {
				"north": {"uv": [0, 0, 2, 0.1], "texture": "#1", "rotation": 90},
				"east": {"uv": [0, 0, 2, 0.1], "texture": "#1", "rotation": 90},
				"south": {"uv": [0, 0, 2, 0.1], "texture": "#1", "rotation": 90},
				"west": {"uv": [0, 0, 2, 0.1], "texture": "#1", "rotation": 90},
				"up": {"uv": [0, 0, 2, 0.1], "texture": "#1", "rotation": 90},
				"down": {"uv": [0, 0, 2, 0.1], "texture": "#1", "rotation": 90}
			}
		},
		{
			"name": "hexadecagon",
			"from": [7.80109, 3.75, 2.6],
			"to": [8.19891, 5.75, 2.7],
			"rotation": {"angle": 45, "axis": "z", "origin": [8, 4.75, 5.1]},
			"faces": {
				"north": {"uv": [0, 0, 2, 0.1], "texture": "#1", "rotation": 90},
				"east": {"uv": [0, 0, 2, 0.1], "texture": "#1", "rotation": 90},
				"south": {"uv": [0, 0, 2, 0.1], "texture": "#1", "rotation": 90},
				"west": {"uv": [0, 0, 2, 0.1], "texture": "#1", "rotation": 90},
				"up": {"uv": [0, 0, 2, 0.1], "texture": "#1", "rotation": 90},
				"down": {"uv": [0, 0, 2, 0.1], "texture": "#1", "rotation": 90}
			}
		},
		{
			"name": "hexadecagon",
			"from": [7, 4.55109, 2.6],
			"to": [9, 4.94891, 2.7],
			"rotation": {"angle": -22.5, "axis": "z", "origin": [8, 4.75, 5.1]},
			"faces": {
				"north": {"uv": [0, 0, 0.39782, 0.1], "texture": "#1", "rotation": 90},
				"east": {"uv": [0, 0, 0.39782, 0.1], "texture": "#1", "rotation": 90},
				"south": {"uv": [0, 0, 0.39782, 0.1], "texture": "#1", "rotation": 90},
				"west": {"uv": [0, 0, 0.39782, 0.1], "texture": "#1", "rotation": 90},
				"up": {"uv": [0, 0, 0.39782, 0.1], "texture": "#1", "rotation": 90},
				"down": {"uv": [0, 0, 0.39782, 0.1], "texture": "#1", "rotation": 90}
			}
		},
		{
			"name": "hexadecagon",
			"from": [7, 4.55109, 2.6],
			"to": [9, 4.94891, 2.7],
			"rotation": {"angle": 0, "axis": "z", "origin": [8, 4.75, 5.1]},
			"faces": {
				"north": {"uv": [0, 0, 0.39782, 0.1], "texture": "#1", "rotation": 90},
				"east": {"uv": [0, 0, 0.39782, 0.1], "texture": "#1", "rotation": 90},
				"south": {"uv": [0, 0, 0.39782, 0.1], "texture": "#1", "rotation": 90},
				"west": {"uv": [0, 0, 0.39782, 0.1], "texture": "#1", "rotation": 90},
				"up": {"uv": [0, 0, 0.39782, 0.1], "texture": "#1", "rotation": 90},
				"down": {"uv": [0, 0, 0.39782, 0.1], "texture": "#1", "rotation": 90}
			}
		},
		{
			"name": "hexadecagon",
			"from": [7, 4.55109, 2.6],
			"to": [9, 4.94891, 2.7],
			"rotation": {"angle": 22.5, "axis": "z", "origin": [8, 4.75, 5.1]},
			"faces": {
				"north": {"uv": [0, 0, 0.39782, 0.1], "texture": "#1", "rotation": 90},
				"east": {"uv": [0, 0, 0.39782, 0.1], "texture": "#1", "rotation": 90},
				"south": {"uv": [0, 0, 0.39782, 0.1], "texture": "#1", "rotation": 90},
				"west": {"uv": [0, 0, 0.39782, 0.1], "texture": "#1", "rotation": 90},
				"up": {"uv": [0, 0, 0.39782, 0.1], "texture": "#1", "rotation": 90},
				"down": {"uv": [0, 0, 0.39782, 0.1], "texture": "#1", "rotation": 90}
			}
		},
		{
			"name": "hexadecagon",
			"from": [7.80109, 3.75, 1.6],
			"to": [8.19891, 5.75, 1.7],
			"rotation": {"angle": -45, "axis": "z", "origin": [8, 4.75, 4.1]},
			"faces": {
				"north": {"uv": [0, 0, 2, 0.1], "texture": "#1", "rotation": 90},
				"east": {"uv": [0, 0, 2, 0.1], "texture": "#1", "rotation": 90},
				"south": {"uv": [0, 0, 2, 0.1], "texture": "#1", "rotation": 90},
				"west": {"uv": [0, 0, 2, 0.1], "texture": "#1", "rotation": 90},
				"up": {"uv": [0, 0, 2, 0.1], "texture": "#1", "rotation": 90},
				"down": {"uv": [0, 0, 2, 0.1], "texture": "#1", "rotation": 90}
			}
		},
		{
			"name": "hexadecagon",
			"from": [7.80109, 3.75, 1.6],
			"to": [8.19891, 5.75, 1.7],
			"rotation": {"angle": -22.5, "axis": "z", "origin": [8, 4.75, 4.1]},
			"faces": {
				"north": {"uv": [0, 0, 2, 0.1], "texture": "#1", "rotation": 90},
				"east": {"uv": [0, 0, 2, 0.1], "texture": "#1", "rotation": 90},
				"south": {"uv": [0, 0, 2, 0.1], "texture": "#1", "rotation": 90},
				"west": {"uv": [0, 0, 2, 0.1], "texture": "#1", "rotation": 90},
				"up": {"uv": [0, 0, 2, 0.1], "texture": "#1", "rotation": 90},
				"down": {"uv": [0, 0, 2, 0.1], "texture": "#1", "rotation": 90}
			}
		},
		{
			"name": "hexadecagon",
			"from": [7.80109, 3.75, 1.6],
			"to": [8.19891, 5.75, 1.7],
			"rotation": {"angle": 0, "axis": "z", "origin": [8, 4.75, 4.1]},
			"faces": {
				"north": {"uv": [0, 0, 2, 0.1], "texture": "#1", "rotation": 90},
				"east": {"uv": [0, 0, 2, 0.1], "texture": "#1", "rotation": 90},
				"south": {"uv": [0, 0, 2, 0.1], "texture": "#1", "rotation": 90},
				"west": {"uv": [0, 0, 2, 0.1], "texture": "#1", "rotation": 90},
				"up": {"uv": [0, 0, 2, 0.1], "texture": "#1", "rotation": 90},
				"down": {"uv": [0, 0, 2, 0.1], "texture": "#1", "rotation": 90}
			}
		},
		{
			"name": "hexadecagon",
			"from": [7.80109, 3.75, 1.6],
			"to": [8.19891, 5.75, 1.7],
			"rotation": {"angle": 22.5, "axis": "z", "origin": [8, 4.75, 4.1]},
			"faces": {
				"north": {"uv": [0, 0, 2, 0.1], "texture": "#1", "rotation": 90},
				"east": {"uv": [0, 0, 2, 0.1], "texture": "#1", "rotation": 90},
				"south": {"uv": [0, 0, 2, 0.1], "texture": "#1", "rotation": 90},
				"west": {"uv": [0, 0, 2, 0.1], "texture": "#1", "rotation": 90},
				"up": {"uv": [0, 0, 2, 0.1], "texture": "#1", "rotation": 90},
				"down": {"uv": [0, 0, 2, 0.1], "texture": "#1", "rotation": 90}
			}
		},
		{
			"name": "hexadecagon",
			"from": [7.80109, 3.75, 1.6],
			"to": [8.19891, 5.75, 1.7],
			"rotation": {"angle": 45, "axis": "z", "origin": [8, 4.75, 4.1]},
			"faces": {
				"north": {"uv": [0, 0, 2, 0.1], "texture": "#1", "rotation": 90},
				"east": {"uv": [0, 0, 2, 0.1], "texture": "#1", "rotation": 90},
				"south": {"uv": [0, 0, 2, 0.1], "texture": "#1", "rotation": 90},
				"west": {"uv": [0, 0, 2, 0.1], "texture": "#1", "rotation": 90},
				"up": {"uv": [0, 0, 2, 0.1], "texture": "#1", "rotation": 90},
				"down": {"uv": [0, 0, 2, 0.1], "texture": "#1", "rotation": 90}
			}
		},
		{
			"name": "hexadecagon",
			"from": [7, 4.55109, 1.6],
			"to": [9, 4.94891, 1.7],
			"rotation": {"angle": -22.5, "axis": "z", "origin": [8, 4.75, 4.1]},
			"faces": {
				"north": {"uv": [0, 0, 0.39782, 0.1], "texture": "#1", "rotation": 90},
				"east": {"uv": [0, 0, 0.39782, 0.1], "texture": "#1", "rotation": 90},
				"south": {"uv": [0, 0, 0.39782, 0.1], "texture": "#1", "rotation": 90},
				"west": {"uv": [0, 0, 0.39782, 0.1], "texture": "#1", "rotation": 90},
				"up": {"uv": [0, 0, 0.39782, 0.1], "texture": "#1", "rotation": 90},
				"down": {"uv": [0, 0, 0.39782, 0.1], "texture": "#1", "rotation": 90}
			}
		},
		{
			"name": "hexadecagon",
			"from": [7, 4.55109, 1.6],
			"to": [9, 4.94891, 1.7],
			"rotation": {"angle": 0, "axis": "z", "origin": [8, 4.75, 4.1]},
			"faces": {
				"north": {"uv": [0, 0, 0.39782, 0.1], "texture": "#1", "rotation": 90},
				"east": {"uv": [0, 0, 0.39782, 0.1], "texture": "#1", "rotation": 90},
				"south": {"uv": [0, 0, 0.39782, 0.1], "texture": "#1", "rotation": 90},
				"west": {"uv": [0, 0, 0.39782, 0.1], "texture": "#1", "rotation": 90},
				"up": {"uv": [0, 0, 0.39782, 0.1], "texture": "#1", "rotation": 90},
				"down": {"uv": [0, 0, 0.39782, 0.1], "texture": "#1", "rotation": 90}
			}
		},
		{
			"name": "hexadecagon",
			"from": [7, 4.55109, 1.6],
			"to": [9, 4.94891, 1.7],
			"rotation": {"angle": 22.5, "axis": "z", "origin": [8, 4.75, 4.1]},
			"faces": {
				"north": {"uv": [0, 0, 0.39782, 0.1], "texture": "#1", "rotation": 90},
				"east": {"uv": [0, 0, 0.39782, 0.1], "texture": "#1", "rotation": 90},
				"south": {"uv": [0, 0, 0.39782, 0.1], "texture": "#1", "rotation": 90},
				"west": {"uv": [0, 0, 0.39782, 0.1], "texture": "#1", "rotation": 90},
				"up": {"uv": [0, 0, 0.39782, 0.1], "texture": "#1", "rotation": 90},
				"down": {"uv": [0, 0, 0.39782, 0.1], "texture": "#1", "rotation": 90}
			}
		},
		{
			"name": "hexadecagon",
			"from": [7.80109, 3.75, 5.6],
			"to": [8.19891, 5.75, 6.1],
			"rotation": {"angle": 0, "axis": "z", "origin": [8, 4.75, 8.1]},
			"faces": {
				"north": {"uv": [0, 0, 2, 0.5], "texture": "#1", "rotation": 90},
				"east": {"uv": [0, 0, 2, 0.5], "texture": "#1", "rotation": 90},
				"south": {"uv": [0, 0, 2, 0.5], "texture": "#1", "rotation": 90},
				"west": {"uv": [0, 0, 2, 0.5], "texture": "#1", "rotation": 90},
				"up": {"uv": [0, 0, 2, 0.5], "texture": "#1", "rotation": 90},
				"down": {"uv": [0, 0, 2, 0.5], "texture": "#1", "rotation": 90}
			}
		},
		{
			"name": "hexadecagon",
			"from": [7.80109, 3.75, 5.6],
			"to": [8.19891, 5.75, 6.1],
			"rotation": {"angle": 22.5, "axis": "z", "origin": [8, 4.75, 8.1]},
			"faces": {
				"north": {"uv": [0, 0, 2, 0.5], "texture": "#1", "rotation": 90},
				"east": {"uv": [0, 0, 2, 0.5], "texture": "#1", "rotation": 90},
				"south": {"uv": [0, 0, 2, 0.5], "texture": "#1", "rotation": 90},
				"west": {"uv": [0, 0, 2, 0.5], "texture": "#1", "rotation": 90},
				"up": {"uv": [0, 0, 2, 0.5], "texture": "#1", "rotation": 90},
				"down": {"uv": [0, 0, 2, 0.5], "texture": "#1", "rotation": 90}
			}
		},
		{
			"name": "hexadecagon",
			"from": [7.80109, 3.75, 5.6],
			"to": [8.19891, 5.75, 6.1],
			"rotation": {"angle": 45, "axis": "z", "origin": [8, 4.75, 8.1]},
			"faces": {
				"north": {"uv": [0, 0, 2, 0.5], "texture": "#1", "rotation": 90},
				"east": {"uv": [0, 0, 2, 0.5], "texture": "#1", "rotation": 90},
				"south": {"uv": [0, 0, 2, 0.5], "texture": "#1", "rotation": 90},
				"west": {"uv": [0, 0, 2, 0.5], "texture": "#1", "rotation": 90},
				"up": {"uv": [0, 0, 2, 0.5], "texture": "#1", "rotation": 90},
				"down": {"uv": [0, 0, 2, 0.5], "texture": "#1", "rotation": 90}
			}
		},
		{
			"name": "hexadecagon",
			"from": [7, 4.55109, 5.6],
			"to": [9, 4.94891, 6.1],
			"rotation": {"angle": -22.5, "axis": "z", "origin": [8, 4.75, 8.1]},
			"faces": {
				"north": {"uv": [0, 0, 0.39782, 0.5], "texture": "#1", "rotation": 90},
				"east": {"uv": [0, 0, 0.39782, 0.5], "texture": "#1", "rotation": 90},
				"south": {"uv": [0, 0, 0.39782, 0.5], "texture": "#1", "rotation": 90},
				"west": {"uv": [0, 0, 0.39782, 0.5], "texture": "#1", "rotation": 90},
				"up": {"uv": [0, 0, 0.39782, 0.5], "texture": "#1", "rotation": 90},
				"down": {"uv": [0, 0, 0.39782, 0.5], "texture": "#1", "rotation": 90}
			}
		},
		{
			"name": "hexadecagon",
			"from": [7, 4.55109, 5.6],
			"to": [9, 4.94891, 6.1],
			"rotation": {"angle": 0, "axis": "z", "origin": [8, 4.75, 8.1]},
			"faces": {
				"north": {"uv": [0, 0, 0.39782, 0.5], "texture": "#1", "rotation": 90},
				"east": {"uv": [0, 0, 0.39782, 0.5], "texture": "#1", "rotation": 90},
				"south": {"uv": [0, 0, 0.39782, 0.5], "texture": "#1", "rotation": 90},
				"west": {"uv": [0, 0, 0.39782, 0.5], "texture": "#1", "rotation": 90},
				"up": {"uv": [0, 0, 0.39782, 0.5], "texture": "#1", "rotation": 90},
				"down": {"uv": [0, 0, 0.39782, 0.5], "texture": "#1", "rotation": 90}
			}
		},
		{
			"name": "hexadecagon",
			"from": [7, 4.55109, 5.6],
			"to": [9, 4.94891, 6.1],
			"rotation": {"angle": 22.5, "axis": "z", "origin": [8, 4.75, 8.1]},
			"faces": {
				"north": {"uv": [0, 0, 0.39782, 0.5], "texture": "#1", "rotation": 90},
				"east": {"uv": [0, 0, 0.39782, 0.5], "texture": "#1", "rotation": 90},
				"south": {"uv": [0, 0, 0.39782, 0.5], "texture": "#1", "rotation": 90},
				"west": {"uv": [0, 0, 0.39782, 0.5], "texture": "#1", "rotation": 90},
				"up": {"uv": [0, 0, 0.39782, 0.5], "texture": "#1", "rotation": 90},
				"down": {"uv": [0, 0, 0.39782, 0.5], "texture": "#1", "rotation": 90}
			}
		},
		{
			"name": "hexadecagon",
			"from": [7.80109, 3.75, 5.6],
			"to": [8.19891, 5.75, 6.1],
			"rotation": {"angle": -45, "axis": "z", "origin": [8, 4.75, 8.1]},
			"faces": {
				"north": {"uv": [0, 0, 2, 0.5], "texture": "#1", "rotation": 90},
				"east": {"uv": [0, 0, 2, 0.5], "texture": "#1", "rotation": 90},
				"south": {"uv": [0, 0, 2, 0.5], "texture": "#1", "rotation": 90},
				"west": {"uv": [0, 0, 2, 0.5], "texture": "#1", "rotation": 90},
				"up": {"uv": [0, 0, 2, 0.5], "texture": "#1", "rotation": 90},
				"down": {"uv": [0, 0, 2, 0.5], "texture": "#1", "rotation": 90}
			}
		},
		{
			"name": "hexadecagon",
			"from": [7.80109, 3.75, 5.6],
			"to": [8.19891, 5.75, 6.1],
			"rotation": {"angle": -22.5, "axis": "z", "origin": [8, 4.75, 8.1]},
			"faces": {
				"north": {"uv": [0, 0, 2, 0.5], "texture": "#1", "rotation": 90},
				"east": {"uv": [0, 0, 2, 0.5], "texture": "#1", "rotation": 90},
				"south": {"uv": [0, 0, 2, 0.5], "texture": "#1", "rotation": 90},
				"west": {"uv": [0, 0, 2, 0.5], "texture": "#1", "rotation": 90},
				"up": {"uv": [0, 0, 2, 0.5], "texture": "#1", "rotation": 90},
				"down": {"uv": [0, 0, 2, 0.5], "texture": "#1", "rotation": 90}
			}
		},
		{
			"name": "hexadecagon",
			"from": [7.70163, 3.225, 11.3375],
			"to": [8.29837, 6.225, 13.0875],
			"rotation": {"angle": 0, "axis": "z", "origin": [8, 4.725, 18.0875]},
			"faces": {
				"north": {"uv": [0, 0, 2, 0.5], "texture": "#1", "rotation": 90},
				"east": {"uv": [0, 0, 2, 0.5], "texture": "#1", "rotation": 90},
				"south": {"uv": [0, 0, 2, 0.5], "texture": "#1", "rotation": 90},
				"west": {"uv": [0, 0, 2, 0.5], "texture": "#1", "rotation": 90},
				"up": {"uv": [0, 0, 2, 0.5], "texture": "#1", "rotation": 90},
				"down": {"uv": [0, 0, 2, 0.5], "texture": "#1", "rotation": 90}
			}
		},
		{
			"name": "hexadecagon",
			"from": [7.70163, 3.225, 11.3375],
			"to": [8.29837, 6.225, 13.0875],
			"rotation": {"angle": 22.5, "axis": "z", "origin": [8, 4.725, 18.0875]},
			"faces": {
				"north": {"uv": [0, 0, 2, 0.5], "texture": "#1", "rotation": 90},
				"east": {"uv": [0, 0, 2, 0.5], "texture": "#1", "rotation": 90},
				"south": {"uv": [0, 0, 2, 0.5], "texture": "#1", "rotation": 90},
				"west": {"uv": [0, 0, 2, 0.5], "texture": "#1", "rotation": 90},
				"up": {"uv": [0, 0, 2, 0.5], "texture": "#1", "rotation": 90},
				"down": {"uv": [0, 0, 2, 0.5], "texture": "#1", "rotation": 90}
			}
		},
		{
			"name": "hexadecagon",
			"from": [7.70163, 3.225, 11.3375],
			"to": [8.29837, 6.225, 13.0875],
			"rotation": {"angle": 45, "axis": "z", "origin": [8, 4.725, 18.0875]},
			"faces": {
				"north": {"uv": [0, 0, 2, 0.5], "texture": "#1", "rotation": 90},
				"east": {"uv": [0, 0, 2, 0.5], "texture": "#1", "rotation": 90},
				"south": {"uv": [0, 0, 2, 0.5], "texture": "#1", "rotation": 90},
				"west": {"uv": [0, 0, 2, 0.5], "texture": "#1", "rotation": 90},
				"up": {"uv": [0, 0, 2, 0.5], "texture": "#1", "rotation": 90},
				"down": {"uv": [0, 0, 2, 0.5], "texture": "#1", "rotation": 90}
			}
		},
		{
			"name": "hexadecagon",
			"from": [6.5, 4.42663, 11.3375],
			"to": [9.5, 5.02337, 13.0875],
			"rotation": {"angle": -22.5, "axis": "z", "origin": [8, 4.725, 18.0875]},
			"faces": {
				"north": {"uv": [0, 0, 0.39782, 0.5], "texture": "#1", "rotation": 90},
				"east": {"uv": [0, 0, 0.39782, 0.5], "texture": "#1", "rotation": 90},
				"south": {"uv": [0, 0, 0.39782, 0.5], "texture": "#1", "rotation": 90},
				"west": {"uv": [0, 0, 0.39782, 0.5], "texture": "#1", "rotation": 90},
				"up": {"uv": [0, 0, 0.39782, 0.5], "texture": "#1", "rotation": 90},
				"down": {"uv": [0, 0, 0.39782, 0.5], "texture": "#1", "rotation": 90}
			}
		},
		{
			"name": "hexadecagon",
			"from": [6.5, 4.42663, 11.3375],
			"to": [9.5, 5.02337, 13.0875],
			"rotation": {"angle": 0, "axis": "z", "origin": [8, 4.725, 18.0875]},
			"faces": {
				"north": {"uv": [0, 0, 0.39782, 0.5], "texture": "#1", "rotation": 90},
				"east": {"uv": [0, 0, 0.39782, 0.5], "texture": "#1", "rotation": 90},
				"south": {"uv": [0, 0, 0.39782, 0.5], "texture": "#1", "rotation": 90},
				"west": {"uv": [0, 0, 0.39782, 0.5], "texture": "#1", "rotation": 90},
				"up": {"uv": [0, 0, 0.39782, 0.5], "texture": "#1", "rotation": 90},
				"down": {"uv": [0, 0, 0.39782, 0.5], "texture": "#1", "rotation": 90}
			}
		},
		{
			"name": "hexadecagon",
			"from": [6.5, 4.42663, 11.3375],
			"to": [9.5, 5.02337, 13.0875],
			"rotation": {"angle": 22.5, "axis": "z", "origin": [8, 4.725, 18.0875]},
			"faces": {
				"north": {"uv": [0, 0, 0.39782, 0.5], "texture": "#1", "rotation": 90},
				"east": {"uv": [0, 0, 0.39782, 0.5], "texture": "#1", "rotation": 90},
				"south": {"uv": [0, 0, 0.39782, 0.5], "texture": "#1", "rotation": 90},
				"west": {"uv": [0, 0, 0.39782, 0.5], "texture": "#1", "rotation": 90},
				"up": {"uv": [0, 0, 0.39782, 0.5], "texture": "#1", "rotation": 90},
				"down": {"uv": [0, 0, 0.39782, 0.5], "texture": "#1", "rotation": 90}
			}
		},
		{
			"name": "hexadecagon",
			"from": [7.70163, 3.225, 11.3375],
			"to": [8.29837, 6.225, 13.0875],
			"rotation": {"angle": -45, "axis": "z", "origin": [8, 4.725, 18.0875]},
			"faces": {
				"north": {"uv": [0, 0, 2, 0.5], "texture": "#1", "rotation": 90},
				"east": {"uv": [0, 0, 2, 0.5], "texture": "#1", "rotation": 90},
				"south": {"uv": [0, 0, 2, 0.5], "texture": "#1", "rotation": 90},
				"west": {"uv": [0, 0, 2, 0.5], "texture": "#1", "rotation": 90},
				"up": {"uv": [0, 0, 2, 0.5], "texture": "#1", "rotation": 90},
				"down": {"uv": [0, 0, 2, 0.5], "texture": "#1", "rotation": 90}
			}
		},
		{
			"name": "hexadecagon",
			"from": [7.70163, 3.225, 11.3375],
			"to": [8.29837, 6.225, 13.0875],
			"rotation": {"angle": -22.5, "axis": "z", "origin": [8, 4.725, 18.0875]},
			"faces": {
				"north": {"uv": [0, 0, 2, 0.5], "texture": "#1", "rotation": 90},
				"east": {"uv": [0, 0, 2, 0.5], "texture": "#1", "rotation": 90},
				"south": {"uv": [0, 0, 2, 0.5], "texture": "#1", "rotation": 90},
				"west": {"uv": [0, 0, 2, 0.5], "texture": "#1", "rotation": 90},
				"up": {"uv": [0, 0, 2, 0.5], "texture": "#1", "rotation": 90},
				"down": {"uv": [0, 0, 2, 0.5], "texture": "#1", "rotation": 90}
			}
		},
		{
			"name": "hexadecagon",
			"from": [7.76131, 3.53, 13.02],
			"to": [8.23869, 5.93, 15.62],
			"rotation": {"angle": 0, "axis": "z", "origin": [8, 4.73, 18.42]},
			"faces": {
				"north": {"uv": [0, 0, 3, 0.75], "texture": "#1", "rotation": 90},
				"east": {"uv": [0, 0, 3, 0.75], "texture": "#1", "rotation": 90},
				"south": {"uv": [0, 0, 3, 0.75], "texture": "#1", "rotation": 90},
				"west": {"uv": [0, 0, 3, 0.75], "texture": "#1", "rotation": 90},
				"up": {"uv": [0, 0, 3, 0.75], "texture": "#1", "rotation": 90},
				"down": {"uv": [0, 0, 3, 0.75], "texture": "#1", "rotation": 90}
			}
		},
		{
			"name": "hexadecagon",
			"from": [7.76131, 3.53, 13.02],
			"to": [8.23869, 5.93, 15.62],
			"rotation": {"angle": 22.5, "axis": "z", "origin": [8, 4.73, 18.42]},
			"faces": {
				"north": {"uv": [0, 0, 3, 0.75], "texture": "#1", "rotation": 90},
				"east": {"uv": [0, 0, 3, 0.75], "texture": "#1", "rotation": 90},
				"south": {"uv": [0, 0, 3, 0.75], "texture": "#1", "rotation": 90},
				"west": {"uv": [0, 0, 3, 0.75], "texture": "#1", "rotation": 90},
				"up": {"uv": [0, 0, 3, 0.75], "texture": "#1", "rotation": 90},
				"down": {"uv": [0, 0, 3, 0.75], "texture": "#1", "rotation": 90}
			}
		},
		{
			"name": "hexadecagon",
			"from": [7.76131, 3.53, 13.02],
			"to": [8.23869, 5.93, 15.62],
			"rotation": {"angle": 45, "axis": "z", "origin": [8, 4.73, 18.42]},
			"faces": {
				"north": {"uv": [0, 0, 3, 0.75], "texture": "#1", "rotation": 90},
				"east": {"uv": [0, 0, 3, 0.75], "texture": "#1", "rotation": 90},
				"south": {"uv": [0, 0, 3, 0.75], "texture": "#1", "rotation": 90},
				"west": {"uv": [0, 0, 3, 0.75], "texture": "#1", "rotation": 90},
				"up": {"uv": [0, 0, 3, 0.75], "texture": "#1", "rotation": 90},
				"down": {"uv": [0, 0, 3, 0.75], "texture": "#1", "rotation": 90}
			}
		},
		{
			"name": "hexadecagon",
			"from": [6.8, 4.49131, 13.02],
			"to": [9.2, 4.96869, 15.62],
			"rotation": {"angle": -22.5, "axis": "z", "origin": [8, 4.73, 18.42]},
			"faces": {
				"north": {"uv": [0, 0, 0.59674, 0.75], "texture": "#1", "rotation": 90},
				"east": {"uv": [0, 0, 0.59674, 0.75], "texture": "#1", "rotation": 90},
				"south": {"uv": [0, 0, 0.59674, 0.75], "texture": "#1", "rotation": 90},
				"west": {"uv": [0, 0, 0.59674, 0.75], "texture": "#1", "rotation": 90},
				"up": {"uv": [0, 0, 0.59674, 0.75], "texture": "#1", "rotation": 90},
				"down": {"uv": [0, 0, 0.59674, 0.75], "texture": "#1", "rotation": 90}
			}
		},
		{
			"name": "hexadecagon",
			"from": [6.8, 4.49131, 13.02],
			"to": [9.2, 4.96869, 15.62],
			"rotation": {"angle": 0, "axis": "z", "origin": [8, 4.73, 18.42]},
			"faces": {
				"north": {"uv": [0, 0, 0.59674, 0.75], "texture": "#1", "rotation": 90},
				"east": {"uv": [0, 0, 0.59674, 0.75], "texture": "#1", "rotation": 90},
				"south": {"uv": [0, 0, 0.59674, 0.75], "texture": "#1", "rotation": 90},
				"west": {"uv": [0, 0, 0.59674, 0.75], "texture": "#1", "rotation": 90},
				"up": {"uv": [0, 0, 0.59674, 0.75], "texture": "#1", "rotation": 90},
				"down": {"uv": [0, 0, 0.59674, 0.75], "texture": "#1", "rotation": 90}
			}
		},
		{
			"name": "hexadecagon",
			"from": [6.8, 4.49131, 13.02],
			"to": [9.2, 4.96869, 15.62],
			"rotation": {"angle": 22.5, "axis": "z", "origin": [8, 4.73, 18.42]},
			"faces": {
				"north": {"uv": [0, 0, 0.59674, 0.75], "texture": "#1", "rotation": 90},
				"east": {"uv": [0, 0, 0.59674, 0.75], "texture": "#1", "rotation": 90},
				"south": {"uv": [0, 0, 0.59674, 0.75], "texture": "#1", "rotation": 90},
				"west": {"uv": [0, 0, 0.59674, 0.75], "texture": "#1", "rotation": 90},
				"up": {"uv": [0, 0, 0.59674, 0.75], "texture": "#1", "rotation": 90},
				"down": {"uv": [0, 0, 0.59674, 0.75], "texture": "#1", "rotation": 90}
			}
		},
		{
			"name": "hexadecagon",
			"from": [7.76131, 3.53, 13.02],
			"to": [8.23869, 5.93, 15.62],
			"rotation": {"angle": -45, "axis": "z", "origin": [8, 4.73, 18.42]},
			"faces": {
				"north": {"uv": [0, 0, 3, 0.75], "texture": "#1", "rotation": 90},
				"east": {"uv": [0, 0, 3, 0.75], "texture": "#1", "rotation": 90},
				"south": {"uv": [0, 0, 3, 0.75], "texture": "#1", "rotation": 90},
				"west": {"uv": [0, 0, 3, 0.75], "texture": "#1", "rotation": 90},
				"up": {"uv": [0, 0, 3, 0.75], "texture": "#1", "rotation": 90},
				"down": {"uv": [0, 0, 3, 0.75], "texture": "#1", "rotation": 90}
			}
		},
		{
			"name": "hexadecagon",
			"from": [7.76131, 3.53, 13.02],
			"to": [8.23869, 5.93, 15.62],
			"rotation": {"angle": -22.5, "axis": "z", "origin": [8, 4.73, 18.42]},
			"faces": {
				"north": {"uv": [0, 0, 3, 0.75], "texture": "#1", "rotation": 90},
				"east": {"uv": [0, 0, 3, 0.75], "texture": "#1", "rotation": 90},
				"south": {"uv": [0, 0, 3, 0.75], "texture": "#1", "rotation": 90},
				"west": {"uv": [0, 0, 3, 0.75], "texture": "#1", "rotation": 90},
				"up": {"uv": [0, 0, 3, 0.75], "texture": "#1", "rotation": 90},
				"down": {"uv": [0, 0, 3, 0.75], "texture": "#1", "rotation": 90}
			}
		},
		{
			"name": "hexadecagon",
			"from": [6.10082, 2.6125, 12.41875],
			"to": [6.39918, 4.1125, 15.29375],
			"rotation": {"angle": 0, "axis": "z", "origin": [6.25, 3.3625, 15.79375]},
			"faces": {
				"north": {"uv": [0, 0, 3, 1.75], "texture": "#1", "rotation": 90},
				"east": {"uv": [0, 0, 3, 1.75], "texture": "#1", "rotation": 90},
				"south": {"uv": [0, 0, 3, 1.75], "texture": "#1", "rotation": 90},
				"west": {"uv": [0, 0, 3, 1.75], "texture": "#1", "rotation": 90},
				"up": {"uv": [0, 0, 3, 1.75], "texture": "#1", "rotation": 90},
				"down": {"uv": [0, 0, 3, 1.75], "texture": "#1", "rotation": 90}
			}
		},
		{
			"name": "hexadecagon",
			"from": [6.10082, 2.6125, 12.41875],
			"to": [6.39918, 4.1125, 15.29375],
			"rotation": {"angle": 22.5, "axis": "z", "origin": [6.25, 3.3625, 15.79375]},
			"faces": {
				"north": {"uv": [0, 0, 3, 1.75], "texture": "#1", "rotation": 90},
				"east": {"uv": [0, 0, 3, 1.75], "texture": "#1", "rotation": 90},
				"south": {"uv": [0, 0, 3, 1.75], "texture": "#1", "rotation": 90},
				"west": {"uv": [0, 0, 3, 1.75], "texture": "#1", "rotation": 90},
				"up": {"uv": [0, 0, 3, 1.75], "texture": "#1", "rotation": 90},
				"down": {"uv": [0, 0, 3, 1.75], "texture": "#1", "rotation": 90}
			}
		},
		{
			"name": "hexadecagon",
			"from": [6.10082, 2.6125, 12.41875],
			"to": [6.39918, 4.1125, 15.29375],
			"rotation": {"angle": 45, "axis": "z", "origin": [6.25, 3.3625, 15.79375]},
			"faces": {
				"north": {"uv": [0, 0, 3, 1.75], "texture": "#1", "rotation": 90},
				"east": {"uv": [0, 0, 3, 1.75], "texture": "#1", "rotation": 90},
				"south": {"uv": [0, 0, 3, 1.75], "texture": "#1", "rotation": 90},
				"west": {"uv": [0, 0, 3, 1.75], "texture": "#1", "rotation": 90},
				"up": {"uv": [0, 0, 3, 1.75], "texture": "#1", "rotation": 90},
				"down": {"uv": [0, 0, 3, 1.75], "texture": "#1", "rotation": 90}
			}
		},
		{
			"name": "hexadecagon",
			"from": [5.5, 3.21332, 12.41875],
			"to": [7, 3.51168, 15.29375],
			"rotation": {"angle": -22.5, "axis": "z", "origin": [6.25, 3.3625, 15.79375]},
			"faces": {
				"north": {"uv": [0, 0, 0.59674, 1.75], "texture": "#1", "rotation": 90},
				"east": {"uv": [0, 0, 0.59674, 1.75], "texture": "#1", "rotation": 90},
				"south": {"uv": [0, 0, 0.59674, 1.75], "texture": "#1", "rotation": 90},
				"west": {"uv": [0, 0, 0.59674, 1.75], "texture": "#1", "rotation": 90},
				"up": {"uv": [0, 0, 0.59674, 1.75], "texture": "#1", "rotation": 90},
				"down": {"uv": [0, 0, 0.59674, 1.75], "texture": "#1", "rotation": 90}
			}
		},
		{
			"name": "hexadecagon",
			"from": [5.5, 3.21332, 12.41875],
			"to": [7, 3.51168, 15.29375],
			"rotation": {"angle": 0, "axis": "z", "origin": [6.25, 3.3625, 15.79375]},
			"faces": {
				"north": {"uv": [0, 0, 0.59674, 1.75], "texture": "#1", "rotation": 90},
				"east": {"uv": [0, 0, 0.59674, 1.75], "texture": "#1", "rotation": 90},
				"south": {"uv": [0, 0, 0.59674, 1.75], "texture": "#1", "rotation": 90},
				"west": {"uv": [0, 0, 0.59674, 1.75], "texture": "#1", "rotation": 90},
				"up": {"uv": [0, 0, 0.59674, 1.75], "texture": "#1", "rotation": 90},
				"down": {"uv": [0, 0, 0.59674, 1.75], "texture": "#1", "rotation": 90}
			}
		},
		{
			"name": "hexadecagon",
			"from": [5.5, 3.21332, 12.41875],
			"to": [7, 3.51168, 15.29375],
			"rotation": {"angle": 22.5, "axis": "z", "origin": [6.25, 3.3625, 15.79375]},
			"faces": {
				"north": {"uv": [0, 0, 0.59674, 1.75], "texture": "#1", "rotation": 90},
				"east": {"uv": [0, 0, 0.59674, 1.75], "texture": "#1", "rotation": 90},
				"south": {"uv": [0, 0, 0.59674, 1.75], "texture": "#1", "rotation": 90},
				"west": {"uv": [0, 0, 0.59674, 1.75], "texture": "#1", "rotation": 90},
				"up": {"uv": [0, 0, 0.59674, 1.75], "texture": "#1", "rotation": 90},
				"down": {"uv": [0, 0, 0.59674, 1.75], "texture": "#1", "rotation": 90}
			}
		},
		{
			"name": "hexadecagon",
			"from": [6.10082, 2.6125, 12.41875],
			"to": [6.39918, 4.1125, 15.29375],
			"rotation": {"angle": -45, "axis": "z", "origin": [6.25, 3.3625, 15.79375]},
			"faces": {
				"north": {"uv": [0, 0, 3, 1.75], "texture": "#1", "rotation": 90},
				"east": {"uv": [0, 0, 3, 1.75], "texture": "#1", "rotation": 90},
				"south": {"uv": [0, 0, 3, 1.75], "texture": "#1", "rotation": 90},
				"west": {"uv": [0, 0, 3, 1.75], "texture": "#1", "rotation": 90},
				"up": {"uv": [0, 0, 3, 1.75], "texture": "#1", "rotation": 90},
				"down": {"uv": [0, 0, 3, 1.75], "texture": "#1", "rotation": 90}
			}
		},
		{
			"name": "hexadecagon",
			"from": [6.10082, 2.6125, 12.41875],
			"to": [6.39918, 4.1125, 15.29375],
			"rotation": {"angle": -22.5, "axis": "z", "origin": [6.25, 3.3625, 15.79375]},
			"faces": {
				"north": {"uv": [0, 0, 3, 1.75], "texture": "#1", "rotation": 90},
				"east": {"uv": [0, 0, 3, 1.75], "texture": "#1", "rotation": 90},
				"south": {"uv": [0, 0, 3, 1.75], "texture": "#1", "rotation": 90},
				"west": {"uv": [0, 0, 3, 1.75], "texture": "#1", "rotation": 90},
				"up": {"uv": [0, 0, 3, 1.75], "texture": "#1", "rotation": 90},
				"down": {"uv": [0, 0, 3, 1.75], "texture": "#1", "rotation": 90}
			}
		},
		{
			"name": "hexadecagon",
			"from": [7.20163, 2.475, 11.8375],
			"to": [7.79837, 6.225, 12.5875],
			"rotation": {"angle": -45, "axis": "z", "origin": [7.5, 4.725, 18.0875]},
			"faces": {
				"north": {"uv": [3, 0, 6.75, 0.75], "texture": "#0", "rotation": 90},
				"east": {"uv": [3, 0, 6.75, 0.75], "texture": "#0", "rotation": 90},
				"south": {"uv": [3, 0, 6.75, 0.75], "texture": "#0", "rotation": 90},
				"west": {"uv": [3, 0, 6.75, 0.75], "texture": "#0", "rotation": 90},
				"up": {"uv": [3, 0, 6.75, 0.75], "texture": "#0", "rotation": 90},
				"down": {"uv": [3, 0, 6.75, 0.75], "texture": "#0", "rotation": 90}
			}
		},
		{
			"name": "hexadecagon",
			"from": [7.51131, 4.28, 17.27],
			"to": [8.41131, 5.93, 17.62],
			"rotation": {"angle": 0, "axis": "z", "origin": [8, 5.73, 18.42]},
			"faces": {
				"north": {"uv": [3, 0, 7.29968, 0.39984], "texture": "#0", "rotation": 90},
				"east": {"uv": [3, 0, 7.29968, 0.39984], "texture": "#0", "rotation": 90},
				"south": {"uv": [3, 0, 7.29968, 0.39984], "texture": "#0", "rotation": 90},
				"west": {"uv": [3, 0, 7.29968, 0.39984], "texture": "#0", "rotation": 90},
				"up": {"uv": [3, 0, 7.29968, 0.39984], "texture": "#0", "rotation": 90},
				"down": {"uv": [3, 0, 7.29968, 0.39984], "texture": "#0", "rotation": 90}
			}
		},
		{
			"name": "hexadecagon",
			"from": [7.76131, 4.53, 15.02],
			"to": [8.16131, 4.93, 17.62],
			"rotation": {"angle": 0, "axis": "z", "origin": [8, 4.73, 18.42]},
			"faces": {
				"north": {"uv": [3, 0, 7.29968, 0.39984], "texture": "#0", "rotation": 90},
				"east": {"uv": [3, 0, 7.29968, 0.39984], "texture": "#0", "rotation": 90},
				"south": {"uv": [3, 0, 7.29968, 0.39984], "texture": "#0", "rotation": 90},
				"west": {"uv": [3, 0, 7.29968, 0.39984], "texture": "#0", "rotation": 90},
				"up": {"uv": [3, 0, 7.29968, 0.39984], "texture": "#0", "rotation": 90},
				"down": {"uv": [3, 0, 7.29968, 0.39984], "texture": "#0", "rotation": 90}
			}
		},
		{
			"name": "hexadecagon",
			"from": [7.51131, 5.78, 16.02],
			"to": [8.41131, 6.48, 18.87],
			"rotation": {"angle": 0, "axis": "z", "origin": [8, 7.23, 19.17]},
			"faces": {
				"north": {"uv": [3, 0, 7.29968, 0.39984], "texture": "#0", "rotation": 90},
				"east": {"uv": [3, 0, 7.29968, 0.39984], "texture": "#0", "rotation": 90},
				"south": {"uv": [3, 0, 7.29968, 0.39984], "texture": "#0", "rotation": 90},
				"west": {"uv": [3, 0, 7.29968, 0.39984], "texture": "#0", "rotation": 90},
				"up": {"uv": [3, 0, 7.29968, 0.39984], "texture": "#0", "rotation": 90},
				"down": {"uv": [3, 0, 7.29968, 0.39984], "texture": "#0", "rotation": 90}
			}
		},
		{
			"name": "hexadecagon",
			"from": [9.25, 4.42663, 11.5875],
			"to": [10.5, 5.02337, 12.8375],
			"rotation": {"angle": 22.5, "axis": "z", "origin": [9.5, 4.725, 18.0875]},
			"faces": {
				"north": {"uv": [0, 0, 0.59674, 1.25], "texture": "#1", "rotation": 90},
				"east": {"uv": [0, 0, 0.59674, 1.25], "texture": "#1", "rotation": 90},
				"south": {"uv": [0, 0, 0.59674, 1.25], "texture": "#1", "rotation": 90},
				"west": {"uv": [0, 0, 0.59674, 1.25], "texture": "#1", "rotation": 90},
				"up": {"uv": [0, 0, 0.59674, 1.25], "texture": "#1", "rotation": 90},
				"down": {"uv": [0, 0, 0.59674, 1.25], "texture": "#1", "rotation": 90}
			}
		},
		{
			"name": "hexadecagon",
			"from": [10.3, 4.77663, 11.5875],
			"to": [10.8, 5.37337, 12.8375],
			"rotation": {"angle": 0, "axis": "z", "origin": [10.55, 5.075, 18.0875]},
			"faces": {
				"north": {"uv": [0, 0, 0.59674, 1.25], "texture": "#1", "rotation": 90},
				"east": {"uv": [0, 0, 0.59674, 1.25], "texture": "#1", "rotation": 90},
				"south": {"uv": [0, 0, 0.59674, 1.25], "texture": "#1", "rotation": 90},
				"west": {"uv": [0, 0, 0.59674, 1.25], "texture": "#1", "rotation": 90},
				"up": {"uv": [0, 0, 0.59674, 1.25], "texture": "#1", "rotation": 90},
				"down": {"uv": [0, 0, 0.59674, 1.25], "texture": "#1", "rotation": 90}
			}
		},
		{
			"name": "hexadecagon",
			"from": [9.5, 1.67663, 11.3375],
			"to": [13, 4.27337, 13.3375],
			"rotation": {"angle": 0, "axis": "z", "origin": [9.75, 3.975, 18.3375]},
			"faces": {
				"north": {"uv": [0, 0, 2.59674, 2], "texture": "#1", "rotation": 90},
				"east": {"uv": [0, 0, 2.59674, 2], "texture": "#1", "rotation": 90},
				"south": {"uv": [0, 0, 2.59674, 2], "texture": "#1", "rotation": 90},
				"west": {"uv": [0, 0, 2.59674, 2], "texture": "#1", "rotation": 90},
				"up": {"uv": [0, 0, 2.59674, 2], "texture": "#1", "rotation": 90},
				"down": {"uv": [0, 0, 2.59674, 2], "texture": "#1", "rotation": 90}
			}
		},
		{
			"name": "hexadecagon",
			"from": [10.3, 4.77663, 11.8375],
			"to": [11.7, 4.87337, 12.5875],
			"rotation": {"angle": -22.5, "axis": "z", "origin": [11.55, 5.075, 18.0875]},
			"faces": {
				"north": {"uv": [0, 0, 0.09674, 0.75], "texture": "#3", "rotation": 90},
				"east": {"uv": [0, 0, 0.09674, 0.75], "texture": "#3", "rotation": 90},
				"south": {"uv": [0, 0, 0.09674, 0.75], "texture": "#3", "rotation": 90},
				"west": {"uv": [0, 0, 0.09674, 0.75], "texture": "#3", "rotation": 90},
				"up": {"uv": [0, 0, 0.09674, 0.75], "texture": "#3", "rotation": 90},
				"down": {"uv": [0, 0, 0.09674, 0.75], "texture": "#3", "rotation": 90}
			}
		},
		{
			"name": "hexadecagon",
			"from": [11.4, 3.77663, 11.8375],
			"to": [12.9, 3.87337, 12.5875],
			"rotation": {"angle": -45, "axis": "z", "origin": [12.65, 4.075, 18.0875]},
			"faces": {
				"north": {"uv": [0, 0, 0.09674, 0.75], "texture": "#3", "rotation": 90},
				"east": {"uv": [0, 0, 0.09674, 0.75], "texture": "#3", "rotation": 90},
				"south": {"uv": [0, 0, 0.09674, 0.75], "texture": "#3", "rotation": 90},
				"west": {"uv": [0, 0, 0.09674, 0.75], "texture": "#3", "rotation": 90},
				"up": {"uv": [0, 0, 0.09674, 0.75], "texture": "#3", "rotation": 90},
				"down": {"uv": [0, 0, 0.09674, 0.75], "texture": "#3", "rotation": 90}
			}
		},
		{
			"name": "hexadecagon",
			"from": [11.75, 4.27337, 11.8375],
			"to": [12.5, 4.37337, 12.8375],
			"rotation": {"angle": 0, "axis": "z", "origin": [9.75, 3.975, 18.3375]},
			"faces": {
				"north": {"uv": [0, 0, 0.1, 1], "texture": "#2", "rotation": 90},
				"east": {"uv": [0, 0, 0.1, 1], "texture": "#2", "rotation": 90},
				"south": {"uv": [0, 0, 0.1, 1], "texture": "#2", "rotation": 90},
				"west": {"uv": [0, 0, 0.1, 1], "texture": "#2", "rotation": 90},
				"up": {"uv": [0, 0, 0.1, 1], "texture": "#2", "rotation": 90},
				"down": {"uv": [0, 0, 0.1, 1], "texture": "#2", "rotation": 90}
			}
		},
		{
			"name": "hexadecagon",
			"from": [5.81131, 6.03, 11.27],
			"to": [10.11131, 6.43, 12.12],
			"rotation": {"angle": 0, "axis": "z", "origin": [8, 7.48, 14.17]},
			"faces": {
				"north": {"uv": [3, 0, 7.29968, 0.39984], "texture": "#0", "rotation": 90},
				"east": {"uv": [3, 0, 7.29968, 0.39984], "texture": "#0", "rotation": 90},
				"south": {"uv": [3, 0, 7.29968, 0.39984], "texture": "#0", "rotation": 90},
				"west": {"uv": [3, 0, 7.29968, 0.39984], "texture": "#0", "rotation": 90},
				"up": {"uv": [3, 0, 7.29968, 0.39984], "texture": "#0", "rotation": 90},
				"down": {"uv": [3, 0, 7.29968, 0.39984], "texture": "#0", "rotation": 90}
			}
		},
		{
			"name": "hexadecagon",
			"from": [6.59211, 6.03, 11.74821],
			"to": [6.94211, 6.43, 16.24821],
			"rotation": {"angle": 22.5, "axis": "y", "origin": [7.01711, 6.23, 13.89821]},
			"faces": {
				"north": {"uv": [3, 0, 7.29968, 0.39984], "texture": "#0", "rotation": 90},
				"east": {"uv": [3, 0, 7.29968, 0.39984], "texture": "#0", "rotation": 90},
				"south": {"uv": [3, 0, 7.29968, 0.39984], "texture": "#0", "rotation": 90},
				"west": {"uv": [3, 0, 7.29968, 0.39984], "texture": "#0", "rotation": 90},
				"up": {"uv": [3, 0, 7.29968, 0.39984], "texture": "#0", "rotation": 90},
				"down": {"uv": [3, 0, 7.29968, 0.39984], "texture": "#0", "rotation": 90}
			}
		},
		{
			"name": "hexadecagon",
			"from": [8.89211, 6.03, 11.94821],
			"to": [9.24211, 6.43, 16.44821],
			"rotation": {"angle": -22.5, "axis": "y", "origin": [9.31711, 6.23, 14.09821]},
			"faces": {
				"north": {"uv": [3, 0, 7.29968, 0.39984], "texture": "#0", "rotation": 90},
				"east": {"uv": [3, 0, 7.29968, 0.39984], "texture": "#0", "rotation": 90},
				"south": {"uv": [3, 0, 7.29968, 0.39984], "texture": "#0", "rotation": 90},
				"west": {"uv": [3, 0, 7.29968, 0.39984], "texture": "#0", "rotation": 90},
				"up": {"uv": [3, 0, 7.29968, 0.39984], "texture": "#0", "rotation": 90},
				"down": {"uv": [3, 0, 7.29968, 0.39984], "texture": "#0", "rotation": 90}
			}
		},
		{
			"name": "hexadecagon",
			"from": [7.06131, 7.03, 11.52],
			"to": [8.86131, 7.18, 11.87],
			"rotation": {"angle": 0, "axis": "z", "origin": [8, 8.48, 14.17]},
			"faces": {
				"north": {"uv": [0, 0, 0.15, 0.35], "texture": "#1", "rotation": 90},
				"east": {"uv": [0, 0, 0.15, 0.35], "texture": "#1", "rotation": 90},
				"south": {"uv": [0, 0, 0.15, 0.35], "texture": "#1", "rotation": 90},
				"west": {"uv": [0, 0, 0.15, 0.35], "texture": "#1", "rotation": 90},
				"up": {"uv": [0, 0, 0.15, 0.35], "texture": "#1", "rotation": 90},
				"down": {"uv": [0, 0, 0.15, 0.35], "texture": "#1", "rotation": 90}
			}
		},
		{
			"name": "hexadecagon",
			"from": [7.06131, 6.03, 11.52],
			"to": [7.26131, 7.18, 11.87],
			"rotation": {"angle": 0, "axis": "z", "origin": [8, 8.48, 14.17]},
			"faces": {
				"north": {"uv": [0, 0, 1.15, 0.35], "texture": "#1", "rotation": 90},
				"east": {"uv": [0, 0, 1.15, 0.35], "texture": "#1", "rotation": 90},
				"south": {"uv": [0, 0, 1.15, 0.35], "texture": "#1", "rotation": 90},
				"west": {"uv": [0, 0, 1.15, 0.35], "texture": "#1", "rotation": 90},
				"up": {"uv": [0, 0, 1.15, 0.35], "texture": "#1", "rotation": 90},
				"down": {"uv": [0, 0, 1.15, 0.35], "texture": "#1", "rotation": 90}
			}
		},
		{
			"name": "hexadecagon",
			"from": [8.66131, 6.03, 11.52],
			"to": [8.86131, 7.18, 11.87],
			"rotation": {"angle": 0, "axis": "z", "origin": [8, 8.48, 14.17]},
			"faces": {
				"north": {"uv": [0, 0, 1.15, 0.35], "texture": "#1", "rotation": 90},
				"east": {"uv": [0, 0, 1.15, 0.35], "texture": "#1", "rotation": 90},
				"south": {"uv": [0, 0, 1.15, 0.35], "texture": "#1", "rotation": 90},
				"west": {"uv": [0, 0, 1.15, 0.35], "texture": "#1", "rotation": 90},
				"up": {"uv": [0, 0, 1.15, 0.35], "texture": "#1", "rotation": 90},
				"down": {"uv": [0, 0, 1.15, 0.35], "texture": "#1", "rotation": 90}
			}
		},
		{
			"name": "hexadecagon",
			"from": [6.66131, 5.13, 11.52],
			"to": [7.86131, 5.53, 12.12],
			"rotation": {"angle": -45, "axis": "z", "origin": [7.35, 6.58, 14.17]},
			"faces": {
				"north": {"uv": [3, 0, 7.29968, 0.39984], "texture": "#0", "rotation": 90},
				"east": {"uv": [3, 0, 7.29968, 0.39984], "texture": "#0", "rotation": 90},
				"south": {"uv": [3, 0, 7.29968, 0.39984], "texture": "#0", "rotation": 90},
				"west": {"uv": [3, 0, 7.29968, 0.39984], "texture": "#0", "rotation": 90},
				"up": {"uv": [3, 0, 7.29968, 0.39984], "texture": "#0", "rotation": 90},
				"down": {"uv": [3, 0, 7.29968, 0.39984], "texture": "#0", "rotation": 90}
			}
		},
		{
			"name": "hexadecagon",
			"from": [8.01131, 5.23, 11.52],
			"to": [9.21131, 5.63, 12.12],
			"rotation": {"angle": 45, "axis": "z", "origin": [8.7, 6.68, 14.17]},
			"faces": {
				"north": {"uv": [3, 0, 7.29968, 0.39984], "texture": "#0", "rotation": 90},
				"east": {"uv": [3, 0, 7.29968, 0.39984], "texture": "#0", "rotation": 90},
				"south": {"uv": [3, 0, 7.29968, 0.39984], "texture": "#0", "rotation": 90},
				"west": {"uv": [3, 0, 7.29968, 0.39984], "texture": "#0", "rotation": 90},
				"up": {"uv": [3, 0, 7.29968, 0.39984], "texture": "#0", "rotation": 90},
				"down": {"uv": [3, 0, 7.29968, 0.39984], "texture": "#0", "rotation": 90}
			}
		},
		{
			"name": "hexadecagon",
			"from": [7.66131, 6.28, 18.27],
			"to": [8.26131, 7.38, 18.72],
			"rotation": {"angle": 0, "axis": "z", "origin": [8, 7.73, 19.17]},
			"faces": {
				"north": {"uv": [0, 0, 1.1, 0.45], "texture": "#1", "rotation": 90},
				"east": {"uv": [0, 0, 1.1, 0.45], "texture": "#1", "rotation": 90},
				"south": {"uv": [0, 0, 1.1, 0.45], "texture": "#1", "rotation": 90},
				"west": {"uv": [0, 0, 1.1, 0.45], "texture": "#1", "rotation": 90},
				"up": {"uv": [0, 0, 1.1, 0.45], "texture": "#1", "rotation": 90},
				"down": {"uv": [0, 0, 1.1, 0.45], "texture": "#1", "rotation": 90}
			}
		},
		{
			"name": "hexadecagon",
			"from": [7.66131, 7.43, 17.67],
			"to": [8.26131, 8.63, 18.12],
			"rotation": {"angle": -22.5, "axis": "x", "origin": [8, 8.98, 18.57]},
			"faces": {
				"north": {"uv": [0, 0, 1.2, 0.45], "texture": "#1", "rotation": 90},
				"east": {"uv": [0, 0, 1.2, 0.45], "texture": "#1", "rotation": 90},
				"south": {"uv": [0, 0, 1.2, 0.45], "texture": "#1", "rotation": 90},
				"west": {"uv": [0, 0, 1.2, 0.45], "texture": "#1", "rotation": 90},
				"up": {"uv": [0, 0, 1.2, 0.45], "texture": "#1", "rotation": 90},
				"down": {"uv": [0, 0, 1.2, 0.45], "texture": "#1", "rotation": 90}
			}
		},
		{
			"name": "hexadecagon",
			"from": [7.86131, 7.63, 17.97],
			"to": [8.06131, 8.13, 18.22],
			"rotation": {"angle": 0, "axis": "x", "origin": [7.96131, 7.93, 18.195]},
			"faces": {
				"north": {"uv": [0, 0, 0.5, 0.25], "texture": "#2", "rotation": 90},
				"east": {"uv": [0, 0, 0.5, 0.25], "texture": "#2", "rotation": 90},
				"south": {"uv": [0, 0, 0.5, 0.25], "texture": "#2", "rotation": 90},
				"west": {"uv": [0, 0, 0.5, 0.25], "texture": "#2", "rotation": 90},
				"up": {"uv": [0, 0, 0.5, 0.25], "texture": "#2", "rotation": 90},
				"down": {"uv": [0, 0, 0.5, 0.25], "texture": "#2", "rotation": 90}
			}
		}
	],
	"display": {
		"thirdperson_righthand": {
			"scale": [2, 2, 2],
			"translation": [0, -1, -18]
		},
		"thirdperson_lefthand": {
			"scale": [2, 2, 2],
			"translation": [0, -1, -18]
		},
		"firstperson_righthand": {
			"translation": [-5.5, 6, 2.5]
		},
		"firstperson_lefthand": {
			"translation": [-5.5, 6, 2.5]
		},
		"head": {
			"scale": [3, 3, 3],
			"rotation": [90, 0, 180],
			"translation": [0, -7, -1.5]
		},
		"ground": {
			"scale": [2, 2, 2],
			"translation": [0.5, 12.5, -3]
		},
		"fixed": {
			"scale": [2, 2, 2],
			"translation": [-2, 7.5, -3],
			"rotation": [0, 90, 0]
		},
		"gui": {
			"rotation": [28, 130, 0],
			"translation": [-1, 1.5, 0]
		}
	},
	"groups": [
		{
			"name": "octagon",
			"isOpen": false,
			"shade": true,
			"display": {
				"visibility": true,
				"autouv": true
			},
			"children": [0, 1, 2, 3, 4, 5, 6, 7, 8, 9, 10, 11, 12, 13, 14, 15, 16, 17, 18, 19, 20, 21, 22, 23]
		},
		{
			"name": "hexadecagon",
			"isOpen": true,
			"shade": true,
			"display": {
				"visibility": true,
				"autouv": true
			},
			"children": [24, 25, 26, 27, 28, 29, 30, 31, 32, 33, 34, 35, 36, 37, 38, 39, 40, 41, 42, 43, 44, 45, 46, 47, 48, 49, 50, 51, 52, 53, 54, 55, 56, 57, 58, 59, 60, 61, 62, 63, 64, 65, 66, 67, 68, 69, 70, 71, 72, 73, 74, 75, 76, 77, 78, 79, 80, 81, 82, 83, 84, 85, 86, 87, 88, 89, 90, 91, 92, 93, 94, 95, 96, 97, 98, 99, 100]
		}
	]
}