{
	"credit": "Made by MadstonMagic, using Cubik Pro & Blockbench",
	"textures": {
		"texture": "weapons/arsenal_firearms_strike_one/base"
	},
	"elements": [
		{
			"from": [-1, 9.5, 6.5],
			"to": [5.75, 10.375, 9.5],
			"faces": {
				"north": {"uv": [4.5, 7, 5.25, 7.75], "texture": "#texture"},
				"east": {"uv": [4.5, 7, 5.25, 7.75], "texture": "#texture"},
				"south": {"uv": [4.5, 7, 5.25, 7.75], "texture": "#texture"},
				"west": {"uv": [4.5, 7, 5.25, 7.75], "texture": "#texture"},
				"up": {"uv": [4.5, 7, 5.25, 7.75], "texture": "#texture"},
				"down": {"uv": [4.5, 7, 5.25, 7.75], "texture": "#texture"}
			}
		},
		{
			"from": [5.75, 9.5625, 6.5625],
			"to": [7.25, 10.3125, 9.4375],
			"faces": {
				"north": {"uv": [4.625, 5.125, 5.375, 5.875], "texture": "#texture"},
				"south": {"uv": [4.625, 5.125, 5.375, 5.875], "texture": "#texture"}
			}
		},
		{
			"from": [7.25, 9.5, 6.5],
			"to": [15.5, 10.375, 9.5],
			"faces": {
				"north": {"uv": [4.5, 7, 5.25, 7.75], "texture": "#texture"},
				"east": {"uv": [4.5, 7, 5.25, 7.75], "texture": "#texture"},
				"south": {"uv": [4.5, 7, 5.25, 7.75], "texture": "#texture"},
				"west": {"uv": [4.5, 7, 5.25, 7.75], "texture": "#texture"},
				"up": {"uv": [4.5, 7, 5.25, 7.75], "texture": "#texture"},
				"down": {"uv": [4.5, 7, 5.25, 7.75], "texture": "#texture"}
			}
		},
		{
			"from": [10.375, 9.625, 8.375],
			"to": [10.875, 10.375, 9.625],
			"faces": {
				"east": {"uv": [4.5, 7, 5.25, 7.75], "texture": "#texture"},
				"south": {"uv": [4.5, 7, 5.25, 7.75], "texture": "#texture"},
				"west": {"uv": [4.5, 7, 5.25, 7.75], "texture": "#texture"},
				"up": {"uv": [4.5, 7, 5.25, 7.75], "texture": "#texture"}
			}
		},
		{
			"from": [12, 9.625, 8.375],
			"to": [12.125, 10.375, 9.625],
			"faces": {
				"east": {"uv": [4.5, 7, 5.25, 7.75], "texture": "#texture"},
				"south": {"uv": [4.5, 7, 5.25, 7.75], "texture": "#texture"},
				"west": {"uv": [4.5, 7, 5.25, 7.75], "texture": "#texture"},
				"up": {"uv": [4.5, 7, 5.25, 7.75], "texture": "#texture"}
			}
		},
		{
			"from": [10.875, 9.625, 8.375],
			"to": [12, 10, 9.625],
			"faces": {
				"south": {"uv": [4.5, 7, 5.25, 7.75], "texture": "#texture"},
				"up": {"uv": [4.5, 7, 5.25, 7.75], "texture": "#texture"}
			}
		},
		{
			"from": [10.375, 9.375, 9.25],
			"to": [12.125, 9.625, 9.625],
			"rotation": {"angle": 45, "axis": "x", "origin": [11.25, 9.625, 9.625]},
			"faces": {
				"east": {"uv": [4.5, 7, 5.25, 7.75], "texture": "#texture"},
				"south": {"uv": [4.5, 7, 5.25, 7.75], "texture": "#texture"},
				"west": {"uv": [4.5, 7, 5.25, 7.75], "texture": "#texture"},
				"down": {"uv": [4.5, 7, 5.25, 7.75], "texture": "#texture"}
			}
		},
		{
			"from": [5.75, 10.25, 6.5],
			"to": [7.25, 10.375, 9.5],
			"faces": {
				"north": {"uv": [4.5, 7, 5.25, 7.75], "texture": "#texture"},
				"south": {"uv": [4.5, 7, 5.25, 7.75], "texture": "#texture"},
				"up": {"uv": [4.5, 7, 5.25, 7.75], "texture": "#texture"},
				"down": {"uv": [4.5, 7, 5.25, 7.75], "texture": "#texture"}
			}
		},
		{
			"from": [5.83594, 10.11719, 6.5],
			"to": [6, 10.45313, 9.5],
			"rotation": {"angle": -45, "axis": "z", "origin": [5.75, 10.375, 9.5]},
			"faces": {
				"north": {"uv": [4.5, 7, 5.25, 7.75], "texture": "#texture"},
				"east": {"uv": [4.5, 7, 5.25, 7.75], "texture": "#texture"},
				"south": {"uv": [4.5, 7, 5.25, 7.75], "texture": "#texture"}
			}
		},
		{
			"from": [8.57598, 8.28691, 6.5],
			"to": [8.74004, 8.62285, 9.5],
			"rotation": {"angle": 45, "axis": "z", "origin": [5.75, 5.625, 9.5]},
			"faces": {
				"north": {"uv": [4.5, 7.75, 5.25, 7], "texture": "#texture"},
				"east": {"uv": [4.5, 7.75, 5.25, 7], "texture": "#texture"},
				"south": {"uv": [4.5, 7.75, 5.25, 7], "texture": "#texture"}
			}
		},
		{
			"from": [7.87868, 12.23851, 6.5],
			"to": [8.04274, 12.57445, 9.5],
			"rotation": {"angle": 45, "axis": "z", "origin": [10.25, 10.375, 9.5]},
			"faces": {
				"north": {"uv": [5.25, 7, 4.5, 7.75], "texture": "#texture"},
				"south": {"uv": [5.25, 7, 4.5, 7.75], "texture": "#texture"},
				"west": {"uv": [5.25, 7, 4.5, 7.75], "texture": "#texture"}
			}
		},
		{
			"from": [5.13864, 6.16559, 6.5],
			"to": [5.3027, 6.50153, 9.5],
			"rotation": {"angle": -45, "axis": "z", "origin": [10.25, 5.625, 9.5]},
			"faces": {
				"north": {"uv": [5.25, 7.75, 4.5, 7], "texture": "#texture"},
				"south": {"uv": [5.25, 7.75, 4.5, 7], "texture": "#texture"},
				"west": {"uv": [5.25, 7.75, 4.5, 7], "texture": "#texture"}
			}
		},
		{
			"from": [5.75, 9.5, 6.5],
			"to": [7.25, 9.625, 9.5],
			"faces": {
				"north": {"uv": [4.5, 7, 5.25, 7.75], "texture": "#texture"},
				"south": {"uv": [4.5, 7, 5.25, 7.75], "texture": "#texture"},
				"up": {"uv": [4.5, 7, 5.25, 7.75], "texture": "#texture"},
				"down": {"uv": [4.5, 7, 5.25, 7.75], "texture": "#texture"}
			}
		},
		{
			"from": [-1, 10.25, 7],
			"to": [16, 10.5, 9],
			"faces": {
				"north": {"uv": [4.5, 7, 5.25, 7.75], "texture": "#texture"},
				"east": {"uv": [4.5, 7, 5.25, 7.75], "texture": "#texture"},
				"south": {"uv": [4.5, 7, 5.25, 7.75], "texture": "#texture"},
				"west": {"uv": [4.5, 7, 5.25, 7.75], "texture": "#texture"},
				"up": {"uv": [4.5, 7, 5.25, 7.75], "texture": "#texture"}
			}
		},
		{
			"from": [-1, 9, 7],
			"to": [15.5, 9.5, 9],
			"faces": {
				"north": {"uv": [4.5, 7, 5.25, 7.75], "texture": "#texture"},
				"east": {"uv": [4.5, 7, 5.25, 7.75], "texture": "#texture"},
				"south": {"uv": [4.5, 7, 5.25, 7.75], "texture": "#texture"},
				"west": {"uv": [4.5, 7, 5.25, 7.75], "texture": "#texture"},
				"down": {"uv": [4.5, 7, 5.25, 7.75], "texture": "#texture"}
			}
		},
		{
			"from": [14, 7, 7],
			"to": [15.5, 9, 9],
			"rotation": {"angle": -22.5, "axis": "z", "origin": [15.5, 9, 7]},
			"faces": {
				"north": {"uv": [4.5, 7, 5.25, 7.75], "texture": "#texture"},
				"east": {"uv": [4.5, 7, 5.25, 7.75], "texture": "#texture"},
				"south": {"uv": [4.5, 7, 5.25, 7.75], "texture": "#texture"},
				"west": {"uv": [4.5, 7, 5.25, 7.75], "texture": "#texture"},
				"down": {"uv": [4.5, 7, 5.25, 7.75], "texture": "#texture"}
			}
		},
		{
			"from": [13.75, 6.625, 7],
			"to": [15.25, 8.625, 9],
			"rotation": {"angle": 0, "axis": "z", "origin": [15.5, 9, 7]},
			"faces": {
				"north": {"uv": [4.5, 7, 5.25, 7.75], "texture": "#texture"},
				"east": {"uv": [4.5, 7, 5.25, 7.75], "texture": "#texture"},
				"south": {"uv": [4.5, 7, 5.25, 7.75], "texture": "#texture"},
				"west": {"uv": [4.5, 7, 5.25, 7.75], "texture": "#texture"},
				"down": {"uv": [4.5, 7, 5.25, 7.75], "texture": "#texture"}
			}
		},
		{
			"from": [-1, 8.795, 6.5],
			"to": [15.5, 9.5, 7.205],
			"rotation": {"angle": -45, "axis": "x", "origin": [0, 9.5, 6.5]},
			"faces": {
				"north": {"uv": [4.5, 7, 5.25, 7.75], "texture": "#texture"},
				"east": {"uv": [4.5, 7, 5.25, 7.75], "texture": "#texture"},
				"west": {"uv": [4.5, 7, 5.25, 7.75], "texture": "#texture"},
				"down": {"uv": [4.5, 7, 5.25, 7.75], "texture": "#texture"}
			}
		},
		{
			"from": [-1, 9.295, 9],
			"to": [15.5, 10, 9.705],
			"rotation": {"angle": 45, "axis": "x", "origin": [0, 10, 9]},
			"faces": {
				"east": {"uv": [4.5, 7, 5.25, 7.75], "texture": "#texture"},
				"south": {"uv": [4.5, 7, 5.25, 7.75], "texture": "#texture"},
				"west": {"uv": [4.5, 7, 5.25, 7.75], "texture": "#texture"}
			}
		},
		{
			"from": [-1, 8.75, 7.5],
			"to": [4.75, 9, 8.5],
			"faces": {
				"north": {"uv": [4.5, 7, 5.25, 7.75], "texture": "#texture"},
				"south": {"uv": [4.5, 7, 5.25, 7.75], "texture": "#texture"},
				"west": {"uv": [4.5, 7, 5.25, 7.75], "texture": "#texture"}
			}
		},
		{
			"from": [-1, 8.5, 7.25],
			"to": [4.75, 8.75, 8.75],
			"faces": {
				"north": {"uv": [4.5, 7, 5.25, 7.75], "texture": "#texture"},
				"south": {"uv": [4.5, 7, 5.25, 7.75], "texture": "#texture"},
				"west": {"uv": [4.5, 7, 5.25, 7.75], "texture": "#texture"},
				"up": {"uv": [4.5, 7, 5.25, 7.75], "texture": "#texture"},
				"down": {"uv": [4.5, 7, 5.25, 7.75], "texture": "#texture"}
			}
		},
		{
			"from": [-1, 8.25, 7.25],
			"to": [4.75, 8.5, 8.75],
			"faces": {
				"north": {"uv": [7.125, 14.375, 15.875, 15.25], "texture": "#texture"},
				"east": {"uv": [7.125, 14.375, 15.875, 15.25], "texture": "#texture"},
				"south": {"uv": [7.125, 14.375, 15.875, 15.25], "texture": "#texture"},
				"west": {"uv": [4.5, 7, 5.25, 7.75], "texture": "#texture"},
				"up": {"uv": [7.125, 14.375, 15.875, 15.25], "texture": "#texture"},
				"down": {"uv": [7.125, 14.375, 15.875, 15.25], "texture": "#texture"}
			}
		},
		{
			"from": [-1, 8.395, 7.25],
			"to": [4.75, 8.75, 7.605],
			"rotation": {"angle": 45, "axis": "x", "origin": [0, 8.75, 7.25]},
			"faces": {
				"north": {"uv": [7.125, 14.375, 15.875, 15.25], "rotation": 180, "texture": "#texture"},
				"east": {"uv": [7.125, 14.375, 15.875, 15.25], "texture": "#texture"},
				"south": {"uv": [7.125, 14.375, 15.875, 15.25], "texture": "#texture"},
				"west": {"uv": [4.5, 7, 5.25, 7.75], "texture": "#texture"},
				"up": {"uv": [7.125, 14.375, 15.875, 15.25], "texture": "#texture"},
				"down": {"uv": [7.125, 14.375, 15.875, 15.25], "texture": "#texture"}
			}
		},
		{
			"from": [-1, 8.395, 8.75],
			"to": [4.75, 8.75, 9.105],
			"rotation": {"angle": 45, "axis": "x", "origin": [0, 8.75, 8.75]},
			"faces": {
				"north": {"uv": [7.125, 14.375, 15.875, 15.25], "texture": "#texture"},
				"east": {"uv": [7.125, 14.375, 15.875, 15.25], "texture": "#texture"},
				"south": {"uv": [7.125, 14.375, 15.875, 15.25], "texture": "#texture"},
				"west": {"uv": [4.5, 7, 5.25, 7.75], "texture": "#texture"},
				"up": {"uv": [7.125, 14.375, 15.875, 15.25], "texture": "#texture"},
				"down": {"uv": [7.125, 14.375, 15.875, 15.25], "texture": "#texture"}
			}
		},
		{
			"from": [15.5, 9.75, 7],
			"to": [16.5, 10.25, 9],
			"faces": {
				"north": {"uv": [4.5, 7, 5.25, 7.75], "texture": "#texture"},
				"south": {"uv": [4.5, 7, 5.25, 7.75], "texture": "#texture"},
				"up": {"uv": [4.5, 7, 5.25, 7.75], "texture": "#texture"},
				"down": {"uv": [4.5, 7, 5.25, 7.75], "texture": "#texture"}
			}
		},
		{
			"from": [16.5, 9.75, 7],
			"to": [17.25, 10.25, 9],
			"rotation": {"angle": -22.5, "axis": "z", "origin": [16.5, 10.25, 7]},
			"faces": {
				"north": {"uv": [4.5, 7, 5.25, 7.75], "texture": "#texture"},
				"east": {"uv": [4.5, 7, 5.25, 7.75], "texture": "#texture"},
				"south": {"uv": [4.5, 7, 5.25, 7.75], "texture": "#texture"},
				"up": {"uv": [4.5, 7, 5.25, 7.75], "texture": "#texture"},
				"down": {"uv": [4.5, 7, 5.25, 7.75], "texture": "#texture"}
			}
		},
		{
			"from": [15.25, 9.4375, 7],
			"to": [16.1875, 9.8125, 9],
			"rotation": {"angle": 22.5, "axis": "z", "origin": [15.25, 9.8125, 7]},
			"faces": {
				"north": {"uv": [4.5, 7, 5.25, 7.75], "texture": "#texture"},
				"south": {"uv": [4.5, 7, 5.25, 7.75], "texture": "#texture"},
				"down": {"uv": [4.5, 7, 5.25, 7.75], "texture": "#texture"}
			}
		},
		{
			"from": [15, 9, 7],
			"to": [15.9375, 9.375, 9],
			"rotation": {"angle": 45, "axis": "z", "origin": [15, 9.375, 7]},
			"faces": {
				"north": {"uv": [4.5, 7, 5.25, 7.75], "texture": "#texture"},
				"south": {"uv": [4.5, 7, 5.25, 7.75], "texture": "#texture"},
				"down": {"uv": [4.5, 7, 5.25, 7.75], "texture": "#texture"}
			}
		},
		{
			"from": [15.5, 9.75, 6.5],
			"to": [16.205, 10.375, 7.205],
			"rotation": {"angle": -45, "axis": "y", "origin": [15.5, 9.75, 6.5]},
			"faces": {
				"north": {"uv": [4.5, 7, 5.25, 7.75], "texture": "#texture"},
				"east": {"uv": [4.5, 7, 5.25, 7.75], "texture": "#texture"},
				"up": {"uv": [4.5, 7, 5.25, 7.75], "texture": "#texture"},
				"down": {"uv": [4.5, 7, 5.25, 7.75], "texture": "#texture"}
			}
		},
		{
			"from": [15, 9.75, 9],
			"to": [15.705, 10.375, 9.705],
			"rotation": {"angle": 45, "axis": "y", "origin": [15, 9.75, 9]},
			"faces": {
				"south": {"uv": [4.5, 7, 5.25, 7.75], "texture": "#texture"},
				"up": {"uv": [4.5, 7, 5.25, 7.75], "texture": "#texture"},
				"down": {"uv": [4.5, 7, 5.25, 7.75], "texture": "#texture"}
			}
		},
		{
			"from": [10.25, -0.75, 6.75],
			"to": [12, 9.5, 9.25],
			"rotation": {"angle": 22.5, "axis": "z", "origin": [10.25, 9.5, 6.5]},
			"faces": {
				"north": {"uv": [4.5, 7, 5.25, 7.75], "texture": "#texture"},
				"south": {"uv": [4.5, 7, 5.25, 7.75], "texture": "#texture"},
				"west": {"uv": [4.5, 7, 5.25, 7.75], "texture": "#texture"},
				"down": {"uv": [4.5, 7, 5.25, 7.75], "texture": "#texture"}
			}
		},
		{
			"from": [12, 1.5, 6.75],
			"to": [14.25, 9.5, 9.25],
			"rotation": {"angle": 22.5, "axis": "z", "origin": [12, 9.5, 6.5]},
			"faces": {
				"north": {"uv": [4.5, 7, 5.25, 7.75], "texture": "#texture"},
				"east": {"uv": [4.5, 7, 5.25, 7.75], "texture": "#texture"},
				"south": {"uv": [4.5, 7, 5.25, 7.75], "texture": "#texture"}
			}
		},
		{
			"from": [11.375, 0.1875, 6.71875],
			"to": [14, 9.125, 9.28125],
			"rotation": {"angle": 22.5, "axis": "z", "origin": [12, 9.5, 6.5]},
			"faces": {
				"north": {"uv": [0.625, 7, 1.375, 7.75], "texture": "#texture"},
				"east": {"uv": [0.625, 7, 1.375, 7.75], "texture": "#texture"},
				"south": {"uv": [0.625, 7, 1.375, 7.75], "texture": "#texture"},
				"west": {"uv": [0.625, 7, 1.375, 7.75], "texture": "#texture"}
			}
		},
		{
			"from": [12.5, -0.53906, 6.71875],
			"to": [14.33594, 3.125, 9.28125],
			"rotation": {"angle": 22.5, "axis": "z", "origin": [12, 9.5, 6.5]},
			"faces": {
				"north": {"uv": [0.625, 7, 1.375, 7.75], "texture": "#texture"},
				"east": {"uv": [0.625, 7, 1.375, 7.75], "texture": "#texture"},
				"south": {"uv": [0.625, 7, 1.375, 7.75], "texture": "#texture"},
				"up": {"uv": [0.625, 7, 1.375, 7.75], "texture": "#texture"}
			}
		},
		{
			"from": [13.6766, 3.46668, 6.71875],
			"to": [15.13754, 4.00574, 9.28125],
			"rotation": {"angle": -45, "axis": "z", "origin": [16.45073, 2.46032, 8]},
			"faces": {
				"north": {"uv": [0.625, 7, 1.375, 7.75], "texture": "#texture"},
				"east": {"uv": [0.625, 7, 1.375, 7.75], "texture": "#texture"},
				"south": {"uv": [0.625, 7, 1.375, 7.75], "texture": "#texture"},
				"up": {"uv": [0.625, 7, 1.375, 7.75], "texture": "#texture"}
			}
		},
		{
			"from": [14.28906, 0.375, 6.71875],
			"to": [18, 1.125, 9.28125],
			"rotation": {"angle": 0, "axis": "z", "origin": [12, 9.5, 6.5]},
			"faces": {
				"north": {"uv": [0.625, 7, 1.375, 7.75], "texture": "#texture"},
				"east": {"uv": [0.625, 7, 1.375, 7.75], "texture": "#texture"},
				"south": {"uv": [0.625, 7, 1.375, 7.75], "texture": "#texture"},
				"west": {"uv": [0.625, 7, 1.375, 7.75], "texture": "#texture"},
				"up": {"uv": [0.625, 7, 1.375, 7.75], "texture": "#texture"},
				"down": {"uv": [0.625, 7, 1.375, 7.75], "texture": "#texture"}
			}
		},
		{
			"from": [10.625, 7.625, 6.71875],
			"to": [13.125, 9.875, 9.28125],
			"rotation": {"angle": 22.5, "axis": "z", "origin": [12, 9.5, 6.5]},
			"faces": {
				"north": {"uv": [0.625, 7, 1.375, 7.75], "texture": "#texture"},
				"south": {"uv": [0.625, 7, 1.375, 7.75], "texture": "#texture"},
				"west": {"uv": [0.625, 7, 1.375, 7.75], "texture": "#texture"},
				"up": {"uv": [0.625, 7, 1.375, 7.75], "texture": "#texture"},
				"down": {"uv": [0.625, 7, 1.375, 7.75], "texture": "#texture"}
			}
		},
		{
			"from": [11.45313, 7.25, 6.71875],
			"to": [12.375, 7.875, 9.28125],
			"rotation": {"angle": 0, "axis": "z", "origin": [12, 9.5, 6.5]},
			"faces": {
				"north": {"uv": [0.625, 7, 1.375, 7.75], "texture": "#texture"},
				"south": {"uv": [0.625, 7, 1.375, 7.75], "texture": "#texture"},
				"down": {"uv": [0.625, 7, 1.375, 7.75], "texture": "#texture"}
			}
		},
		{
			"from": [11.32813, 10.125, 9.46875],
			"to": [11.9375, 10.5, 9.65625],
			"rotation": {"angle": 0, "axis": "z", "origin": [12, 9.5, 6.5]},
			"faces": {
				"east": {"uv": [0.625, 7, 1.375, 7.75], "texture": "#texture"},
				"south": {"uv": [0.625, 7, 1.375, 7.75], "texture": "#texture"},
				"west": {"uv": [0.625, 7, 1.375, 7.75], "texture": "#texture"},
				"down": {"uv": [0.625, 7, 1.375, 7.75], "texture": "#texture"}
			}
		},
		{
			"from": [10.95313, 10.25, 9.40625],
			"to": [11.8125, 10.875, 9.71875],
			"rotation": {"angle": 0, "axis": "z", "origin": [12, 9.5, 6.5]},
			"faces": {
				"east": {"uv": [0.625, 7, 1.375, 7.75], "texture": "#texture"},
				"south": {"uv": [0.625, 7, 1.375, 7.75], "texture": "#texture"},
				"west": {"uv": [0.625, 7, 1.375, 7.75], "texture": "#texture"},
				"up": {"uv": [0.625, 7, 1.375, 7.75], "texture": "#texture"},
				"down": {"uv": [0.625, 7, 1.375, 7.75], "texture": "#texture"}
			}
		},
		{
			"from": [13.31464, 6.38174, 6.71875],
			"to": [13.99433, 7.4833, 9.28125],
			"rotation": {"angle": -45, "axis": "z", "origin": [11.91406, 7.5625, 8]},
			"faces": {
				"north": {"uv": [0.625, 7, 1.375, 7.75], "rotation": 90, "texture": "#texture"},
				"south": {"uv": [0.625, 7, 1.375, 7.75], "rotation": 270, "texture": "#texture"},
				"west": {"uv": [0.625, 7, 1.375, 7.75], "rotation": 270, "texture": "#texture"},
				"down": {"uv": [0.625, 7, 1.375, 7.75], "rotation": 270, "texture": "#texture"}
			}
		},
		{
			"from": [10.625, 0.19531, 6.71875],
			"to": [13.125, 6, 9.28125],
			"rotation": {"angle": 22.5, "axis": "z", "origin": [12, 9.5, 6.5]},
			"faces": {
				"north": {"uv": [0.625, 7, 1.375, 7.75], "texture": "#texture"},
				"south": {"uv": [0.625, 7, 1.375, 7.75], "texture": "#texture"},
				"west": {"uv": [0.625, 7, 1.375, 7.75], "texture": "#texture"},
				"up": {"uv": [0.625, 7, 1.375, 7.75], "texture": "#texture"}
			}
		},
		{
			"from": [12, -0.57812, 6.75],
			"to": [14.625, 3.17188, 9.25],
			"rotation": {"angle": 22.5, "axis": "z", "origin": [12, 9.5, 6.5]},
			"faces": {
				"north": {"uv": [4.5, 7, 5.25, 7.75], "texture": "#texture"},
				"east": {"uv": [4.5, 7, 5.25, 7.75], "texture": "#texture"},
				"south": {"uv": [4.5, 7, 5.25, 7.75], "texture": "#texture"},
				"up": {"uv": [4.5, 7, 5.25, 7.75], "texture": "#texture"},
				"down": {"uv": [4.5, 7, 5.25, 7.75], "texture": "#texture"}
			}
		},
		{
			"from": [14.1875, 0.04688, 6.75],
			"to": [18.27344, 1.19531, 9.25],
			"rotation": {"angle": 0, "axis": "z", "origin": [12, 9.5, 6.5]},
			"faces": {
				"north": {"uv": [4.5, 7, 5.25, 7.75], "texture": "#texture"},
				"east": {"uv": [4.5, 7, 5.25, 7.75], "texture": "#texture"},
				"south": {"uv": [4.5, 7, 5.25, 7.75], "texture": "#texture"},
				"down": {"uv": [4.5, 7, 5.25, 7.75], "texture": "#texture"}
			}
		},
		{
			"from": [14.1875, -0.23437, 7],
			"to": [17.89844, 0.03906, 9],
			"rotation": {"angle": 0, "axis": "z", "origin": [12, 9.5, 6.5]},
			"faces": {
				"north": {"uv": [0.75, 7, 1.5, 7.75], "texture": "#texture"},
				"east": {"uv": [0.75, 7, 1.5, 7.75], "texture": "#texture"},
				"south": {"uv": [0.75, 7, 1.5, 7.75], "texture": "#texture"},
				"west": {"uv": [0.75, 7, 1.5, 7.75], "texture": "#texture"},
				"up": {"uv": [0.75, 7, 1.5, 7.75], "texture": "#texture"}
			}
		},
		{
			"from": [13.92969, -0.73437, 6.84375],
			"to": [18.14844, -0.14844, 9.15625],
			"rotation": {"angle": 0, "axis": "z", "origin": [12, 9.5, 6.5]},
			"faces": {
				"north": {"uv": [0.75, 7, 1.5, 7.75], "texture": "#texture"},
				"east": {"uv": [0.75, 7, 1.5, 7.75], "texture": "#texture"},
				"south": {"uv": [0.75, 7, 1.5, 7.75], "texture": "#texture"},
				"west": {"uv": [0.75, 7, 1.5, 7.75], "texture": "#texture"},
				"up": {"uv": [0.75, 7, 1.5, 7.75], "texture": "#texture"},
				"down": {"uv": [0.75, 7, 1.5, 7.75], "texture": "#texture"}
			}
		},
		{
			"from": [13.42969, -0.73437, 7.34375],
			"to": [14.27344, -0.14844, 8.65625],
			"rotation": {"angle": 0, "axis": "z", "origin": [12, 9.5, 6.5]},
			"faces": {
				"north": {"uv": [0.75, 7, 1.5, 7.75], "texture": "#texture"},
				"south": {"uv": [0.75, 7, 1.5, 7.75], "texture": "#texture"},
				"west": {"uv": [0.75, 7, 1.5, 7.75], "texture": "#texture"},
				"up": {"uv": [0.75, 7, 1.5, 7.75], "texture": "#texture"},
				"down": {"uv": [0.75, 7, 1.5, 7.75], "texture": "#texture"}
			}
		},
		{
			"from": [13.21875, -0.73437, 6.84375],
			"to": [13.92969, -0.14844, 8.15625],
			"rotation": {"angle": 45, "axis": "y", "origin": [13.93, -0.15234, 6.84375]},
			"faces": {
				"north": {"uv": [0.75, 7, 1.5, 7.75], "texture": "#texture"},
				"west": {"uv": [0.75, 7, 1.5, 7.75], "texture": "#texture"},
				"up": {"uv": [0.75, 7, 1.5, 7.75], "texture": "#texture"},
				"down": {"uv": [0.75, 7, 1.5, 7.75], "texture": "#texture"}
			}
		},
		{
			"from": [13.21875, -0.73437, 7.84375],
			"to": [13.92969, -0.14844, 9.15625],
			"rotation": {"angle": -45, "axis": "y", "origin": [13.93, -0.15234, 9.15625]},
			"faces": {
				"south": {"uv": [1.5, 7, 0.75, 7.75], "texture": "#texture"},
				"west": {"uv": [1.5, 7, 0.75, 7.75], "texture": "#texture"},
				"up": {"uv": [0.75, 7.75, 1.5, 7], "texture": "#texture"},
				"down": {"uv": [0.75, 7.75, 1.5, 7], "texture": "#texture"}
			}
		},
		{
			"from": [14.05469, -0.29687, 6.8125],
			"to": [18.02344, -0.24219, 9.1875],
			"rotation": {"angle": 0, "axis": "z", "origin": [12, 9.5, 6.5]},
			"faces": {
				"north": {"uv": [4.625, 7, 5.375, 7.75], "texture": "#texture"},
				"east": {"uv": [0.75, 7, 1.5, 7.75], "texture": "#texture"},
				"south": {"uv": [4.625, 7, 5.375, 7.75], "texture": "#texture"},
				"west": {"uv": [0.75, 7, 1.5, 7.75], "texture": "#texture"},
				"up": {"uv": [4.625, 7, 5.375, 7.75], "texture": "#texture"},
				"down": {"uv": [4.625, 7, 5.375, 7.75], "texture": "#texture"}
			}
		},
		{
			"from": [14.05469, -0.60937, 6.8125],
			"to": [18.02344, -0.55469, 9.1875],
			"rotation": {"angle": 0, "axis": "z", "origin": [12, 9.5, 6.5]},
			"faces": {
				"north": {"uv": [4.625, 7, 5.375, 7.75], "texture": "#texture"},
				"east": {"uv": [0.75, 7, 1.5, 7.75], "texture": "#texture"},
				"south": {"uv": [4.625, 7, 5.375, 7.75], "texture": "#texture"},
				"west": {"uv": [0.75, 7, 1.5, 7.75], "texture": "#texture"},
				"up": {"uv": [4.625, 7, 5.375, 7.75], "texture": "#texture"},
				"down": {"uv": [4.625, 7, 5.375, 7.75], "texture": "#texture"}
			}
		},
		{
			"from": [14.05469, -0.45312, 6.8125],
			"to": [18.02344, -0.39844, 9.1875],
			"rotation": {"angle": 0, "axis": "z", "origin": [12, 9.5, 6.5]},
			"faces": {
				"north": {"uv": [4.625, 7, 5.375, 7.75], "texture": "#texture"},
				"east": {"uv": [0.75, 7, 1.5, 7.75], "texture": "#texture"},
				"south": {"uv": [4.625, 7, 5.375, 7.75], "texture": "#texture"},
				"west": {"uv": [0.75, 7, 1.5, 7.75], "texture": "#texture"},
				"up": {"uv": [4.625, 7, 5.375, 7.75], "texture": "#texture"},
				"down": {"uv": [4.625, 7, 5.375, 7.75], "texture": "#texture"}
			}
		},
		{
			"from": [16.44715, 8.7526, 6.75],
			"to": [18.84558, 9.5026, 9.25],
			"rotation": {"angle": -45, "axis": "z", "origin": [12, 9.5, 6.5]},
			"faces": {
				"north": {"uv": [4.5, 7, 5.25, 7.75], "texture": "#texture"},
				"east": {"uv": [4.5, 7, 5.25, 7.75], "texture": "#texture"},
				"south": {"uv": [4.5, 7, 5.25, 7.75], "texture": "#texture"},
				"up": {"uv": [4.5, 7, 5.25, 7.75], "texture": "#texture"}
			}
		},
		{
			"from": [4.75, 8, 7.25],
			"to": [6.25, 9, 8.75],
			"faces": {
				"east": {"uv": [4.5, 7, 5.25, 7.75], "texture": "#texture"},
				"west": {"uv": [4.5, 7, 5.25, 7.75], "texture": "#texture"},
				"down": {"uv": [4.5, 7, 5.25, 7.75], "texture": "#texture"}
			}
		},
		{
			"from": [4.75, 8.25, 7],
			"to": [6.25, 9.25, 9],
			"faces": {
				"north": {"uv": [4.5, 7, 5.25, 7.75], "texture": "#texture"},
				"east": {"uv": [4.5, 7, 5.25, 7.75], "texture": "#texture"},
				"south": {"uv": [4.5, 7, 5.25, 7.75], "texture": "#texture"},
				"west": {"uv": [4.5, 7, 5.25, 7.75], "texture": "#texture"}
			}
		},
		{
			"from": [4.75, 7.71822, 6.92678],
			"to": [6.25, 8.07322, 7.28178],
			"rotation": {"angle": -45, "axis": "x", "origin": [4.75, 8.25, 6.75]},
			"faces": {
				"north": {"uv": [4.5, 7, 5.25, 7.75], "texture": "#texture"},
				"east": {"uv": [4.5, 7, 5.25, 7.75], "texture": "#texture"},
				"west": {"uv": [4.5, 7, 5.25, 7.75], "texture": "#texture"},
				"down": {"uv": [4.5, 7, 5.25, 7.75], "texture": "#texture"}
			}
		},
		{
			"from": [4.75, 7.96822, 8.82322],
			"to": [6.25, 8.32322, 9.17822],
			"rotation": {"angle": 45, "axis": "x", "origin": [4.75, 8.5, 9]},
			"faces": {
				"east": {"uv": [4.5, 7, 5.25, 7.75], "texture": "#texture"},
				"south": {"uv": [4.5, 7, 5.25, 7.75], "texture": "#texture"},
				"west": {"uv": [4.5, 7, 5.25, 7.75], "texture": "#texture"},
				"up": {"uv": [4.5, 7, 5.25, 7.75], "texture": "#texture"},
				"down": {"uv": [4.5, 7, 5.25, 7.75], "texture": "#texture"}
			}
		},
		{
			"from": [5.75, 8.4375, 7],
			"to": [8, 9.1875, 9],
			"rotation": {"angle": 22.5, "axis": "z", "origin": [5.75, 9.1875, 6.75]},
			"faces": {
				"north": {"uv": [4.5, 7, 5.25, 7.75], "texture": "#texture"},
				"south": {"uv": [4.5, 7, 5.25, 7.75], "texture": "#texture"},
				"down": {"uv": [4.5, 7, 5.25, 7.75], "texture": "#texture"}
			}
		},
		{
			"from": [7.125, 7.9375, 7.25],
			"to": [7.875, 9.9375, 8.75],
			"rotation": {"angle": -45, "axis": "z", "origin": [7.125, 9.9375, 7]},
			"faces": {
				"north": {"uv": [4.5, 11, 5.25, 11.75], "texture": "#texture"},
				"east": {"uv": [4.5, 11, 5.25, 11.75], "texture": "#texture"},
				"south": {"uv": [4.5, 11, 5.25, 11.75], "texture": "#texture"},
				"down": {"uv": [4.5, 11, 5.25, 11.75], "texture": "#texture"}
			}
		},
		{
			"from": [6, 8.375, 7],
			"to": [6.5, 9.125, 9],
			"rotation": {"angle": -22.5, "axis": "z", "origin": [6, 9.125, 6.75]},
			"faces": {
				"north": {"uv": [4.5, 7, 5.25, 7.75], "texture": "#texture"},
				"east": {"uv": [4.5, 7, 5.25, 7.75], "texture": "#texture"},
				"south": {"uv": [4.5, 7, 5.25, 7.75], "texture": "#texture"},
				"down": {"uv": [4.5, 7, 5.25, 7.75], "texture": "#texture"}
			}
		},
		{
			"from": [5.875, 8.3125, 7],
			"to": [6.625, 8.8125, 9],
			"rotation": {"angle": 45, "axis": "z", "origin": [5.875, 8.8125, 6.75]},
			"faces": {
				"north": {"uv": [4.5, 7, 5.25, 7.75], "texture": "#texture"},
				"south": {"uv": [4.5, 7, 5.25, 7.75], "texture": "#texture"},
				"down": {"uv": [4.5, 7, 5.25, 7.75], "texture": "#texture"}
			}
		},
		{
			"from": [6.60881, 7.56866, 7.5],
			"to": [7.10881, 9.81866, 8.5],
			"rotation": {"angle": -22.5, "axis": "z", "origin": [6.625, 9.8125, 7.5]},
			"faces": {
				"north": {"uv": [4.5, 11, 5.25, 11.75], "texture": "#texture"},
				"east": {"uv": [4.5, 11, 5.25, 11.75], "texture": "#texture"},
				"south": {"uv": [4.5, 11, 5.25, 11.75], "texture": "#texture"},
				"west": {"uv": [4.5, 11, 5.25, 11.75], "texture": "#texture"}
			}
		},
		{
			"from": [5.75, 6.5, 7.5],
			"to": [6.25, 7.75, 8.5],
			"faces": {
				"north": {"uv": [4.5, 11, 5.25, 11.75], "texture": "#texture"},
				"east": {"uv": [4.5, 11, 5.25, 11.75], "texture": "#texture"},
				"south": {"uv": [4.5, 11, 5.25, 11.75], "texture": "#texture"},
				"west": {"uv": [4.5, 11, 5.25, 11.75], "texture": "#texture"},
				"up": {"uv": [4.5, 11, 5.25, 11.75], "texture": "#texture"}
			}
		},
		{
			"from": [5.39645, 5.58645, 7.5],
			"to": [5.89645, 6.64645, 8.5],
			"rotation": {"angle": 45, "axis": "z", "origin": [5.75, 7, 7.5]},
			"faces": {
				"north": {"uv": [4.5, 11, 5.25, 11.75], "texture": "#texture"},
				"east": {"uv": [4.5, 11, 5.25, 11.75], "texture": "#texture"},
				"south": {"uv": [4.5, 11, 5.25, 11.75], "texture": "#texture"},
				"west": {"uv": [4.5, 11, 5.25, 11.75], "texture": "#texture"},
				"down": {"uv": [4.5, 11, 5.25, 11.75], "texture": "#texture"}
			}
		},
		{
			"from": [6.5, 5.75, 7.5],
			"to": [10.25, 6.25, 8.5],
			"faces": {
				"north": {"uv": [4.5, 11, 5.25, 11.75], "texture": "#texture"},
				"east": {"uv": [4.5, 11, 5.25, 11.75], "texture": "#texture"},
				"south": {"uv": [4.5, 11, 5.25, 11.75], "texture": "#texture"},
				"west": {"uv": [4.5, 11, 5.25, 11.75], "texture": "#texture"},
				"up": {"uv": [4.5, 11, 5.25, 11.75], "texture": "#texture"},
				"down": {"uv": [4.5, 11, 5.25, 11.75], "texture": "#texture"}
			}
		},
		{
			"from": [9.86116, 5.75806, 7.5],
			"to": [11.86116, 6.25806, 8.5],
			"rotation": {"angle": 22.5, "axis": "z", "origin": [10.0525, 6.72, 7.5]},
			"faces": {
				"north": {"uv": [4.5, 11, 5.25, 11.75], "texture": "#texture"},
				"south": {"uv": [4.5, 11, 5.25, 11.75], "texture": "#texture"},
				"up": {"uv": [4.5, 11, 5.25, 11.75], "texture": "#texture"},
				"down": {"uv": [4.5, 11, 5.25, 11.75], "texture": "#texture"}
			}
		},
		{
			"from": [11.06634, 6.03806, 7.5],
			"to": [13.06634, 6.91306, 8.5],
			"rotation": {"angle": -22.5, "axis": "z", "origin": [10.875, 7, 7.5]},
			"faces": {
				"north": {"uv": [4.5, 11, 5.25, 11.75], "texture": "#texture"},
				"south": {"uv": [4.5, 11, 5.25, 11.75], "texture": "#texture"},
				"down": {"uv": [4.5, 11, 5.25, 11.75], "texture": "#texture"}
			}
		},
		{
			"from": [10.14645, 6.02145, 7.5],
			"to": [12.14645, 6.52145, 8.5],
			"rotation": {"angle": 45, "axis": "z", "origin": [10.5, 6.875, 7.5]},
			"faces": {
				"north": {"uv": [4.5, 11, 5.25, 11.75], "texture": "#texture"},
				"south": {"uv": [4.5, 11, 5.25, 11.75], "texture": "#texture"},
				"up": {"uv": [4.5, 11, 5.25, 11.75], "texture": "#texture"}
			}
		},
		{
			"from": [8.75, 7.75, 7.75],
			"to": [9.5625, 9.25, 8.25],
			"faces": {
				"north": {"uv": [4.5, 11, 5.25, 11.75], "texture": "#texture"},
				"south": {"uv": [4.5, 11, 5.25, 11.75], "texture": "#texture"},
				"west": {"uv": [4.5, 11, 5.25, 11.75], "texture": "#texture"}
			}
		},
		{
			"from": [8.5, 7, 7.75],
			"to": [9, 7.5, 8.25],
			"faces": {
				"north": {"uv": [4.5, 11, 5.25, 11.75], "texture": "#texture"},
				"east": {"uv": [4.5, 11, 5.25, 11.75], "texture": "#texture"},
				"south": {"uv": [4.5, 11, 5.25, 11.75], "texture": "#texture"},
				"west": {"uv": [4.5, 11, 5.25, 11.75], "texture": "#texture"},
				"up": {"uv": [4.5, 11, 5.25, 11.75], "texture": "#texture"},
				"down": {"uv": [4.5, 11, 5.25, 11.75], "texture": "#texture"}
			}
		},
		{
			"from": [8.98, 7.415, 7.75],
			"to": [9.48, 8.665, 8.25],
			"rotation": {"angle": -22.5, "axis": "z", "origin": [8.98, 8.665, 7.75]},
			"faces": {
				"north": {"uv": [4.5, 11, 5.25, 11.75], "texture": "#texture"},
				"south": {"uv": [4.5, 11, 5.25, 11.75], "texture": "#texture"},
				"west": {"uv": [4.5, 11, 5.25, 11.75], "texture": "#texture"},
				"down": {"uv": [4.5, 11, 5.25, 11.75], "texture": "#texture"}
			}
		},
		{
			"from": [9.625, 6.9375, 7.75],
			"to": [10.0625, 8.25, 8.25],
			"rotation": {"angle": -45, "axis": "z", "origin": [9.625, 8.25, 7.75]},
			"faces": {
				"north": {"uv": [4.5, 11, 5.25, 11.75], "texture": "#texture"},
				"east": {"uv": [4.5, 11, 5.25, 11.75], "texture": "#texture"},
				"south": {"uv": [4.5, 11, 5.25, 11.75], "texture": "#texture"},
				"up": {"uv": [4.5, 11, 5.25, 11.75], "texture": "#texture"},
				"down": {"uv": [4.5, 11, 5.25, 11.75], "texture": "#texture"}
			}
		},
		{
			"from": [10.03, 8.01, 7.75],
			"to": [10.4675, 9.3225, 8.25],
			"rotation": {"angle": -22.5, "axis": "z", "origin": [10.03, 9.3225, 7.75]},
			"faces": {
				"north": {"uv": [4.5, 11, 5.25, 11.75], "texture": "#texture"},
				"east": {"uv": [4.5, 11, 5.25, 11.75], "texture": "#texture"},
				"south": {"uv": [4.5, 11, 5.25, 11.75], "texture": "#texture"}
			}
		},
		{
			"from": [9.5, 8.1875, 7.75],
			"to": [9.9375, 9.25, 8.25],
			"faces": {
				"north": {"uv": [4.5, 11, 5.25, 11.75], "texture": "#texture"},
				"south": {"uv": [4.5, 11, 5.25, 11.75], "texture": "#texture"}
			}
		},
		{
			"name": "screw_middle",
			"from": [9.25157, 7.10269, 6.46875],
			"to": [9.75157, 7.20214, 9.53125],
			"rotation": {"angle": 22.5, "axis": "z", "origin": [1, 1, 1]},
			"faces": {
				"north": {"uv": [0.875, 7.125, 1.375, 7.625], "texture": "#texture"},
				"east": {"uv": [0.875, 7.125, 1.375, 7.625], "texture": "#texture"},
				"south": {"uv": [0.875, 7.125, 1.375, 7.625], "texture": "#texture"},
				"west": {"uv": [0.875, 7.125, 1.375, 7.625], "texture": "#texture"}
			}
		},
		{
			"name": "screw_middle",
			"from": [6.25, 9.88777, 6.46875],
			"to": [6.75, 9.98723, 9.53125],
			"rotation": {"angle": 0, "axis": "z", "origin": [1, 1, 1]},
			"faces": {
				"north": {"uv": [0.875, 7.125, 1.375, 7.625], "texture": "#texture"},
				"east": {"uv": [0.875, 7.125, 1.375, 7.625], "texture": "#texture"},
				"south": {"uv": [0.875, 7.125, 1.375, 7.625], "texture": "#texture"},
				"west": {"uv": [0.875, 7.125, 1.375, 7.625], "texture": "#texture"}
			}
		},
		{
			"name": "screw_middle",
			"from": [2.4111, 11.3122, 6.46875],
			"to": [2.9111, 11.41166, 9.53125],
			"rotation": {"angle": -22.5, "axis": "z", "origin": [1, 1, 1]},
			"faces": {
				"north": {"uv": [0.875, 7.125, 1.375, 7.625], "texture": "#texture"},
				"east": {"uv": [0.875, 7.125, 1.375, 7.625], "texture": "#texture"},
				"south": {"uv": [0.875, 7.125, 1.375, 7.625], "texture": "#texture"},
				"west": {"uv": [0.875, 7.125, 1.375, 7.625], "texture": "#texture"},
				"up": {"uv": [0.875, 7.125, 1.375, 7.625], "texture": "#texture"}
			}
		},
		{
			"name": "screw_middle",
			"from": [11.15913, 3.18068, 6.46875],
			"to": [11.25858, 3.68068, 9.53125],
			"rotation": {"angle": 45, "axis": "z", "origin": [1, 1, 1]},
			"faces": {
				"north": {"uv": [0.875, 7.125, 1.375, 7.625], "texture": "#texture"},
				"south": {"uv": [0.875, 7.125, 1.375, 7.625], "texture": "#texture"},
				"west": {"uv": [0.875, 7.125, 1.375, 7.625], "texture": "#texture"},
				"up": {"uv": [0.875, 7.125, 1.375, 7.625], "texture": "#texture"},
				"down": {"uv": [0.875, 7.125, 1.375, 7.625], "texture": "#texture"}
			}
		},
		{
			"name": "screw_middle",
			"from": [9.45184, 6.90241, 6.46875],
			"to": [9.5513, 7.40241, 9.53125],
			"rotation": {"angle": 22.5, "axis": "z", "origin": [1, 1, 1]},
			"faces": {
				"north": {"uv": [0.875, 7.125, 1.375, 7.625], "texture": "#texture"},
				"east": {"uv": [0.875, 7.125, 1.375, 7.625], "texture": "#texture"},
				"south": {"uv": [0.875, 7.125, 1.375, 7.625], "texture": "#texture"},
				"up": {"uv": [0.875, 7.125, 1.375, 7.625], "texture": "#texture"},
				"down": {"uv": [0.875, 7.125, 1.375, 7.625], "texture": "#texture"}
			}
		},
		{
			"name": "screw_middle",
			"from": [6.45027, 9.6875, 6.46875],
			"to": [6.54973, 10.1875, 9.53125],
			"rotation": {"angle": 0, "axis": "z", "origin": [1, 1, 1]},
			"faces": {
				"north": {"uv": [0.875, 7.125, 1.375, 7.625], "texture": "#texture"},
				"south": {"uv": [0.875, 7.125, 1.375, 7.625], "texture": "#texture"},
				"up": {"uv": [0.875, 7.125, 1.375, 7.625], "texture": "#texture"},
				"down": {"uv": [0.875, 7.125, 1.375, 7.625], "texture": "#texture"}
			}
		},
		{
			"name": "screw_middle",
			"from": [2.61138, 11.11193, 6.46875],
			"to": [2.71083, 11.61193, 9.53125],
			"rotation": {"angle": -22.5, "axis": "z", "origin": [1, 1, 1]},
			"faces": {
				"north": {"uv": [0.875, 7.125, 1.375, 7.625], "texture": "#texture"},
				"south": {"uv": [0.875, 7.125, 1.375, 7.625], "texture": "#texture"},
				"up": {"uv": [0.875, 7.125, 1.375, 7.625], "texture": "#texture"},
				"down": {"uv": [0.875, 7.125, 1.375, 7.625], "texture": "#texture"}
			}
		},
		{
			"name": "screw_middle",
			"from": [-1.48041, 10.95885, 6.46875],
			"to": [-1.38095, 11.45885, 9.53125],
			"rotation": {"angle": -45, "axis": "z", "origin": [1, 1, 1]},
			"faces": {
				"north": {"uv": [0.875, 7.125, 1.375, 7.625], "texture": "#texture"},
				"east": {"uv": [0.875, 7.125, 1.375, 7.625], "texture": "#texture"},
				"south": {"uv": [0.875, 7.125, 1.375, 7.625], "texture": "#texture"},
				"up": {"uv": [0.875, 7.125, 1.375, 7.625], "texture": "#texture"},
				"down": {"uv": [0.875, 7.125, 1.375, 7.625], "texture": "#texture"}
			}
		},
		{
			"from": [13.875, 8.375, 6.71094],
			"to": [14.25, 8.75, 9.28906],
			"faces": {
				"north": {"uv": [12.375, 10.875, 15.375, 13.875], "texture": "#texture"},
				"east": {"uv": [13.625, 12.125, 14.125, 12.625], "texture": "#texture"},
				"south": {"uv": [12.375, 10.875, 15.375, 13.875], "texture": "#texture"},
				"west": {"uv": [13.625, 12.125, 14.125, 12.625], "texture": "#texture"},
				"up": {"uv": [13.625, 12.125, 14.125, 12.625], "texture": "#texture"},
				"down": {"uv": [13.625, 12.125, 14.125, 12.625], "texture": "#texture"}
			}
		},
		{
			"from": [11.5625, 6.1875, 6.71094],
			"to": [12.4375, 7.0625, 9.25781],
			"faces": {
				"north": {"uv": [12.75, 4.75, 15.75, 7.75], "texture": "#texture"},
				"east": {"uv": [13.625, 12.125, 14.125, 12.625], "texture": "#texture"},
				"south": {"uv": [12, 1.625, 15, 4.625], "texture": "#texture"},
				"west": {"uv": [13.625, 12.125, 14.125, 12.625], "texture": "#texture"},
				"up": {"uv": [13.625, 12.125, 14.125, 12.625], "texture": "#texture"},
				"down": {"uv": [13.625, 12.125, 14.125, 12.625], "texture": "#texture"}
			}
		},
		{
			"from": [5.375, 8.375, 6.99219],
			"to": [5.75, 8.75, 9.00781],
			"faces": {
				"north": {"uv": [12.375, 10.875, 15.375, 13.875], "texture": "#texture"},
				"east": {"uv": [13.625, 12.125, 14.125, 12.625], "texture": "#texture"},
				"south": {"uv": [12.375, 10.875, 15.375, 13.875], "texture": "#texture"},
				"west": {"uv": [13.625, 12.125, 14.125, 12.625], "texture": "#texture"},
				"up": {"uv": [13.625, 12.125, 14.125, 12.625], "texture": "#texture"},
				"down": {"uv": [13.625, 12.125, 14.125, 12.625], "texture": "#texture"}
			}
		},
		{
			"name": "hexadecagon",
			"from": [-1.125, 3.14891, 12.44759],
			"to": [15.625, 3.44728, 12.69759],
			"rotation": {"angle": -45, "axis": "x", "origin": [1, 1, 1]},
			"faces": {
				"north": {"uv": [0.625, 11.5, 1.125, 12], "texture": "#texture"},
				"east": {"uv": [0.625, 11.5, 1.125, 12], "texture": "#texture"},
				"south": {"uv": [0.625, 11.5, 1.125, 12], "texture": "#texture"},
				"west": {"uv": [0.625, 11.5, 1.125, 12], "texture": "#texture"}
			}
		},
		{
			"name": "hexadecagon",
			"from": [-1.125, 7.5168, 10.63966],
			"to": [15.625, 7.94017, 10.88966],
			"rotation": {"angle": -22.5, "axis": "x", "origin": [1, 1, 1]},
			"faces": {
				"north": {"uv": [0.625, 11.5, 1.125, 12], "texture": "#texture"},
				"east": {"uv": [0.625, 11.5, 1.125, 12], "texture": "#texture"},
				"south": {"uv": [0.625, 11.5, 1.125, 12], "texture": "#texture"},
				"west": {"uv": [0.625, 11.5, 1.125, 12], "texture": "#texture"},
				"down": {"uv": [0.625, 11.5, 1.125, 12], "texture": "#texture"}
			}
		},
		{
			"name": "hexadecagon",
			"from": [-1.125, 11.10082, 7.25],
			"to": [15.625, 11.39918, 7.5],
			"rotation": {"angle": 0, "axis": "x", "origin": [1, 1, 1]},
			"faces": {
				"north": {"uv": [0.625, 11.5, 1.125, 12], "texture": "#texture"},
				"south": {"uv": [0.625, 11.5, 1.125, 12], "texture": "#texture"},
				"west": {"uv": [0.625, 11.5, 1.125, 12], "texture": "#texture"}
			}
		},
		{
			"name": "hexadecagon",
			"from": [-1.125, 12.99936, 2.79465],
			"to": [15.625, 13.29773, 3.04465],
			"rotation": {"angle": 22.5, "axis": "x", "origin": [1, 1, 1]},
			"faces": {
				"north": {"uv": [0.625, 11.5, 1.125, 12], "texture": "#texture"},
				"east": {"uv": [0.625, 11.5, 1.125, 12], "texture": "#texture"},
				"south": {"uv": [0.625, 11.5, 1.125, 12], "texture": "#texture"},
				"west": {"uv": [0.625, 11.5, 1.125, 12], "texture": "#texture"},
				"up": {"uv": [0.625, 11.5, 1.125, 12], "texture": "#texture"}
			}
		},
		{
			"name": "hexadecagon",
			"from": [-1.125, 13.04841, -2.0481],
			"to": [15.625, 13.34678, -1.7981],
			"rotation": {"angle": 45, "axis": "x", "origin": [1, 1, 1]},
			"faces": {
				"north": {"uv": [0.625, 11.5, 1.125, 12], "texture": "#texture"},
				"east": {"uv": [0.625, 11.5, 1.125, 12], "texture": "#texture"},
				"south": {"uv": [0.625, 11.5, 1.125, 12], "texture": "#texture"},
				"west": {"uv": [0.625, 11.5, 1.125, 12], "texture": "#texture"},
				"down": {"uv": [0.625, 11.5, 1.125, 12], "texture": "#texture"}
			}
		},
		{
			"name": "hexadecagon",
			"from": [-1.125, 3.14891, 13.69759],
			"to": [15.625, 3.44728, 13.94759],
			"rotation": {"angle": -45, "axis": "x", "origin": [1, 1, 1]},
			"faces": {
				"north": {"uv": [0.625, 11.5, 1.125, 12], "texture": "#texture"},
				"east": {"uv": [0.625, 11.5, 1.125, 12], "texture": "#texture"},
				"south": {"uv": [0.625, 11.5, 1.125, 12], "texture": "#texture"},
				"west": {"uv": [0.625, 11.5, 1.125, 12], "texture": "#texture"}
			}
		},
		{
			"name": "hexadecagon",
			"from": [-1.125, 7.6418, 11.88966],
			"to": [15.625, 7.94017, 12.13966],
			"rotation": {"angle": -22.5, "axis": "x", "origin": [1, 1, 1]},
			"faces": {
				"north": {"uv": [0.625, 11.5, 1.125, 12], "texture": "#texture"},
				"east": {"uv": [0.625, 11.5, 1.125, 12], "texture": "#texture"},
				"south": {"uv": [0.625, 11.5, 1.125, 12], "texture": "#texture"},
				"west": {"uv": [0.625, 11.5, 1.125, 12], "texture": "#texture"},
				"down": {"uv": [0.625, 11.5, 1.125, 12], "texture": "#texture"}
			}
		},
		{
			"name": "hexadecagon",
			"from": [-1.125, 11.10082, 8.5],
			"to": [15.625, 11.39918, 8.75],
			"rotation": {"angle": 0, "axis": "x", "origin": [1, 1, 1]},
			"faces": {
				"north": {"uv": [0.625, 11.5, 1.125, 12], "texture": "#texture"},
				"south": {"uv": [0.625, 11.5, 1.125, 12], "texture": "#texture"},
				"west": {"uv": [0.625, 11.5, 1.125, 12], "texture": "#texture"},
				"up": {"uv": [0.625, 11.5, 1.125, 12], "texture": "#texture"},
				"down": {"uv": [0.625, 11.5, 1.125, 12], "texture": "#texture"}
			}
		},
		{
			"name": "hexadecagon",
			"from": [-1.125, 12.99936, 4.04465],
			"to": [15.625, 13.29773, 4.29465],
			"rotation": {"angle": 22.5, "axis": "x", "origin": [1, 1, 1]},
			"faces": {
				"north": {"uv": [0.625, 11.5, 1.125, 12], "texture": "#texture"},
				"east": {"uv": [0.625, 11.5, 1.125, 12], "texture": "#texture"},
				"south": {"uv": [0.625, 11.5, 1.125, 12], "texture": "#texture"},
				"west": {"uv": [0.625, 11.5, 1.125, 12], "texture": "#texture"},
				"up": {"uv": [0.625, 11.5, 1.125, 12], "texture": "#texture"}
			}
		},
		{
			"name": "hexadecagon",
			"from": [-1.125, 13.04841, -0.7981],
			"to": [15.625, 13.34678, -0.5481],
			"rotation": {"angle": 45, "axis": "x", "origin": [1, 1, 1]},
			"faces": {
				"north": {"uv": [0.625, 11.5, 1.125, 12], "texture": "#texture"},
				"east": {"uv": [0.625, 11.5, 1.125, 12], "texture": "#texture"},
				"south": {"uv": [0.625, 11.5, 1.125, 12], "texture": "#texture"},
				"west": {"uv": [0.625, 11.5, 1.125, 12], "texture": "#texture"}
			}
		},
		{
			"name": "hexadecagon",
			"from": [-1.125, 7.04098, 11.24048],
			"to": [15.625, 7.29098, 11.53885],
			"rotation": {"angle": -22.5, "axis": "x", "origin": [1, 1, 1]},
			"faces": {
				"north": {"uv": [0.625, 11.5, 1.125, 12], "texture": "#texture"},
				"east": {"uv": [0.625, 11.5, 1.125, 12], "texture": "#texture"},
				"west": {"uv": [0.625, 11.5, 1.125, 12], "texture": "#texture"},
				"up": {"uv": [0.625, 11.5, 1.125, 12], "texture": "#texture"},
				"down": {"uv": [0.625, 11.5, 1.125, 12], "texture": "#texture"}
			}
		},
		{
			"name": "hexadecagon",
			"from": [-1.125, 10.5, 7.85082],
			"to": [15.625, 10.75, 8.14918],
			"rotation": {"angle": 0, "axis": "x", "origin": [1, 1, 1]},
			"faces": {
				"south": {"uv": [0.625, 11.5, 1.125, 12], "texture": "#texture"},
				"west": {"uv": [0.625, 11.5, 1.125, 12], "texture": "#texture"},
				"up": {"uv": [0.625, 11.5, 1.125, 12], "texture": "#texture"},
				"down": {"uv": [0.625, 11.5, 1.125, 12], "texture": "#texture"}
			}
		},
		{
			"name": "hexadecagon",
			"from": [-1.125, 12.39855, 3.39547],
			"to": [15.625, 12.64855, 3.69384],
			"rotation": {"angle": 22.5, "axis": "x", "origin": [1, 1, 1]},
			"faces": {
				"east": {"uv": [0.625, 11.5, 1.125, 12], "texture": "#texture"},
				"west": {"uv": [0.625, 11.5, 1.125, 12], "texture": "#texture"},
				"up": {"uv": [0.625, 11.5, 1.125, 12], "texture": "#texture"},
				"down": {"uv": [0.625, 11.5, 1.125, 12], "texture": "#texture"}
			}
		},
		{
			"name": "hexadecagon",
			"from": [-1.125, 8.29098, 11.24048],
			"to": [15.625, 8.54098, 11.53885],
			"rotation": {"angle": -22.5, "axis": "x", "origin": [1, 1, 1]},
			"faces": {
				"east": {"uv": [0.625, 11.5, 1.125, 12], "texture": "#texture"},
				"west": {"uv": [0.625, 11.5, 1.125, 12], "texture": "#texture"},
				"up": {"uv": [0.625, 11.5, 1.125, 12], "texture": "#texture"},
				"down": {"uv": [0.625, 11.5, 1.125, 12], "texture": "#texture"}
			}
		},
		{
			"name": "hexadecagon",
			"from": [-1.125, 11.75, 7.85082],
			"to": [15.625, 12, 8.14918],
			"rotation": {"angle": 0, "axis": "x", "origin": [1, 1, 1]},
			"faces": {
				"south": {"uv": [0.625, 11.5, 1.125, 12], "texture": "#texture"},
				"west": {"uv": [0.625, 11.5, 1.125, 12], "texture": "#texture"},
				"up": {"uv": [0.625, 11.5, 1.125, 12], "texture": "#texture"},
				"down": {"uv": [0.625, 11.5, 1.125, 12], "texture": "#texture"}
			}
		},
		{
			"name": "hexadecagon",
			"from": [-1.125, 13.64855, 3.39547],
			"to": [15.625, 13.89855, 3.69384],
			"rotation": {"angle": 22.5, "axis": "x", "origin": [1, 1, 1]},
			"faces": {
				"north": {"uv": [0.625, 11.5, 1.125, 12], "texture": "#texture"},
				"east": {"uv": [0.625, 11.5, 1.125, 12], "texture": "#texture"},
				"west": {"uv": [0.625, 11.5, 1.125, 12], "texture": "#texture"},
				"up": {"uv": [0.625, 11.5, 1.125, 12], "texture": "#texture"},
				"down": {"uv": [0.625, 11.5, 1.125, 12], "texture": "#texture"}
			}
		},
		{
			"name": "rear_sight",
			"from": [-1, 12.5, 7.875],
			"to": [-0.75, 13, 8.125],
			"faces": {
				"north": {"uv": [2.5, 6.75, 3.5, 7.75], "texture": "#texture"},
				"south": {"uv": [2.5, 7, 3.5, 8], "texture": "#texture"},
				"west": {"uv": [2.5, 7, 3.5, 8], "texture": "#texture"},
				"up": {"uv": [2.5, 7, 3.5, 8], "texture": "#texture"}
			}
		},
		{
			"name": "rear_sight",
			"from": [-0.45711, 12.08664, 7.875],
			"to": [-0.03961, 12.29289, 8.125],
			"rotation": {"angle": -45, "axis": "z", "origin": [0.25, 13, 7.875]},
			"faces": {
				"north": {"uv": [2.5, 6.75, 3.5, 7.75], "texture": "#texture"},
				"south": {"uv": [2.5, 7, 3.5, 8], "texture": "#texture"},
				"up": {"uv": [2.5, 7, 3.5, 8], "texture": "#texture"}
			}
		},
		{
			"name": "rear_sight",
			"from": [-0.75, 12.5, 7.875],
			"to": [0.25, 12.71875, 8.125],
			"faces": {
				"north": {"uv": [2.5, 6.75, 3.5, 7.75], "texture": "#texture"},
				"south": {"uv": [2.5, 7, 3.5, 8], "texture": "#texture"},
				"up": {"uv": [2.5, 7, 3.5, 8], "texture": "#texture"}
			}
		},
		{
			"name": "rear_sight",
			"from": [0.25, 12.5, 7.875],
			"to": [0.5, 13, 8.125],
			"faces": {
				"north": {"uv": [2.5, 6.75, 3.5, 7.75], "texture": "#texture"},
				"east": {"uv": [2.5, 7, 3.5, 8], "texture": "#texture"},
				"south": {"uv": [2.5, 7, 3.5, 8], "texture": "#texture"},
				"up": {"uv": [2.5, 7, 3.5, 8], "texture": "#texture"}
			}
		},
		{
			"name": "rear_sight",
			"from": [0.23039, 13.25086, 7.875],
			"to": [0.64789, 13.45711, 8.125],
			"rotation": {"angle": 45, "axis": "z", "origin": [1, 12.75, 7.875]},
			"faces": {
				"north": {"uv": [2.5, 6.75, 3.5, 7.75], "texture": "#texture"},
				"east": {"uv": [2.5, 7, 3.5, 8], "texture": "#texture"},
				"south": {"uv": [2.5, 7, 3.5, 8], "texture": "#texture"},
				"up": {"uv": [2.5, 7, 3.5, 8], "texture": "#texture"}
			}
		},
		{
			"name": "rear_sight",
			"from": [-1.00781, 12.75, 7.90625],
			"to": [0.50781, 12.9375, 8.09375],
			"faces": {
				"north": {"uv": [12.875, 9.25, 13.875, 10.25], "texture": "#texture"},
				"east": {"uv": [12.875, 9.25, 13.875, 10.25], "texture": "#texture"},
				"south": {"uv": [12.875, 9.25, 13.875, 10.25], "texture": "#texture"},
				"west": {"uv": [12.875, 9.25, 13.875, 10.25], "texture": "#texture"},
				"up": {"uv": [12.875, 9.25, 13.875, 10.25], "texture": "#texture"},
				"down": {"uv": [12.875, 9.25, 13.875, 10.25], "texture": "#texture"}
			}
		},
		{
			"from": [15, 12.75, 7.15625],
			"to": [16, 13.3125, 7.625],
			"faces": {
				"east": {"uv": [6.5, 7.25, 7.5, 8.25], "texture": "#texture"},
				"south": {"uv": [6.5, 7.25, 7.5, 8.25], "texture": "#texture"},
				"west": {"uv": [6.5, 7.25, 7.5, 8.25], "texture": "#texture"},
				"up": {"uv": [6.5, 7.25, 7.5, 8.25], "texture": "#texture"}
			}
		},
		{
			"from": [15, 13.15625, 6.93575],
			"to": [16, 13.3125, 7.15625],
			"rotation": {"angle": -45, "axis": "x", "origin": [15, 13.3125, 7.15625]},
			"faces": {
				"north": {"uv": [6.5, 7.25, 7.5, 8.25], "texture": "#texture"},
				"east": {"uv": [6.5, 7.25, 7.5, 8.25], "texture": "#texture"},
				"west": {"uv": [6.5, 7.25, 7.5, 8.25], "texture": "#texture"},
				"up": {"uv": [6.5, 7.25, 7.5, 8.25], "texture": "#texture"}
			}
		},
		{
			"from": [15, 12.75, 7],
			"to": [16, 13.15625, 7.15625],
			"faces": {
				"north": {"uv": [6.5, 7.25, 7.5, 8.25], "texture": "#texture"},
				"east": {"uv": [6.5, 7.25, 7.5, 8.25], "texture": "#texture"},
				"up": {"uv": [6.5, 7.25, 7.5, 8.25], "texture": "#texture"}
			}
		},
		{
			"from": [15, 12.5, 7],
			"to": [16, 12.75, 9],
			"faces": {
				"north": {"uv": [6.5, 7.25, 7.5, 8.25], "texture": "#texture"},
				"east": {"uv": [6.5, 7.25, 7.5, 8.25], "texture": "#texture"},
				"south": {"uv": [6.5, 7.25, 7.5, 8.25], "texture": "#texture"},
				"up": {"uv": [6.5, 7.25, 7.5, 8.25], "texture": "#texture"}
			}
		},
		{
			"from": [15.5625, 12.41161, 9.08839],
			"to": [15.8125, 12.66161, 9.46339],
			"rotation": {"angle": 45, "axis": "x", "origin": [15.8125, 12.75, 9]},
			"faces": {
				"east": {"uv": [7.5, 7.25, 6.5, 8.25], "texture": "#texture"},
				"south": {"uv": [7.5, 7.25, 6.5, 8.25], "texture": "#texture"},
				"west": {"uv": [7.5, 7.25, 6.5, 8.25], "texture": "#texture"},
				"up": {"uv": [6.5, 8.25, 7.5, 7.25], "texture": "#texture"}
			}
		},
		{
			"from": [15, 12.75, 8.84375],
			"to": [16, 13.15625, 9],
			"faces": {
				"east": {"uv": [7.5, 7.25, 6.5, 8.25], "texture": "#texture"},
				"south": {"uv": [7.5, 7.25, 6.5, 8.25], "texture": "#texture"},
				"up": {"uv": [6.5, 8.25, 7.5, 7.25], "texture": "#texture"}
			}
		},
		{
			"from": [15, 13.15625, 8.84375],
			"to": [16, 13.3125, 9.06425],
			"rotation": {"angle": 45, "axis": "x", "origin": [15, 13.3125, 8.84375]},
			"faces": {
				"east": {"uv": [7.5, 7.25, 6.5, 8.25], "texture": "#texture"},
				"south": {"uv": [7.5, 7.25, 6.5, 8.25], "texture": "#texture"},
				"west": {"uv": [7.5, 7.25, 6.5, 8.25], "texture": "#texture"},
				"up": {"uv": [6.5, 8.25, 7.5, 7.25], "texture": "#texture"}
			}
		},
		{
			"from": [15, 12.75, 8.375],
			"to": [16, 13.3125, 8.84375],
			"faces": {
				"north": {"uv": [7.5, 7.25, 6.5, 8.25], "texture": "#texture"},
				"east": {"uv": [7.5, 7.25, 6.5, 8.25], "texture": "#texture"},
				"west": {"uv": [7.5, 7.25, 6.5, 8.25], "texture": "#texture"},
				"up": {"uv": [6.5, 8.25, 7.5, 7.25], "texture": "#texture"}
			}
		},
		{
			"from": [14.59375, 12.90625, 7.15625],
			"to": [15, 13.3125, 7.46875],
			"rotation": {"angle": 22.5, "axis": "z", "origin": [15, 13.3125, 7.3125]},
			"faces": {
				"north": {"uv": [6.5, 7.25, 7.5, 8.25], "texture": "#texture"},
				"south": {"uv": [6.5, 7.25, 7.5, 8.25], "texture": "#texture"},
				"west": {"uv": [6.5, 7.25, 7.5, 8.25], "texture": "#texture"},
				"up": {"uv": [6.5, 7.25, 7.5, 8.25], "texture": "#texture"}
			}
		},
		{
			"from": [14.59375, 12.75, 7],
			"to": [15, 13.15625, 7.25],
			"rotation": {"angle": 22.5, "axis": "y", "origin": [15, 12.625, 7]},
			"faces": {
				"north": {"uv": [6.5, 7.25, 7.5, 8.25], "texture": "#texture"},
				"west": {"uv": [6.5, 7.25, 7.5, 8.25], "texture": "#texture"},
				"up": {"uv": [6.5, 7.25, 7.5, 8.25], "texture": "#texture"}
			}
		},
		{
			"from": [15.5625, 12.41161, 6.53661],
			"to": [15.8125, 12.66161, 6.91161],
			"rotation": {"angle": -45, "axis": "x", "origin": [15.8125, 12.75, 7]},
			"faces": {
				"north": {"uv": [6.5, 7.25, 7.5, 8.25], "texture": "#texture"},
				"east": {"uv": [6.5, 7.25, 7.5, 8.25], "texture": "#texture"},
				"west": {"uv": [6.5, 7.25, 7.5, 8.25], "texture": "#texture"},
				"up": {"uv": [6.5, 7.25, 7.5, 8.25], "texture": "#texture"}
			}
		},
		{
			"from": [14.625, 12.75, 7.15625],
			"to": [15, 13.15625, 7.46875],
			"faces": {
				"south": {"uv": [6.5, 7.25, 7.5, 8.25], "texture": "#texture"},
				"west": {"uv": [6.5, 7.25, 7.5, 8.25], "texture": "#texture"},
				"down": {"uv": [6.5, 7.25, 7.5, 8.25], "texture": "#texture"}
			}
		},
		{
			"from": [14.39844, 12.5, 7.25],
			"to": [15.5, 12.75, 8.75],
			"faces": {
				"north": {"uv": [6.5, 7.25, 7.5, 8.25], "texture": "#texture"},
				"south": {"uv": [6.5, 7.25, 7.5, 8.25], "texture": "#texture"},
				"west": {"uv": [6.5, 7.25, 7.5, 8.25], "texture": "#texture"},
				"up": {"uv": [6.5, 7.25, 7.5, 8.25], "texture": "#texture"}
			}
		},
		{
			"from": [14.35156, 12.5, 8.625],
			"to": [15, 12.75, 9],
			"rotation": {"angle": -22.5, "axis": "y", "origin": [15, 12.625, 9]},
			"faces": {
				"south": {"uv": [7.5, 7.25, 6.5, 8.25], "texture": "#texture"},
				"west": {"uv": [7.5, 7.25, 6.5, 8.25], "texture": "#texture"},
				"up": {"uv": [6.5, 8.25, 7.5, 7.25], "texture": "#texture"},
				"down": {"uv": [6.5, 8.25, 7.5, 7.25], "texture": "#texture"}
			}
		},
		{
			"from": [14.59375, 12.75, 8.75],
			"to": [15, 13.15625, 9],
			"rotation": {"angle": -22.5, "axis": "y", "origin": [15, 12.625, 9]},
			"faces": {
				"south": {"uv": [7.5, 7.25, 6.5, 8.25], "texture": "#texture"},
				"west": {"uv": [7.5, 7.25, 6.5, 8.25], "texture": "#texture"},
				"up": {"uv": [6.5, 8.25, 7.5, 7.25], "texture": "#texture"}
			}
		},
		{
			"from": [14.625, 12.75, 8.53125],
			"to": [15, 13.15625, 8.84375],
			"faces": {
				"north": {"uv": [7.5, 7.25, 6.5, 8.25], "texture": "#texture"},
				"west": {"uv": [7.5, 7.25, 6.5, 8.25], "texture": "#texture"},
				"down": {"uv": [6.5, 8.25, 7.5, 7.25], "texture": "#texture"}
			}
		},
		{
			"from": [14.59375, 12.90625, 8.53125],
			"to": [15, 13.3125, 8.84375],
			"rotation": {"angle": 22.5, "axis": "z", "origin": [15, 13.3125, 8.6875]},
			"faces": {
				"north": {"uv": [7.5, 7.25, 6.5, 8.25], "texture": "#texture"},
				"south": {"uv": [7.5, 7.25, 6.5, 8.25], "texture": "#texture"},
				"west": {"uv": [7.5, 7.25, 6.5, 8.25], "texture": "#texture"},
				"up": {"uv": [6.5, 8.25, 7.5, 7.25], "texture": "#texture"}
			}
		},
		{
			"from": [14.35156, 12.5, 7],
			"to": [15, 12.75, 7.375],
			"rotation": {"angle": 22.5, "axis": "y", "origin": [15, 12.625, 7]},
			"faces": {
				"north": {"uv": [6.5, 7.25, 7.5, 8.25], "texture": "#texture"},
				"west": {"uv": [6.5, 7.25, 7.5, 8.25], "texture": "#texture"},
				"up": {"uv": [6.5, 7.25, 7.5, 8.25], "texture": "#texture"},
				"down": {"uv": [6.5, 7.25, 7.5, 8.25], "texture": "#texture"}
			}
		},
		{
			"name": "iron_sight",
			"from": [15.75, 4.59076, 13.95713],
			"to": [16, 4.78967, 14.20713],
			"rotation": {"angle": -45, "axis": "x", "origin": [1, 1, 1]},
			"faces": {
				"east": {"uv": [6.5, 7.25, 7.5, 8.25], "texture": "#texture"},
				"south": {"uv": [6.5, 7.25, 7.5, 8.25], "texture": "#texture"},
				"west": {"uv": [6.5, 7.25, 7.5, 8.25], "texture": "#texture"}
			}
		},
		{
			"name": "iron_sight",
			"from": [15.75, 9.45968, 11.52058],
			"to": [16, 9.72109, 11.77058],
			"rotation": {"angle": -22.5, "axis": "x", "origin": [1, 1, 1]},
			"faces": {
				"east": {"uv": [6.5, 7.25, 7.5, 8.25], "texture": "#texture"},
				"south": {"uv": [6.5, 7.25, 7.5, 8.25], "texture": "#texture"},
				"west": {"uv": [6.5, 7.25, 7.5, 8.25], "texture": "#texture"}
			}
		},
		{
			"name": "iron_sight",
			"from": [15.75, 14.81724, 3.16373],
			"to": [16, 15.07866, 3.41373],
			"rotation": {"angle": 22.5, "axis": "x", "origin": [1, 1, 1]},
			"faces": {
				"north": {"uv": [6.5, 7.25, 7.5, 8.25], "texture": "#texture"},
				"east": {"uv": [6.5, 7.25, 7.5, 8.25], "texture": "#texture"},
				"west": {"uv": [6.5, 7.25, 7.5, 8.25], "texture": "#texture"}
			}
		},
		{
			"name": "iron_sight",
			"from": [15.75, 14.49025, -2.30763],
			"to": [16, 14.68916, -2.05763],
			"rotation": {"angle": 45, "axis": "x", "origin": [1, 1, 1]},
			"faces": {
				"north": {"uv": [6.5, 7.25, 7.5, 8.25], "texture": "#texture"},
				"east": {"uv": [6.5, 7.25, 7.5, 8.25], "texture": "#texture"},
				"west": {"uv": [6.5, 7.25, 7.5, 8.25], "texture": "#texture"}
			}
		},
		{
			"name": "iron_sight",
			"from": [15.75, 8.98738, 12.09435],
			"to": [16, 9.23738, 12.29326],
			"rotation": {"angle": -22.5, "axis": "x", "origin": [1, 1, 1]},
			"faces": {
				"east": {"uv": [6.5, 7.25, 7.5, 8.25], "texture": "#texture"},
				"west": {"uv": [6.5, 7.25, 7.5, 8.25], "texture": "#texture"},
				"up": {"uv": [6.5, 7.25, 7.5, 8.25], "texture": "#texture"}
			}
		},
		{
			"name": "iron_sight",
			"from": [15.75, 12.625, 7.80679],
			"to": [16, 12.875, 8.19321],
			"rotation": {"angle": 0, "axis": "x", "origin": [1, 1, 1]},
			"faces": {
				"east": {"uv": [6.5, 7.25, 7.5, 8.25], "texture": "#texture"},
				"west": {"uv": [6.5, 7.25, 7.5, 8.25], "texture": "#texture"},
				"up": {"uv": [6.5, 7.25, 7.5, 8.25], "texture": "#texture"}
			}
		},
		{
			"name": "iron_sight",
			"from": [15.75, 14.34495, 2.64105],
			"to": [16, 14.59495, 2.83996],
			"rotation": {"angle": 22.5, "axis": "x", "origin": [1, 1, 1]},
			"faces": {
				"east": {"uv": [6.5, 7.25, 7.5, 8.25], "texture": "#texture"},
				"west": {"uv": [6.5, 7.25, 7.5, 8.25], "texture": "#texture"},
				"up": {"uv": [6.5, 7.25, 7.5, 8.25], "texture": "#texture"}
			}
		},
		{
			"name": "hexadecagon",
			"from": [8.5, 12.87163, -2.57843],
			"to": [11, 13.17, -2.32843],
			"rotation": {"angle": 45, "axis": "x", "origin": [1, 1, 1]},
			"faces": {
				"north": {"uv": [0.625, 11.5, 1.125, 12], "texture": "#texture"},
				"east": {"uv": [0.625, 11.5, 1.125, 12], "texture": "#texture"},
				"south": {"uv": [0.625, 11.5, 1.125, 12], "texture": "#texture"},
				"west": {"uv": [0.625, 11.5, 1.125, 12], "texture": "#texture"}
			}
		},
		{
			"name": "hexadecagon",
			"from": [8.5, 8.71329, 10.87421],
			"to": [11, 8.96329, 11.17258],
			"rotation": {"angle": -22.5, "axis": "x", "origin": [1, 1, 1]},
			"faces": {
				"east": {"uv": [0.625, 11.5, 1.125, 12], "texture": "#texture"},
				"west": {"uv": [0.625, 11.5, 1.125, 12], "texture": "#texture"},
				"up": {"uv": [0.625, 11.5, 1.125, 12], "texture": "#texture"},
				"down": {"uv": [0.625, 11.5, 1.125, 12], "texture": "#texture"}
			}
		},
		{
			"name": "hexadecagon",
			"from": [8.5, 12, 7.35082],
			"to": [11, 12.25, 7.89918],
			"rotation": {"angle": 0, "axis": "x", "origin": [1, 1, 1]},
			"faces": {
				"up": {"uv": [0.625, 11.5, 1.125, 12], "texture": "#texture"},
				"down": {"uv": [0.625, 11.5, 1.125, 12], "texture": "#texture"}
			}
		},
		{
			"name": "hexadecagon",
			"from": [8.5, 13.03899, 2.23704],
			"to": [11, 13.33736, 2.48704],
			"rotation": {"angle": 22.5, "axis": "x", "origin": [1, 1, 1]},
			"faces": {
				"north": {"uv": [0.625, 11.5, 1.125, 12], "texture": "#texture"},
				"east": {"uv": [0.625, 11.5, 1.125, 12], "texture": "#texture"},
				"south": {"uv": [0.625, 11.5, 1.125, 12], "texture": "#texture"},
				"west": {"uv": [0.625, 11.5, 1.125, 12], "texture": "#texture"}
			}
		},
		{
			"name": "hexadecagon",
			"from": [8.5, 11.35082, 6.75],
			"to": [11, 11.64918, 7],
			"rotation": {"angle": 0, "axis": "x", "origin": [1, 1, 1]},
			"faces": {
				"north": {"uv": [0.625, 11.5, 1.125, 12], "texture": "#texture"},
				"south": {"uv": [0.625, 11.5, 1.125, 12], "texture": "#texture"}
			}
		},
		{
			"name": "hexadecagon",
			"from": [8.5, 7.68911, 10.27339],
			"to": [11, 8.36248, 10.52339],
			"rotation": {"angle": -22.5, "axis": "x", "origin": [1, 1, 1]},
			"faces": {
				"north": {"uv": [0.625, 11.5, 1.125, 12], "texture": "#texture"},
				"east": {"uv": [0.625, 11.5, 1.125, 12], "texture": "#texture"},
				"south": {"uv": [0.625, 11.5, 1.125, 12], "texture": "#texture"},
				"west": {"uv": [0.625, 11.5, 1.125, 12], "texture": "#texture"}
			}
		},
		{
			"name": "slider_screw",
			"from": [15, 13.27388, 3.33946],
			"to": [16, 13.77388, 3.43891],
			"rotation": {"angle": 22.5, "axis": "x", "origin": [1, 1, 1]},
			"faces": {
				"east": {"uv": [4.875, 5.25, 5.375, 5.75], "texture": "#texture"},
				"west": {"uv": [4.875, 5.25, 5.375, 5.75], "texture": "#texture"},
				"up": {"uv": [4.875, 5.25, 5.375, 5.75], "texture": "#texture"},
				"down": {"uv": [4.875, 5.25, 5.375, 5.75], "texture": "#texture"}
			}
		},
		{
			"name": "slider_screw",
			"from": [15, 13.47415, 3.13919],
			"to": [16, 13.5736, 3.63919],
			"rotation": {"angle": 22.5, "axis": "x", "origin": [1, 1, 1]},
			"faces": {
				"north": {"uv": [4.875, 5.25, 5.375, 5.75], "texture": "#texture"},
				"east": {"uv": [4.875, 5.25, 5.375, 5.75], "texture": "#texture"},
				"south": {"uv": [4.875, 5.25, 5.375, 5.75], "texture": "#texture"},
				"west": {"uv": [4.875, 5.25, 5.375, 5.75], "texture": "#texture"},
				"up": {"uv": [4.875, 5.25, 5.375, 5.75], "texture": "#texture"},
				"down": {"uv": [4.875, 5.25, 5.375, 5.75], "texture": "#texture"}
			}
		},
		{
			"name": "slider_screw",
			"from": [15, 13.43513, -1.83536],
			"to": [16, 13.53458, -1.33536],
			"rotation": {"angle": 45, "axis": "x", "origin": [1, 1, 1]},
			"faces": {
				"north": {"uv": [4.875, 5.25, 5.375, 5.75], "texture": "#texture"},
				"east": {"uv": [4.875, 5.25, 5.375, 5.75], "texture": "#texture"},
				"south": {"uv": [4.875, 5.25, 5.375, 5.75], "texture": "#texture"},
				"west": {"uv": [4.875, 5.25, 5.375, 5.75], "texture": "#texture"},
				"up": {"uv": [4.875, 5.25, 5.375, 5.75], "texture": "#texture"},
				"down": {"uv": [4.875, 5.25, 5.375, 5.75], "texture": "#texture"}
			}
		},
		{
			"name": "slider_screw",
			"from": [15, 3.53563, 13.23485],
			"to": [16, 3.63509, 13.73485],
			"rotation": {"angle": -45, "axis": "x", "origin": [1, 1, 1]},
			"faces": {
				"north": {"uv": [4.875, 5.25, 5.375, 5.75], "texture": "#texture"},
				"east": {"uv": [4.875, 5.25, 5.375, 5.75], "texture": "#texture"},
				"south": {"uv": [4.875, 5.25, 5.375, 5.75], "texture": "#texture"},
				"west": {"uv": [4.875, 5.25, 5.375, 5.75], "texture": "#texture"}
			}
		},
		{
			"name": "slider_screw",
			"from": [15, 8.11658, 11.29513],
			"to": [16, 8.21604, 11.79513],
			"rotation": {"angle": -22.5, "axis": "x", "origin": [1, 1, 1]},
			"faces": {
				"north": {"uv": [4.875, 5.25, 5.375, 5.75], "texture": "#texture"},
				"east": {"uv": [4.875, 5.25, 5.375, 5.75], "texture": "#texture"},
				"south": {"uv": [4.875, 5.25, 5.375, 5.75], "texture": "#texture"},
				"west": {"uv": [4.875, 5.25, 5.375, 5.75], "texture": "#texture"}
			}
		},
		{
			"name": "slider_screw",
			"from": [15, 11.60652, 7.75],
			"to": [16, 11.70598, 8.25],
			"rotation": {"angle": 0, "axis": "x", "origin": [1, 1, 1]},
			"faces": {
				"north": {"uv": [4.875, 5.25, 5.375, 5.75], "texture": "#texture"},
				"east": {"uv": [4.875, 5.25, 5.375, 5.75], "texture": "#texture"},
				"south": {"uv": [4.875, 5.25, 5.375, 5.75], "texture": "#texture"},
				"west": {"uv": [4.875, 5.25, 5.375, 5.75], "texture": "#texture"}
			}
		},
		{
			"name": "slider_screw",
			"from": [15, 7.91631, 11.4954],
			"to": [16, 8.41631, 11.59486],
			"rotation": {"angle": -22.5, "axis": "x", "origin": [1, 1, 1]},
			"faces": {
				"north": {"uv": [4.875, 5.25, 5.375, 5.75], "texture": "#texture"},
				"east": {"uv": [4.875, 5.25, 5.375, 5.75], "texture": "#texture"},
				"west": {"uv": [4.875, 5.25, 5.375, 5.75], "texture": "#texture"},
				"up": {"uv": [4.875, 5.25, 5.375, 5.75], "texture": "#texture"},
				"down": {"uv": [4.875, 5.25, 5.375, 5.75], "texture": "#texture"}
			}
		},
		{
			"name": "slider_screw",
			"from": [15, 11.40625, 7.95027],
			"to": [16, 11.90625, 8.04973],
			"rotation": {"angle": 0, "axis": "x", "origin": [1, 1, 1]},
			"faces": {
				"east": {"uv": [4.875, 5.25, 5.375, 5.75], "texture": "#texture"},
				"west": {"uv": [4.875, 5.25, 5.375, 5.75], "texture": "#texture"},
				"up": {"uv": [4.875, 5.25, 5.375, 5.75], "texture": "#texture"},
				"down": {"uv": [4.875, 5.25, 5.375, 5.75], "texture": "#texture"}
			}
		},
		{
			"from": [14.59088, 10.77524, 7.875],
			"to": [15.84088, 11.33774, 8.125],
			"rotation": {"angle": 45, "axis": "z", "origin": [15.8125, 11.34375, 8]},
			"faces": {
				"north": {"uv": [2.5, 7, 3.5, 8], "texture": "#texture"},
				"east": {"uv": [2.5, 7, 3.5, 8], "texture": "#texture"},
				"south": {"uv": [2.5, 7, 3.5, 8], "texture": "#texture"},
				"down": {"uv": [2.5, 7, 3.5, 8], "texture": "#texture"}
			}
		},
		{
			"from": [15.09375, 10.5, 7],
			"to": [15.96875, 12, 9],
			"faces": {
				"east": {"uv": [7.25, 13, 9, 14], "rotation": 90, "texture": "#texture"},
				"west": {"uv": [2.25, 4.75, 3.25, 5.75], "texture": "#texture"}
			}
		},
		{
			"from": [5, 11.295, 6.5],
			"to": [8.625, 12, 7.205],
			"rotation": {"angle": -45, "axis": "x", "origin": [7.5, 12, 6.5]},
			"faces": {
				"east": {"uv": [0.625, 9.25, 1.625, 10.25], "texture": "#texture"},
				"south": {"uv": [0.625, 9.25, 1.625, 10.25], "texture": "#texture"},
				"west": {"uv": [0.625, 9.25, 1.625, 10.25], "texture": "#texture"},
				"up": {"uv": [0.625, 9.25, 1.625, 10.25], "texture": "#texture"},
				"down": {"uv": [0.625, 9.25, 1.625, 10.25], "texture": "#texture"}
			}
		},
		{
			"from": [11.625, 11.295, 6.5],
			"to": [16, 12, 7.205],
			"rotation": {"angle": -45, "axis": "x", "origin": [7.5, 12, 6.5]},
			"faces": {
				"north": {"uv": [0.625, 9.25, 1.625, 10.25], "texture": "#texture"},
				"east": {"uv": [0.625, 9.25, 1.625, 10.25], "texture": "#texture"},
				"south": {"uv": [0.625, 9.25, 1.625, 10.25], "texture": "#texture"},
				"west": {"uv": [0.625, 9.25, 1.625, 10.25], "texture": "#texture"},
				"up": {"uv": [0.625, 9.25, 1.625, 10.25], "texture": "#texture"},
				"down": {"uv": [0.625, 9.25, 1.625, 10.25], "texture": "#texture"}
			}
		},
		{
			"from": [11, 11.295, 6.54688],
			"to": [11.625, 11.875, 6.705],
			"rotation": {"angle": -45, "axis": "x", "origin": [7.5, 12, 6.5]},
			"faces": {
				"north": {"uv": [0.625, 9.25, 1.625, 10.25], "texture": "#texture"},
				"west": {"uv": [0.625, 9.25, 1.625, 10.25], "texture": "#texture"},
				"up": {"uv": [0.625, 9.25, 1.625, 10.25], "texture": "#texture"}
			}
		},
		{
			"from": [10.9375, 11.045, 6.70313],
			"to": [11.625, 11.9375, 6.92375],
			"rotation": {"angle": -45, "axis": "x", "origin": [7.5, 12, 6.5]},
			"faces": {
				"north": {"uv": [0.5, 6.75, 1.5, 7.75], "texture": "#texture"},
				"east": {"uv": [0.5, 6.75, 1.5, 7.75], "texture": "#texture"},
				"south": {"uv": [0.5, 6.75, 1.5, 7.75], "texture": "#texture"},
				"west": {"uv": [0.5, 6.75, 1.5, 7.75], "texture": "#texture"},
				"up": {"uv": [0.5, 6.75, 1.5, 7.75], "texture": "#texture"}
			}
		},
		{
			"from": [11, 11.295, 6.92188],
			"to": [11.625, 11.875, 7.08],
			"rotation": {"angle": -45, "axis": "x", "origin": [7.5, 12, 6.5]},
			"faces": {
				"south": {"uv": [0.625, 9.25, 1.625, 10.25], "texture": "#texture"},
				"west": {"uv": [0.625, 9.25, 1.625, 10.25], "texture": "#texture"},
				"up": {"uv": [0.625, 9.25, 1.625, 10.25], "texture": "#texture"},
				"down": {"uv": [0.625, 9.25, 1.625, 10.25], "texture": "#texture"}
			}
		},
		{
			"from": [11.625, 12, 7],
			"to": [14.25, 12.5, 7.5],
			"faces": {
				"north": {"uv": [0.625, 9.25, 1.625, 10.25], "texture": "#texture"},
				"south": {"uv": [0.625, 9.25, 1.625, 10.25], "texture": "#texture"},
				"up": {"uv": [0.625, 9.25, 1.625, 10.25], "texture": "#texture"},
				"down": {"uv": [0.625, 9.25, 1.625, 10.25], "texture": "#texture"}
			}
		},
		{
			"from": [5, 12, 7.875],
			"to": [11.625, 12.5, 9],
			"faces": {
				"north": {"uv": [0.625, 9.25, 1.625, 10.25], "texture": "#texture"},
				"east": {"uv": [0.625, 9.25, 1.625, 10.25], "texture": "#texture"},
				"up": {"uv": [0.625, 9.25, 1.625, 10.25], "texture": "#texture"},
				"down": {"uv": [0.625, 9.25, 1.625, 10.25], "texture": "#texture"}
			}
		},
		{
			"from": [11, 12, 7],
			"to": [11.625, 12.5, 7.875],
			"faces": {
				"north": {"uv": [0.625, 9.25, 1.625, 10.25], "texture": "#texture"},
				"east": {"uv": [0.625, 9.25, 1.625, 10.25], "texture": "#texture"},
				"west": {"uv": [0.625, 9.25, 1.625, 10.25], "texture": "#texture"},
				"up": {"uv": [0.625, 9.25, 1.625, 10.25], "texture": "#texture"},
				"down": {"uv": [0.625, 9.25, 1.625, 10.25], "texture": "#texture"}
			}
		},
		{
			"from": [5, 12, 7],
			"to": [8.625, 12.5, 7.875],
			"faces": {
				"north": {"uv": [0.625, 9.25, 1.625, 10.25], "texture": "#texture"},
				"east": {"uv": [0.625, 9.25, 1.625, 10.25], "texture": "#texture"},
				"up": {"uv": [0.625, 9.25, 1.625, 10.25], "texture": "#texture"},
				"down": {"uv": [0.625, 9.25, 1.625, 10.25], "texture": "#texture"}
			}
		},
		{
			"from": [11.625, 12, 8.5],
			"to": [14.25, 12.5, 9],
			"faces": {
				"north": {"uv": [0.625, 9.25, 1.625, 10.25], "texture": "#texture"},
				"up": {"uv": [0.625, 9.25, 1.625, 10.25], "texture": "#texture"},
				"down": {"uv": [0.625, 9.25, 1.625, 10.25], "texture": "#texture"}
			}
		},
		{
			"from": [11.625, 12.1875, 7.5],
			"to": [14.375, 12.4375, 8.5],
			"faces": {
				"up": {"uv": [2.5, 7, 3.5, 8], "texture": "#texture"},
				"down": {"uv": [2.5, 7, 3.5, 8], "texture": "#texture"}
			}
		},
		{
			"from": [14.25, 12, 7],
			"to": [16, 12.5, 9],
			"faces": {
				"north": {"uv": [0.625, 9.25, 1.625, 10.25], "texture": "#texture"},
				"east": {"uv": [0.625, 9.25, 1.625, 10.25], "texture": "#texture"},
				"west": {"uv": [0.625, 9.25, 1.625, 10.25], "texture": "#texture"},
				"up": {"uv": [0.625, 9.25, 1.625, 10.25], "texture": "#texture"},
				"down": {"uv": [0.625, 9.25, 1.625, 10.25], "texture": "#texture"}
			}
		},
		{
			"from": [3.25, 11.75, 8.75],
			"to": [11.75, 12, 9.5],
			"faces": {
				"north": {"uv": [0.625, 9.25, 1.625, 10.25], "texture": "#texture"},
				"south": {"uv": [0.625, 9.25, 1.625, 10.25], "texture": "#texture"},
				"west": {"uv": [0.625, 9.25, 1.625, 10.25], "texture": "#texture"},
				"up": {"uv": [0.625, 9.25, 1.625, 10.25], "texture": "#texture"},
				"down": {"uv": [0.625, 9.25, 1.625, 10.25], "texture": "#texture"}
			}
		},
		{
			"from": [3.25, 10.5, 6.5],
			"to": [8.625, 12, 7.25],
			"faces": {
				"north": {"uv": [1.625, 9.25, 0.625, 10.25], "texture": "#texture"},
				"east": {"uv": [1.625, 9.25, 0.625, 10.25], "texture": "#texture"},
				"south": {"uv": [1.625, 9.25, 0.625, 10.25], "texture": "#texture"},
				"west": {"uv": [1.625, 9.25, 0.625, 10.25], "texture": "#texture"},
				"up": {"uv": [0.625, 10.25, 1.625, 9.25], "texture": "#texture"},
				"down": {"uv": [0.625, 10.25, 1.625, 9.25], "texture": "#texture"}
			}
		},
		{
			"from": [3.25, 11.5, 8.75],
			"to": [5.5, 11.75, 9.5],
			"faces": {
				"north": {"uv": [0.625, 9.25, 1.625, 10.25], "texture": "#texture"},
				"south": {"uv": [0.625, 9.25, 1.625, 10.25], "texture": "#texture"},
				"west": {"uv": [0.625, 9.25, 1.625, 10.25], "texture": "#texture"},
				"down": {"uv": [0.625, 9.25, 1.625, 10.25], "texture": "#texture"}
			}
		},
		{
			"from": [6.08579, 12.91421, 8.75],
			"to": [6.46079, 13.16421, 9.5],
			"rotation": {"angle": 45, "axis": "z", "origin": [7.5, 11.5, 9.125]},
			"faces": {
				"north": {"uv": [0.625, 9.25, 1.625, 10.25], "texture": "#texture"},
				"south": {"uv": [0.625, 9.25, 1.625, 10.25], "texture": "#texture"},
				"down": {"uv": [0.625, 9.25, 1.625, 10.25], "texture": "#texture"}
			}
		},
		{
			"from": [3.25, 10.5, 8.75],
			"to": [12, 10.75, 9.5],
			"faces": {
				"north": {"uv": [0.625, 9.25, 1.625, 10.25], "texture": "#texture"},
				"east": {"uv": [0.625, 9.25, 1.625, 10.25], "texture": "#texture"},
				"south": {"uv": [0.625, 9.25, 1.625, 10.25], "texture": "#texture"},
				"west": {"uv": [0.625, 9.25, 1.625, 10.25], "texture": "#texture"},
				"up": {"uv": [0.625, 9.25, 1.625, 10.25], "texture": "#texture"},
				"down": {"uv": [0.625, 9.25, 1.625, 10.25], "texture": "#texture"}
			}
		},
		{
			"from": [8.625, 10.5, 6.5],
			"to": [11.625, 10.875, 7.25],
			"faces": {
				"north": {"uv": [1.625, 9.25, 0.625, 10.25], "texture": "#texture"},
				"south": {"uv": [1.625, 9.25, 0.625, 10.25], "texture": "#texture"},
				"up": {"uv": [0.625, 10.25, 1.625, 9.25], "texture": "#texture"},
				"down": {"uv": [0.625, 10.25, 1.625, 9.25], "texture": "#texture"}
			}
		},
		{
			"from": [11, 10.875, 6.5],
			"to": [11.625, 11.125, 7.25],
			"faces": {
				"north": {"uv": [1.625, 9.25, 0.625, 10.25], "texture": "#texture"},
				"up": {"uv": [0.625, 10.25, 1.625, 9.25], "texture": "#texture"}
			}
		},
		{
			"from": [8.375, 10.875, 6.5],
			"to": [9, 11.125, 7.25],
			"faces": {
				"north": {"uv": [0.625, 9.25, 1.625, 10.25], "texture": "#texture"},
				"south": {"uv": [0.625, 9.25, 1.625, 10.25], "texture": "#texture"},
				"up": {"uv": [1.625, 10.25, 0.625, 9.25], "texture": "#texture"}
			}
		},
		{
			"from": [10.625, 10.75, 6.5],
			"to": [11, 11.125, 7.25],
			"rotation": {"angle": 45, "axis": "z", "origin": [11, 11.125, 6.5]},
			"faces": {
				"north": {"uv": [1.625, 9.25, 0.625, 10.25], "texture": "#texture"},
				"south": {"uv": [1.625, 9.25, 0.625, 10.25], "texture": "#texture"},
				"up": {"uv": [0.625, 10.25, 1.625, 9.25], "texture": "#texture"}
			}
		},
		{
			"from": [7.82843, 13.57843, 6.5],
			"to": [8.20343, 13.95343, 7.25],
			"rotation": {"angle": -45, "axis": "z", "origin": [5, 11.125, 6.5]},
			"faces": {
				"north": {"uv": [0.625, 9.25, 1.625, 10.25], "texture": "#texture"},
				"south": {"uv": [0.625, 9.25, 1.625, 10.25], "texture": "#texture"},
				"up": {"uv": [1.625, 10.25, 0.625, 9.25], "texture": "#texture"}
			}
		},
		{
			"from": [11, 10.5, 6.625],
			"to": [11.625, 11.9375, 7.25],
			"faces": {
				"north": {"uv": [1.625, 9.25, 0.625, 10.25], "texture": "#texture"},
				"south": {"uv": [1.625, 9.25, 0.625, 10.25], "texture": "#texture"},
				"west": {"uv": [1.625, 9.25, 0.625, 10.25], "texture": "#texture"},
				"up": {"uv": [0.625, 10.25, 1.625, 9.25], "texture": "#texture"}
			}
		},
		{
			"from": [-1, 10.5, 8.75],
			"to": [3.25, 12, 9.5],
			"faces": {
				"north": {"uv": [0.625, 9.25, 1.625, 10.25], "texture": "#texture"},
				"east": {"uv": [0.625, 9.25, 1.625, 10.25], "texture": "#texture"},
				"south": {"uv": [0.125, 12.875, 7, 15.875], "texture": "#texture"},
				"west": {"uv": [0.625, 9.25, 1.625, 10.25], "texture": "#texture"},
				"up": {"uv": [0.625, 9.25, 1.625, 10.25], "texture": "#texture"},
				"down": {"uv": [0.625, 9.25, 1.625, 10.25], "texture": "#texture"}
			}
		},
		{
			"from": [-1, 10.5, 6.5],
			"to": [3.25, 12, 7.25],
			"faces": {
				"north": {"uv": [7, 12.875, 0.125, 15.875], "texture": "#texture"},
				"east": {"uv": [1.625, 9.25, 0.625, 10.25], "texture": "#texture"},
				"south": {"uv": [1.625, 9.25, 0.625, 10.25], "texture": "#texture"},
				"west": {"uv": [1.625, 9.25, 0.625, 10.25], "texture": "#texture"},
				"up": {"uv": [0.625, 10.25, 1.625, 9.25], "texture": "#texture"},
				"down": {"uv": [0.625, 10.25, 1.625, 9.25], "texture": "#texture"}
			}
		},
		{
			"from": [11.75, 10.5, 9],
			"to": [16, 12, 9.5],
			"faces": {
				"north": {"uv": [0.625, 9.25, 1.625, 10.25], "texture": "#texture"},
				"east": {"uv": [0.625, 9.25, 1.625, 10.25], "texture": "#texture"},
				"south": {"uv": [0.125, 12.875, 7, 15.875], "texture": "#texture"},
				"west": {"uv": [0.625, 9.25, 1.625, 10.25], "texture": "#texture"},
				"up": {"uv": [0.625, 9.25, 1.625, 10.25], "texture": "#texture"},
				"down": {"uv": [0.625, 9.25, 1.625, 10.25], "texture": "#texture"}
			}
		},
		{
			"from": [11.625, 10.5, 6.5],
			"to": [16, 12, 7],
			"faces": {
				"north": {"uv": [7, 12.875, 0.125, 15.875], "texture": "#texture"},
				"east": {"uv": [0.625, 9.25, 1.625, 10.25], "texture": "#texture"},
				"south": {"uv": [0.625, 9.25, 1.625, 10.25], "texture": "#texture"},
				"west": {"uv": [0.625, 9.25, 1.625, 10.25], "texture": "#texture"},
				"up": {"uv": [0.625, 9.25, 1.625, 10.25], "texture": "#texture"},
				"down": {"uv": [0.625, 9.25, 1.625, 10.25], "texture": "#texture"}
			}
		},
		{
			"from": [3.25, 10.625, 9.375],
			"to": [11.75, 11.875, 9.4375],
			"faces": {
				"north": {"uv": [3.625, 11.25, 2.625, 12.25], "texture": "#texture"},
				"south": {"uv": [3.625, 11.25, 2.625, 12.25], "texture": "#texture"}
			}
		},
		{
			"from": [4.375, 11, 9.375],
			"to": [6.25, 11.25, 9.44531],
			"faces": {
				"east": {"uv": [16, 6.625, 15.25, 7.5], "texture": "#texture"},
				"south": {"uv": [0.125, 0.125, 8.875, 1.5], "texture": "#texture"},
				"west": {"uv": [16, 6.625, 15.25, 7.5], "texture": "#texture"},
				"up": {"uv": [16, 6.625, 15.25, 7.5], "texture": "#texture"},
				"down": {"uv": [16, 6.625, 15.25, 7.5], "texture": "#texture"}
			}
		},
		{
			"from": [6.4375, 11, 9.375],
			"to": [7.5625, 11.25, 9.44531],
			"faces": {
				"east": {"uv": [16, 6.625, 15.25, 7.5], "texture": "#texture"},
				"south": {"uv": [9.25, 0.125, 15, 1.5], "texture": "#texture"},
				"west": {"uv": [16, 6.625, 15.25, 7.5], "texture": "#texture"},
				"up": {"uv": [16, 6.625, 15.25, 7.5], "texture": "#texture"},
				"down": {"uv": [16, 6.625, 15.25, 7.5], "texture": "#texture"}
			}
		},
		{
			"from": [8.8125, 7.75, 8.1875],
			"to": [9.4375, 7.9375, 8.25781],
			"faces": {
				"east": {"uv": [16, 6.625, 15.25, 7.5], "texture": "#texture"},
				"south": {"uv": [6.25, 1.625, 9.5, 3], "texture": "#texture"},
				"west": {"uv": [16, 6.625, 15.25, 7.5], "texture": "#texture"},
				"up": {"uv": [16, 6.625, 15.25, 7.5], "texture": "#texture"},
				"down": {"uv": [16, 6.625, 15.25, 7.5], "texture": "#texture"}
			}
		},
		{
			"from": [7.75, 11, 9.375],
			"to": [9, 11.25, 9.44531],
			"faces": {
				"east": {"uv": [16, 6.625, 15.25, 7.5], "texture": "#texture"},
				"south": {"uv": [0.125, 1.625, 6.125, 3], "texture": "#texture"},
				"west": {"uv": [16, 6.625, 15.25, 7.5], "texture": "#texture"},
				"up": {"uv": [16, 6.625, 15.25, 7.5], "texture": "#texture"},
				"down": {"uv": [16, 6.625, 15.25, 7.5], "texture": "#texture"}
			}
		},
		{
			"from": [9.03125, 11, 9.375],
			"to": [10.78125, 11.25, 9.44531],
			"faces": {
				"east": {"uv": [16, 6.625, 15.25, 7.5], "texture": "#texture"},
				"south": {"uv": [0.125, 3.125, 11.25, 4.5], "texture": "#texture"},
				"west": {"uv": [16, 6.625, 15.25, 7.5], "texture": "#texture"},
				"up": {"uv": [16, 6.625, 15.25, 7.5], "texture": "#texture"},
				"down": {"uv": [16, 6.625, 15.25, 7.5], "texture": "#texture"}
			}
		},
		{
			"from": [5, 11.795, 9],
			"to": [16, 12.5, 9.705],
			"rotation": {"angle": 45, "axis": "x", "origin": [7.5, 12.5, 9]},
			"faces": {
				"east": {"uv": [0.625, 9.25, 1.625, 10.25], "texture": "#texture"},
				"south": {"uv": [0.625, 9.25, 1.625, 10.25], "texture": "#texture"},
				"west": {"uv": [0.625, 9.25, 1.625, 10.25], "texture": "#texture"},
				"up": {"uv": [0.625, 9.25, 1.625, 10.25], "texture": "#texture"},
				"down": {"uv": [0.625, 9.25, 1.625, 10.25], "texture": "#texture"}
			}
		},
		{
			"from": [7.00426, 18.63574, 7],
			"to": [7.70926, 19.04074, 7.5],
			"rotation": {"angle": 45, "axis": "z", "origin": [14.25, 12.5, 7]},
			"faces": {
				"north": {"uv": [0.625, 9.25, 1.625, 10.25], "texture": "#texture"},
				"south": {"uv": [0.625, 9.25, 1.625, 10.25], "texture": "#texture"},
				"west": {"uv": [0.625, 9.25, 1.625, 10.25], "texture": "#texture"},
				"up": {"uv": [0.625, 9.25, 1.625, 10.25], "texture": "#texture"},
				"down": {"uv": [0.625, 9.25, 1.625, 10.25], "texture": "#texture"}
			}
		},
		{
			"from": [7.25426, 18.63574, 7.5],
			"to": [7.70926, 19.04074, 8.5],
			"rotation": {"angle": 45, "axis": "z", "origin": [14.25, 12.5, 7]},
			"faces": {
				"west": {"uv": [0.625, 9.25, 1.625, 10.25], "texture": "#texture"},
				"up": {"uv": [0.625, 9.25, 1.625, 10.25], "texture": "#texture"},
				"down": {"uv": [0.625, 9.25, 1.625, 10.25], "texture": "#texture"}
			}
		},
		{
			"from": [7.00426, 18.63574, 8.5],
			"to": [7.70926, 19.04074, 9],
			"rotation": {"angle": 45, "axis": "z", "origin": [14.25, 12.5, 7]},
			"faces": {
				"north": {"uv": [0.625, 9.25, 1.625, 10.25], "texture": "#texture"},
				"south": {"uv": [0.625, 9.25, 1.625, 10.25], "texture": "#texture"},
				"west": {"uv": [0.625, 9.25, 1.625, 10.25], "texture": "#texture"},
				"up": {"uv": [0.625, 9.25, 1.625, 10.25], "texture": "#texture"},
				"down": {"uv": [0.625, 9.25, 1.625, 10.25], "texture": "#texture"}
			}
		},
		{
			"from": [0.25, 11.795, 9],
			"to": [0.75, 12.5, 9.705],
			"rotation": {"angle": 45, "axis": "x", "origin": [1.25, 12.5, 9]},
			"faces": {
				"east": {"uv": [0.625, 9.25, 1.625, 10.25], "texture": "#texture"},
				"south": {"uv": [0.625, 9.25, 1.625, 10.25], "texture": "#texture"},
				"west": {"uv": [0.625, 9.25, 1.625, 10.25], "texture": "#texture"},
				"up": {"uv": [0.625, 9.25, 1.625, 10.25], "texture": "#texture"},
				"down": {"uv": [0.625, 9.25, 1.625, 10.25], "texture": "#texture"}
			}
		},
		{
			"from": [0.25, 12, 7],
			"to": [0.75, 12.5, 9],
			"faces": {
				"north": {"uv": [0.625, 9.25, 1.625, 10.25], "texture": "#texture"},
				"west": {"uv": [0.625, 9.25, 1.625, 10.25], "texture": "#texture"},
				"up": {"uv": [0.625, 9.25, 1.625, 10.25], "texture": "#texture"},
				"down": {"uv": [0.625, 9.25, 1.625, 10.25], "texture": "#texture"}
			}
		},
		{
			"from": [-1, 12, 7],
			"to": [-0.75, 12.5, 9],
			"faces": {
				"north": {"uv": [0.625, 9.25, 1.625, 10.25], "texture": "#texture"},
				"east": {"uv": [0.625, 9.25, 1.625, 10.25], "texture": "#texture"},
				"south": {"uv": [0.625, 9.25, 1.625, 10.25], "texture": "#texture"},
				"west": {"uv": [0.625, 9.25, 1.625, 10.25], "texture": "#texture"},
				"up": {"uv": [0.625, 9.25, 1.625, 10.25], "texture": "#texture"}
			}
		},
		{
			"from": [-1, 11.63875, 8.99851],
			"to": [-0.75, 12.5, 9.70351],
			"rotation": {"angle": 45, "axis": "x", "origin": [0, 12.5, 8.99851]},
			"faces": {
				"east": {"uv": [0.625, 9.25, 1.625, 10.25], "texture": "#texture"},
				"south": {"uv": [0.625, 9.25, 1.625, 10.25], "texture": "#texture"},
				"west": {"uv": [0.625, 9.25, 1.625, 10.25], "texture": "#texture"},
				"up": {"uv": [0.625, 9.25, 1.625, 10.25], "texture": "#texture"}
			}
		},
		{
			"from": [-0.75, 11.895, 9.25],
			"to": [0.25, 12.25, 9.605],
			"rotation": {"angle": 45, "axis": "x", "origin": [0.25, 12.25, 9.25]},
			"faces": {
				"east": {"uv": [0.625, 9.25, 1.625, 10.25], "texture": "#texture"},
				"south": {"uv": [0.625, 9.25, 1.625, 10.25], "texture": "#texture"},
				"west": {"uv": [0.625, 9.25, 1.625, 10.25], "texture": "#texture"},
				"up": {"uv": [0.625, 9.25, 1.625, 10.25], "texture": "#texture"}
			}
		},
		{
			"from": [1.04289, 11.38789, 8.5],
			"to": [1.74789, 11.79289, 9],
			"rotation": {"angle": -45, "axis": "z", "origin": [1.75, 12.5, 7]},
			"faces": {
				"north": {"uv": [0.625, 9.25, 1.625, 10.25], "texture": "#texture"},
				"east": {"uv": [0.625, 9.25, 1.625, 10.25], "texture": "#texture"},
				"south": {"uv": [0.625, 9.25, 1.625, 10.25], "texture": "#texture"},
				"up": {"uv": [0.625, 9.25, 1.625, 10.25], "texture": "#texture"},
				"down": {"uv": [0.625, 9.25, 1.625, 10.25], "texture": "#texture"}
			}
		},
		{
			"from": [1.04289, 11.38789, 7.5],
			"to": [1.49789, 11.79289, 8.5],
			"rotation": {"angle": -45, "axis": "z", "origin": [1.75, 12.5, 7]},
			"faces": {
				"east": {"uv": [0.625, 9.25, 1.625, 10.25], "texture": "#texture"},
				"up": {"uv": [0.625, 9.25, 1.625, 10.25], "texture": "#texture"},
				"down": {"uv": [0.625, 9.25, 1.625, 10.25], "texture": "#texture"}
			}
		},
		{
			"from": [1.04289, 11.38789, 7],
			"to": [1.74789, 11.79289, 7.5],
			"rotation": {"angle": -45, "axis": "z", "origin": [1.75, 12.5, 7]},
			"faces": {
				"north": {"uv": [0.625, 9.25, 1.625, 10.25], "texture": "#texture"},
				"east": {"uv": [0.625, 9.25, 1.625, 10.25], "texture": "#texture"},
				"south": {"uv": [0.625, 9.25, 1.625, 10.25], "texture": "#texture"},
				"up": {"uv": [0.625, 9.25, 1.625, 10.25], "texture": "#texture"},
				"down": {"uv": [0.625, 9.25, 1.625, 10.25], "texture": "#texture"}
			}
		},
		{
			"from": [-0.75, 12.25, 7.25],
			"to": [0.25, 12.5, 8.75],
			"faces": {
				"north": {"uv": [2.5, 6.75, 3.5, 7.75], "texture": "#texture"},
				"south": {"uv": [2.5, 7, 3.5, 8], "texture": "#texture"},
				"up": {"uv": [2.5, 7, 3.5, 8], "texture": "#texture"}
			}
		},
		{
			"from": [-0.75, 12, 6.75],
			"to": [0.25, 12.25, 9.25],
			"faces": {
				"east": {"uv": [0.625, 9.25, 1.625, 10.25], "texture": "#texture"},
				"west": {"uv": [0.625, 9.25, 1.625, 10.25], "texture": "#texture"},
				"up": {"uv": [0.625, 9.25, 1.625, 10.25], "texture": "#texture"}
			}
		},
		{
			"from": [-0.75, 11.645, 6.5],
			"to": [0.25, 12, 6.855],
			"rotation": {"angle": -45, "axis": "x", "origin": [0.25, 12, 6.5]},
			"faces": {
				"north": {"uv": [0.625, 9.25, 1.625, 10.25], "texture": "#texture"},
				"south": {"uv": [0.625, 9.25, 1.625, 10.25], "texture": "#texture"},
				"up": {"uv": [0.625, 9.25, 1.625, 10.25], "texture": "#texture"}
			}
		},
		{
			"from": [0.25, 11.295, 6.5],
			"to": [0.75, 12, 7.205],
			"rotation": {"angle": -45, "axis": "x", "origin": [1.25, 12, 6.5]},
			"faces": {
				"north": {"uv": [0.625, 9.25, 1.625, 10.25], "texture": "#texture"},
				"east": {"uv": [0.625, 9.25, 1.625, 10.25], "texture": "#texture"},
				"south": {"uv": [0.625, 9.25, 1.625, 10.25], "texture": "#texture"},
				"west": {"uv": [0.625, 9.25, 1.625, 10.25], "texture": "#texture"},
				"up": {"uv": [0.625, 9.25, 1.625, 10.25], "texture": "#texture"},
				"down": {"uv": [0.625, 9.25, 1.625, 10.25], "texture": "#texture"}
			}
		},
		{
			"from": [-1, 11.13875, 6.5],
			"to": [-0.75, 12, 7.205],
			"rotation": {"angle": -45, "axis": "x", "origin": [0, 12, 6.5]},
			"faces": {
				"east": {"uv": [0.625, 9.25, 1.625, 10.25], "texture": "#texture"},
				"south": {"uv": [0.625, 9.25, 1.625, 10.25], "texture": "#texture"},
				"west": {"uv": [0.625, 9.25, 1.625, 10.25], "texture": "#texture"},
				"up": {"uv": [0.625, 9.25, 1.625, 10.25], "texture": "#texture"}
			}
		},
		{
			"from": [-1, 13.89855, 12.18116],
			"to": [0.625, 14.27355, 12.60453],
			"rotation": {"angle": -22.5, "axis": "x", "origin": [1, 1, 15]},
			"faces": {
				"east": {"uv": [0.625, 9.25, 1.625, 10.25], "texture": "#texture"},
				"west": {"uv": [0.625, 9.25, 1.625, 10.25], "texture": "#texture"},
				"down": {"uv": [0.625, 9.25, 1.625, 10.25], "texture": "#texture"}
			}
		},
		{
			"from": [-1, 13.89855, 3.39547],
			"to": [0.625, 14.27355, 3.81884],
			"rotation": {"angle": 22.5, "axis": "x", "origin": [1, 1, 1]},
			"faces": {
				"east": {"uv": [0.625, 9.25, 1.625, 10.25], "texture": "#texture"},
				"west": {"uv": [0.625, 9.25, 1.625, 10.25], "texture": "#texture"},
				"down": {"uv": [0.625, 9.25, 1.625, 10.25], "texture": "#texture"}
			}
		},
		{
			"from": [-1, 10.5, 8.51563],
			"to": [0.75, 12, 8.75],
			"faces": {
				"north": {"uv": [0.625, 9.25, 1.625, 10.25], "texture": "#texture"},
				"east": {"uv": [0.625, 9.25, 1.625, 10.25], "texture": "#texture"},
				"west": {"uv": [0.625, 9.25, 1.625, 10.25], "texture": "#texture"}
			}
		},
		{
			"from": [-1, 10.5, 7.5],
			"to": [0.75, 10.74219, 8.53125],
			"faces": {
				"north": {"uv": [0.625, 9.25, 1.625, 10.25], "texture": "#texture"},
				"east": {"uv": [0.625, 9.25, 1.625, 10.25], "texture": "#texture"},
				"west": {"uv": [0.625, 9.25, 1.625, 10.25], "texture": "#texture"}
			}
		},
		{
			"from": [-1, 10.5, 7.25],
			"to": [0.75, 12, 7.49219],
			"faces": {
				"east": {"uv": [0.625, 9.25, 1.625, 10.25], "texture": "#texture"},
				"south": {"uv": [0.625, 9.25, 1.625, 10.25], "texture": "#texture"},
				"west": {"uv": [0.625, 9.25, 1.625, 10.25], "texture": "#texture"}
			}
		}
	],
	"display": {
		"thirdperson_righthand": {
			"rotation": [10, -90, 0],
			"translation": [0, 0, -0.75],
			"scale": [0.6, 0.55, 0.6]
		},
		"thirdperson_lefthand": {
			"rotation": [10, -90, 0],
			"translation": [0, 0, -0.75],
			"scale": [-0.6, 0.55, -0.6]
		},
		"firstperson_righthand": {
			"rotation": [2, -90, 0],
			"translation": [-2.25, 2.5, -1],
			"scale": [0.5, 0.45, 0.45]
		},
		"firstperson_lefthand": {
			"rotation": [2, -90, 0],
			"translation": [-2.25, 2.5, -1],
			"scale": [-0.5, 0.45, -0.45]
		},
		"ground": {
			"rotation": [-90, 0, 0],
			"translation": [0.5, -2, 0],
			"scale": [0.25, 0.25, 0.25]
		},
		"gui": {
			"rotation": [0, 0, -35],
			"translation": [-0.25, 1.25, 0],
			"scale": [0.75, 0.65, 0.7]
		},
		"head": {
			"rotation": [0, 0, -45],
			"translation": [2.25, -25, 3.75],
			"scale": [0.6, 0.55, 0.6]
		},
		"fixed": {
			"rotation": [0, -180, 0],
			"translation": [-0.25, 0, -0.75],
			"scale": [0.5, 0.5, 0.5]
		}
	},
	"groups": [0, 1, 2, 3, 4, 5, 6, 7, 8, 9, 10, 11, 12, 13, 14, 15, 16, 17, 18, 19, 20, 21, 22, 23, 24, 25, 26, 27, 28, 29, 30, 31, 32, 33, 34, 35, 36, 37, 38, 39, 40, 41, 42, 43, 44, 45, 46, 47, 48, 49, 50, 51, 52, 53, 54, 55, 56, 57, 58, 59, 60, 61, 62, 63, 64, 65, 66, 67, 68, 69, 70, 71, 72, 73, 74, 75, 76, 77, 78, 79, 80, 81, 82, 83, 84,
		{
			"name": "barrel",
			"origin": [8, 8, 8],
			"children": [85, 86, 87, 88, 89, 90, 91, 92, 93, 94, 95, 96, 97, 98, 99, 100]
		},
		{
			"name": "iron_sight",
			"origin": [8, 8, 8],
			"children": [101, 102, 103, 104, 105, 106, 107, 108, 109, 110, 111, 112, 113, 114, 115, 116, 117, 118, 119, 120, 121, 122, 123, 124, 125, 126, 127, 128, 129, 130, 131]
		},
		{
			"name": "slider",
			"origin": [8, 8, 8],
			"children": [132, 133, 134, 135, 136, 137, 138, 139, 140, 141, 142, 143, 144, 145, 146, 147, 148, 149, 150, 151, 152, 153, 154, 155, 156, 157, 158, 159, 160, 161, 162, 163, 164, 165, 166, 167, 168, 169, 170, 171, 172, 173, 174, 175, 176, 177, 178, 179, 180, 181, 182, 183, 184, 185, 186, 187, 188, 189, 190, 191, 192, 193, 194, 195, 196, 197, 198, 199, 200, 201, 202]
		}
	]
}