{
	"credit": "Made with BananaBench",
	"textures": {
		"0": "custom/numbers/186",
		"particle": "custom/numbers/186"
	},
	"elements": [
		{
			"from": [-16, 14, 0],
			"to": [2, 32, 1],
			"faces": {
				"north": {"uv": [0, 0, 16, 16], "texture": "#0"},
				"east": {"uv": [0, 0, 16, 16], "texture": "#0"},
				"south": {"uv": [0, 0, 16, 16], "texture": "#0"},
				"west": {"uv": [0, 0, 16, 16], "texture": "#0"},
				"up": {"uv": [0, 0, 16, 16], "texture": "#0"},
				"down": {"uv": [0, 0, 16, 16], "texture": "#0"}
			}
		}
	],
	"display": {
		"gui": {
			"scale": [2.5, 2.5, 1],
			"translation": [80, 20, 0]
		}
	}
}