{
	"credit": "Made with Blockbench",
	"textures": {
		"0": "custom/back",
		"particle": "custom/back"
	},
	"elements": [
		{
			"from": [-16, 11, 0],
			"to": [18, 32, 1],
			"faces": {
				"north": {"uv": [0, 0, 16, 16], "texture": "#0"},
				"east": {"uv": [0, 0, 16, 16], "texture": "#0"},
				"south": {"uv": [0, 0, 16, 16], "texture": "#0"},
				"west": {"uv": [0, 0, 16, 16], "texture": "#0"},
				"up": {"uv": [0, 0, 16, 16], "texture": "#0"},
				"down": {"uv": [0, 0, 16, 16], "texture": "#0"}
			}
		}
	],
	"display": {
		"gui": {
			"scale": [3.325, 2.35, 1],
			"translation": [80, 32, 0]
		}
	}
}