{
    "parent": "item/handheld",
    "textures": {
        "layer0": "items/bow_standby"
    },
    "display": {
        "thirdperson_righthand": {
            "rotation": [ -80, 260, -40 ],
            "translation": [ -1, 2, 0.5 ],
            "scale": [ 0.9, 0.9, 0.9 ]
        },
        "thirdperson_lefthand": {
            "rotation": [ -80, -280, 40 ],
            "translation": [ -1, 2, 0.5 ],
            "scale": [ 0.9, 0.9, 0.9 ]
        },
        "firstperson_righthand": {
            "rotation": [ 0, -90, 25 ],
            "translation": [ 1.13, 3.2, 1.13],
            "scale": [ 0.68, 0.68, 0.68 ]
        },
        "firstperson_lefthand": {
            "rotation": [ 0, 90, -25 ],
            "translation": [ 1.13, 3.2, 1.13],
            "scale": [ 0.68, 0.68, 0.68 ]
        }
    },
    "overrides": [
        {
            "predicate": {
                "damaged": 1,
				"damage": 0.0
            },
            "model": "item/bow"
        },
		{
            "predicate": {
                "damaged": 0,
				"damage": 0.0
            },
            "model": "item/ar15/ar15_unscoped"
        },
        {
            "predicate": {
                "damaged": 0,
				"damage": 0.0026041666666666665
            },
            "model": "item/ar15/server_ar15_scoped"
        },
        {
            "predicate": {
                "damaged": 0,
				"damage": 0.005208333333333333
            },
            "model": "item/aa12/aa12_unscoped"
        },
        {
            "predicate": {
                "damaged": 0,
				"damage": 0.0078125
            },
            "model": "item/aa12/server_aa12_scoped"
        },
        {
            "predicate": {
                "damaged": 0,
				"damage": 0.010416666666666666
            },
            "model": "item/rpr/rpr_unscoped"
        },
        {
            "predicate": {
                "damaged": 0,
				"damage": 0.013020833333333334
            },
            "model": "item/rpr/server_rpr_scoped"
        },
        {
            "predicate": {
                "damaged": 0,
				"damage": 0.015625
            },
            "model": "item/remington870/remington870_unscoped"
        },
        {
            "predicate": {
                "damaged": 0,
				"damage": 0.018229166666666668
            },
            "model": "item/remington870/server_remington870_scoped"
        },
        {
            "predicate": {
                "damaged": 0,
				"damage": 0.020833333333333332
            },
            "model": "item/at4/at4_unscoped"
        },
        {
            "predicate": {
                "damaged": 0,
				"damage": 0.0234375
            },
            "model": "item/at4/server_at4_scoped"
        },
        {
            "predicate": {
                "damaged": 0,
				"damage": 0.026041666666666668
            },
            "model": "item/m79/m79_unscoped"
        },
        {
            "predicate": {
                "damaged": 0,
				"damage": 0.028645833333333332
            },
            "model": "item/m79/server_m79_scoped"
        },
        {
            "predicate": {
                "damaged": 0,
				"damage": 0.03125
            },
            "model": "item/m249/m249_unscoped"
        },
        {
            "predicate": {
                "damaged": 0,
				"damage": 0.033854166666666664
            },
            "model": "item/m249/server_m249_scoped"
        },
        {
            "predicate": {
                "damaged": 0,
				"damage": 0.036458333333333336
            },
            "model": "item/p90/p90_unscoped"
        },
        {
            "predicate": {
                "damaged": 0,
				"damage": 0.0390625
            },
            "model": "item/p90/server_p90_scoped"
        },
        {
            "predicate": {
                "damaged": 0,
				"damage": 0.041666666666666664
            },
            "model": "item/usp/usp_unscoped"
        },
        {
            "predicate": {
                "damaged": 0,
				"damage": 0.044270833333333336
            },
            "model": "item/usp/server_usp_scoped"
        },
        {
            "predicate": {
                "damaged": 0,
				"damage": 0.046875
            },
            "model": "item/m67/m67"
        },
        {
            "predicate": {
                "damaged": 0,
				"damage": 0.049479166666666664
            },
            "model": "item/m29/m29_unscoped"
        },
        {
            "predicate": {
                "damaged": 0,
				"damage": 0.052083333333333336
            },
            "model": "item/m29/server_m29_scoped"
        },
        {
            "predicate": {
                "damaged": 0,
				"damage": 0.0546875
            },
            "model": "item/m134/m134"
        },
        {
            "predicate": {
                "damaged": 0,
				"damage": 0.057291666666666664
            },
            "model": "item/famas/famas_unscoped"
        },
        {
            "predicate": {
                "damaged": 0,
				"damage": 0.059895833333333336
            },
            "model": "item/famas/server_famas_scoped"
        },
        {
            "predicate": {
                "damaged": 0,
				"damage": 0.0625
            },
            "model": "item/desert_eagle/desert_eagle_unscoped"
        },
        {
            "predicate": {
                "damaged": 0,
				"damage": 0.06510416666666667
            },
            "model": "item/desert_eagle/server_desert_eagle_scoped"
        },
        {
            "predicate": {
                "damaged": 0,
				"damage": 0.06770833333333333
            },
            "model": "item/laser_rifle/laser_rifle_unscoped"
        },
        {
            "predicate": {
                "damaged": 0,
				"damage": 0.0703125
            },
            "model": "item/laser_rifle/server_laser_rifle_scoped"
        },
        {
            "predicate": {
                "damaged": 0,
				"damage": 0.07291666666666667
            },
            "model": "item/laser_rifle_2/laser_rifle_2_unscoped"
        },
        {
            "predicate": {
                "damaged": 0,
				"damage": 0.07552083333333333
            },
            "model": "item/laser_rifle_2/server_laser_rifle_2_scoped"
        },
        {
            "predicate": {
                "damaged": 0,
				"damage": 0.078125
            },
            "model": "item/laser_pistol/laser_pistol_unscoped"
        },
        {
            "predicate": {
                "damaged": 0,
				"damage": 0.08072916666666667
            },
            "model": "item/laser_pistol/server_laser_pistol_scoped"
        },
        {
            "predicate": {
                "damaged": 0,
				"damage": 0.08333333333333333
            },
            "model": "item/garand/garand_unscoped"
        },
        {
            "predicate": {
                "damaged": 0,
				"damage": 0.0859375
            },
            "model": "item/garand/server_garand_scoped"
        },
        {
            "predicate": {
                "damaged": 0,
				"damage": 0.08854166666666667
            },
            "model": "item/mp44/mp44_unscoped"
        },
        {
            "predicate": {
                "damaged": 0,
				"damage": 0.09114583333333333
            },
            "model": "item/mp44/server_mp44_scoped"
        },
        {
            "predicate": {
                "damaged": 0,
				"damage": 0.09375
            },
            "model": "item/guns/gun_36"
        },
        {
            "predicate": {
                "damaged": 0,
				"damage": 0.09635416666666667
            },
            "model": "item/guns/gun_37"
        },
        {
            "predicate": {
                "damaged": 0,
				"damage": 0.09895833333333333
            },
            "model": "item/guns/gun_38"
        },
        {
            "predicate": {
                "damaged": 0,
				"damage": 0.1015625
            },
            "model": "item/guns/gun_39"
        },
        {
            "predicate": {
                "damaged": 0,
				"damage": 0.10416666666666667
            },
            "model": "item/guns/gun_40"
        },
        {
            "predicate": {
                "damaged": 0,
				"damage": 0.10677083333333333
            },
            "model": "item/guns/gun_41"
        },
        {
            "predicate": {
                "damaged": 0,
				"damage": 0.109375
            },
            "model": "item/guns/gun_42"
        },
        {
            "predicate": {
                "damaged": 0,
				"damage": 0.11197916666666667
            },
            "model": "item/guns/gun_43"
        },
        {
            "predicate": {
                "damaged": 0,
				"damage": 0.11458333333333333
            },
            "model": "item/guns/gun_44"
        },
        {
            "predicate": {
                "damaged": 0,
				"damage": 0.1171875
            },
            "model": "item/guns/gun_45"
        },
        {
            "predicate": {
                "damaged": 0,
				"damage": 0.11979166666666667
            },
            "model": "item/guns/gun_46"
        },
        {
            "predicate": {
                "damaged": 0,
				"damage": 0.12239583333333333
            },
            "model": "item/guns/gun_47"
        },
        {
            "predicate": {
                "damaged": 0,
				"damage": 0.125
            },
            "model": "item/guns/gun_48"
        },
        {
            "predicate": {
                "damaged": 0,
				"damage": 0.12760416666666666
            },
            "model": "item/guns/gun_49"
        },
        {
            "predicate": {
                "damaged": 0,
				"damage": 0.13020833333333334
            },
            "model": "item/guns/gun_50"
        },
        {
            "predicate": {
                "damaged": 0,
				"damage": 0.1328125
            },
            "model": "item/guns/gun_51"
        },
        {
            "predicate": {
                "damaged": 0,
				"damage": 0.13541666666666666
            },
            "model": "item/guns/gun_52"
        },
        {
            "predicate": {
                "damaged": 0,
				"damage": 0.13802083333333334
            },
            "model": "item/guns/gun_53"
        },
        {
            "predicate": {
                "damaged": 0,
				"damage": 0.140625
            },
            "model": "item/guns/gun_54"
        },
        {
            "predicate": {
                "damaged": 0,
				"damage": 0.14322916666666666
            },
            "model": "item/guns/gun_55"
        },
        {
            "predicate": {
                "damaged": 0,
				"damage": 0.14583333333333334
            },
            "model": "item/guns/gun_56"
        },
        {
            "predicate": {
                "damaged": 0,
				"damage": 0.1484375
            },
            "model": "item/guns/gun_57"
        },
        {
            "predicate": {
                "damaged": 0,
				"damage": 0.15104166666666666
            },
            "model": "item/guns/gun_58"
        },
        {
            "predicate": {
                "damaged": 0,
				"damage": 0.15364583333333334
            },
            "model": "item/guns/gun_59"
        },
        {
            "predicate": {
                "damaged": 0,
				"damage": 0.15625
            },
            "model": "item/guns/gun_60"
        },
        {
            "predicate": {
                "damaged": 0,
				"damage": 0.15885416666666666
            },
            "model": "item/guns/gun_61"
        },
        {
            "predicate": {
                "damaged": 0,
				"damage": 0.16145833333333334
            },
            "model": "item/guns/gun_62"
        },
        {
            "predicate": {
                "damaged": 0,
				"damage": 0.1640625
            },
            "model": "item/guns/gun_63"
        },
        {
            "predicate": {
                "damaged": 0,
				"damage": 0.16666666666666666
            },
            "model": "item/guns/gun_64"
        },
        {
            "predicate": {
                "damaged": 0,
				"damage": 0.16927083333333334
            },
            "model": "item/guns/gun_65"
        },
        {
            "predicate": {
                "damaged": 0,
				"damage": 0.171875
            },
            "model": "item/guns/gun_66"
        },
        {
            "predicate": {
                "damaged": 0,
				"damage": 0.17447916666666666
            },
            "model": "item/guns/gun_67"
        },
        {
            "predicate": {
                "damaged": 0,
				"damage": 0.17708333333333334
            },
            "model": "item/guns/gun_68"
        },
        {
            "predicate": {
                "damaged": 0,
				"damage": 0.1796875
            },
            "model": "item/guns/gun_69"
        },
        {
            "predicate": {
                "damaged": 0,
				"damage": 0.18229166666666666
            },
            "model": "item/guns/gun_70"
        },
        {
            "predicate": {
                "damaged": 0,
				"damage": 0.18489583333333334
            },
            "model": "item/guns/gun_71"
        },
        {
            "predicate": {
                "damaged": 0,
				"damage": 0.1875
            },
            "model": "item/guns/gun_72"
        },
        {
            "predicate": {
                "damaged": 0,
				"damage": 0.19010416666666666
            },
            "model": "item/guns/gun_73"
        },
        {
            "predicate": {
                "damaged": 0,
				"damage": 0.19270833333333334
            },
            "model": "item/guns/gun_74"
        },
        {
            "predicate": {
                "damaged": 0,
				"damage": 0.1953125
            },
            "model": "item/guns/gun_75"
        },
        {
            "predicate": {
                "damaged": 0,
				"damage": 0.19791666666666666
            },
            "model": "item/guns/gun_76"
        },
        {
            "predicate": {
                "damaged": 0,
				"damage": 0.20052083333333334
            },
            "model": "item/guns/gun_77"
        },
        {
            "predicate": {
                "damaged": 0,
				"damage": 0.203125
            },
            "model": "item/guns/gun_78"
        },
        {
            "predicate": {
                "damaged": 0,
				"damage": 0.20572916666666666
            },
            "model": "item/guns/gun_79"
        },
        {
            "predicate": {
                "damaged": 0,
				"damage": 0.20833333333333334
            },
            "model": "item/guns/gun_80"
        },
        {
            "predicate": {
                "damaged": 0,
				"damage": 0.2109375
            },
            "model": "item/guns/gun_81"
        },
        {
            "predicate": {
                "damaged": 0,
				"damage": 0.21354166666666666
            },
            "model": "item/guns/gun_82"
        },
        {
            "predicate": {
                "damaged": 0,
				"damage": 0.21614583333333334
            },
            "model": "item/guns/gun_83"
        },
        {
            "predicate": {
                "damaged": 0,
				"damage": 0.21875
            },
            "model": "item/guns/gun_84"
        },
        {
            "predicate": {
                "damaged": 0,
				"damage": 0.22135416666666666
            },
            "model": "item/guns/gun_85"
        },
        {
            "predicate": {
                "damaged": 0,
				"damage": 0.22395833333333334
            },
            "model": "item/guns/gun_86"
        },
        {
            "predicate": {
                "damaged": 0,
				"damage": 0.2265625
            },
            "model": "item/guns/gun_87"
        },
        {
            "predicate": {
                "damaged": 0,
				"damage": 0.22916666666666666
            },
            "model": "item/guns/gun_88"
        },
        {
            "predicate": {
                "damaged": 0,
				"damage": 0.23177083333333334
            },
            "model": "item/guns/gun_89"
        },
        {
            "predicate": {
                "damaged": 0,
				"damage": 0.234375
            },
            "model": "item/guns/gun_90"
        },
        {
            "predicate": {
                "damaged": 0,
				"damage": 0.23697916666666666
            },
            "model": "item/guns/gun_91"
        },
        {
            "predicate": {
                "damaged": 0,
				"damage": 0.23958333333333334
            },
            "model": "item/guns/gun_92"
        },
        {
            "predicate": {
                "damaged": 0,
				"damage": 0.2421875
            },
            "model": "item/guns/gun_93"
        },
        {
            "predicate": {
                "damaged": 0,
				"damage": 0.24479166666666666
            },
            "model": "item/guns/gun_94"
        },
        {
            "predicate": {
                "damaged": 0,
				"damage": 0.24739583333333334
            },
            "model": "item/guns/gun_95"
        },
        {
            "predicate": {
                "damaged": 0,
				"damage": 0.25
            },
            "model": "item/guns/gun_96"
        },
        {
            "predicate": {
                "damaged": 0,
				"damage": 0.2526041666666667
            },
            "model": "item/guns/gun_97"
        }
    ]
}
