{
	"parent": "item/handheld",
	"textures": {
		"layer0": "item/diamond_shovel"
	},
	"overrides": [
		{ "predicate": {"damaged": 0, "damage": 0}, "model": "item/diamond_shovel"},
		{ "predicate": {"damaged": 0, "damage": 0.0006402048655569782}, "model": "item/model/steve/player_model_head"},
		{ "predicate": {"damaged": 0, "damage": 0.0012804097311139564}, "model": "item/model/steve/player_model_chest"},
		{ "predicate": {"damaged": 0, "damage": 0.0019206145966709346}, "model": "item/model/steve/player_model_right_arm_top"},
		{ "predicate": {"damaged": 0, "damage": 0.002560819462227913}, "model": "item/model/steve/player_model_right_arm_bottom"},
		{ "predicate": {"damaged": 0, "damage": 0.003201024327784891}, "model": "item/model/steve/player_model_left_arm_top"},
		{ "predicate": {"damaged": 0, "damage": 0.0038412291933418692}, "model": "item/model/steve/player_model_left_arm_bottom"},
		{ "predicate": {"damaged": 0, "damage": 0.004481434058898847}, "model": "item/model/steve/player_model_right_leg_top"},
		{ "predicate": {"damaged": 0, "damage": 0.005121638924455826}, "model": "item/model/steve/player_model_right_leg_bottom"},
		{ "predicate": {"damaged": 0, "damage": 0.005761843790012804}, "model": "item/model/steve/player_model_left_leg_top"},
		{ "predicate": {"damaged": 0, "damage": 0.006402048655569782}, "model": "item/model/steve/player_model_left_leg_bottom"},
		{ "predicate": {"damaged": 0, "damage": 0.00704225352112676}, "model": "item/model/aeternumwulf/player_model_head"},
		{ "predicate": {"damaged": 0, "damage": 0.0076824583866837385}, "model": "item/model/aeternumwulf/player_model_chest"},
		{ "predicate": {"damaged": 0, "damage": 0.008322663252240717}, "model": "item/model/aeternumwulf/player_model_right_arm_top"},
		{ "predicate": {"damaged": 0, "damage": 0.008962868117797694}, "model": "item/model/aeternumwulf/player_model_right_arm_bottom"},
		{ "predicate": {"damaged": 0, "damage": 0.009603072983354673}, "model": "item/model/aeternumwulf/player_model_left_arm_top"},
		{ "predicate": {"damaged": 0, "damage": 0.010243277848911651}, "model": "item/model/aeternumwulf/player_model_left_arm_bottom"},
		{ "predicate": {"damaged": 0, "damage": 0.01088348271446863}, "model": "item/model/aeternumwulf/player_model_right_leg_top"},
		{ "predicate": {"damaged": 0, "damage": 0.011523687580025609}, "model": "item/model/aeternumwulf/player_model_right_leg_bottom"},
		{ "predicate": {"damaged": 0, "damage": 0.012163892445582586}, "model": "item/model/aeternumwulf/player_model_left_leg_top"},
		{ "predicate": {"damaged": 0, "damage": 0.012804097311139564}, "model": "item/model/aeternumwulf/player_model_left_leg_bottom"},
		{ "predicate": {"damaged": 0, "damage": 0.013444302176696543}, "model": "item/model/bananapuncher714/player_model_head"},
		{ "predicate": {"damaged": 0, "damage": 0.01408450704225352}, "model": "item/model/bananapuncher714/player_model_chest"},
		{ "predicate": {"damaged": 0, "damage": 0.014724711907810498}, "model": "item/model/bananapuncher714/player_model_right_arm_top"},
		{ "predicate": {"damaged": 0, "damage": 0.015364916773367477}, "model": "item/model/bananapuncher714/player_model_right_arm_bottom"},
		{ "predicate": {"damaged": 0, "damage": 0.016005121638924456}, "model": "item/model/bananapuncher714/player_model_left_arm_top"},
		{ "predicate": {"damaged": 0, "damage": 0.016645326504481434}, "model": "item/model/bananapuncher714/player_model_left_arm_bottom"},
		{ "predicate": {"damaged": 0, "damage": 0.017285531370038413}, "model": "item/model/bananapuncher714/player_model_right_leg_top"},
		{ "predicate": {"damaged": 0, "damage": 0.017925736235595388}, "model": "item/model/bananapuncher714/player_model_right_leg_bottom"},
		{ "predicate": {"damaged": 0, "damage": 0.018565941101152367}, "model": "item/model/bananapuncher714/player_model_left_leg_top"},
		{ "predicate": {"damaged": 0, "damage": 0.019206145966709345}, "model": "item/model/bananapuncher714/player_model_left_leg_bottom"},
		{ "predicate": {"damaged": 0, "damage": 0.019846350832266324}, "model": "item/model/steve/player_model"},
		{ "predicate": {"damaged": 0, "damage": 0.020486555697823303}, "model": "item/diamond_shovel31"},
		{ "predicate": {"damaged": 0, "damage": 0.02112676056338028}, "model": "item/diamond_shovel32"},
		{ "predicate": {"damaged": 0, "damage": 0.02176696542893726}, "model": "item/diamond_shovel33"},
		{ "predicate": {"damaged": 0, "damage": 0.02240717029449424}, "model": "item/diamond_shovel34"},
		{ "predicate": {"damaged": 0, "damage": 0.023047375160051217}, "model": "item/diamond_shovel35"},
		{ "predicate": {"damaged": 0, "damage": 0.023687580025608192}, "model": "item/diamond_shovel36"},
		{ "predicate": {"damaged": 0, "damage": 0.02432778489116517}, "model": "item/diamond_shovel37"},
		{ "predicate": {"damaged": 0, "damage": 0.02496798975672215}, "model": "item/diamond_shovel38"},
		{ "predicate": {"damaged": 0, "damage": 0.02560819462227913}, "model": "item/diamond_shovel39"},
		{ "predicate": {"damaged": 0, "damage": 0.026248399487836107}, "model": "item/diamond_shovel40"},
		{ "predicate": {"damaged": 0, "damage": 0.026888604353393086}, "model": "item/diamond_shovel41"},
		{ "predicate": {"damaged": 0, "damage": 0.027528809218950064}, "model": "item/diamond_shovel42"},
		{ "predicate": {"damaged": 0, "damage": 0.02816901408450704}, "model": "item/diamond_shovel43"},
		{ "predicate": {"damaged": 0, "damage": 0.028809218950064018}, "model": "item/diamond_shovel44"},
		{ "predicate": {"damaged": 0, "damage": 0.029449423815620997}, "model": "item/diamond_shovel45"},
		{ "predicate": {"damaged": 0, "damage": 0.030089628681177975}, "model": "item/diamond_shovel46"},
		{ "predicate": {"damaged": 0, "damage": 0.030729833546734954}, "model": "item/diamond_shovel47"},
		{ "predicate": {"damaged": 0, "damage": 0.03137003841229193}, "model": "item/diamond_shovel48"},
		{ "predicate": {"damaged": 0, "damage": 0.03201024327784891}, "model": "item/diamond_shovel49"},
		{ "predicate": {"damaged": 0, "damage": 0.03265044814340589}, "model": "item/diamond_shovel50"},
		{ "predicate": {"damaged": 0, "damage": 0.03329065300896287}, "model": "item/diamond_shovel51"},
		{ "predicate": {"damaged": 0, "damage": 0.03393085787451985}, "model": "item/diamond_shovel52"},
		{ "predicate": {"damaged": 0, "damage": 0.034571062740076826}, "model": "item/diamond_shovel53"},
		{ "predicate": {"damaged": 0, "damage": 0.035211267605633804}, "model": "item/diamond_shovel54"},
		{ "predicate": {"damaged": 0, "damage": 0.035851472471190776}, "model": "item/diamond_shovel55"},
		{ "predicate": {"damaged": 0, "damage": 0.036491677336747755}, "model": "item/diamond_shovel56"},
		{ "predicate": {"damaged": 0, "damage": 0.03713188220230473}, "model": "item/diamond_shovel57"},
		{ "predicate": {"damaged": 0, "damage": 0.03777208706786171}, "model": "item/diamond_shovel58"},
		{ "predicate": {"damaged": 0, "damage": 0.03841229193341869}, "model": "item/diamond_shovel59"},
		{ "predicate": {"damaged": 0, "damage": 0.03905249679897567}, "model": "item/diamond_shovel60"},
		{ "predicate": {"damaged": 0, "damage": 0.03969270166453265}, "model": "item/diamond_shovel61"},
		{ "predicate": {"damaged": 0, "damage": 0.04033290653008963}, "model": "item/diamond_shovel62"},
		{ "predicate": {"damaged": 0, "damage": 0.040973111395646605}, "model": "item/diamond_shovel63"},
		{ "predicate": {"damaged": 0, "damage": 0.041613316261203584}, "model": "item/diamond_shovel64"},
		{ "predicate": {"damaged": 0, "damage": 0.04225352112676056}, "model": "item/diamond_shovel65"},
		{ "predicate": {"damaged": 0, "damage": 0.04289372599231754}, "model": "item/diamond_shovel66"},
		{ "predicate": {"damaged": 0, "damage": 0.04353393085787452}, "model": "item/diamond_shovel67"},
		{ "predicate": {"damaged": 0, "damage": 0.0441741357234315}, "model": "item/diamond_shovel68"},
		{ "predicate": {"damaged": 0, "damage": 0.04481434058898848}, "model": "item/diamond_shovel69"},
		{ "predicate": {"damaged": 0, "damage": 0.045454545454545456}, "model": "item/diamond_shovel70"},
		{ "predicate": {"damaged": 0, "damage": 0.046094750320102434}, "model": "item/diamond_shovel71"},
		{ "predicate": {"damaged": 0, "damage": 0.046734955185659406}, "model": "item/diamond_shovel72"},
		{ "predicate": {"damaged": 0, "damage": 0.047375160051216385}, "model": "item/diamond_shovel73"},
		{ "predicate": {"damaged": 0, "damage": 0.04801536491677336}, "model": "item/diamond_shovel74"},
		{ "predicate": {"damaged": 0, "damage": 0.04865556978233034}, "model": "item/diamond_shovel75"},
		{ "predicate": {"damaged": 0, "damage": 0.04929577464788732}, "model": "item/diamond_shovel76"},
		{ "predicate": {"damaged": 0, "damage": 0.0499359795134443}, "model": "item/diamond_shovel77"},
		{ "predicate": {"damaged": 0, "damage": 0.05057618437900128}, "model": "item/diamond_shovel78"},
		{ "predicate": {"damaged": 0, "damage": 0.05121638924455826}, "model": "item/diamond_shovel79"},
		{ "predicate": {"damaged": 0, "damage": 0.051856594110115235}, "model": "item/diamond_shovel80"},
		{ "predicate": {"damaged": 0, "damage": 0.052496798975672214}, "model": "item/diamond_shovel81"},
		{ "predicate": {"damaged": 0, "damage": 0.05313700384122919}, "model": "item/diamond_shovel82"},
		{ "predicate": {"damaged": 0, "damage": 0.05377720870678617}, "model": "item/diamond_shovel83"},
		{ "predicate": {"damaged": 0, "damage": 0.05441741357234315}, "model": "item/diamond_shovel84"},
		{ "predicate": {"damaged": 0, "damage": 0.05505761843790013}, "model": "item/diamond_shovel85"},
		{ "predicate": {"damaged": 0, "damage": 0.05569782330345711}, "model": "item/diamond_shovel86"},
		{ "predicate": {"damaged": 0, "damage": 0.05633802816901408}, "model": "item/diamond_shovel87"},
		{ "predicate": {"damaged": 0, "damage": 0.05697823303457106}, "model": "item/diamond_shovel88"},
		{ "predicate": {"damaged": 0, "damage": 0.057618437900128036}, "model": "item/diamond_shovel89"},
		{ "predicate": {"damaged": 0, "damage": 0.058258642765685015}, "model": "item/diamond_shovel90"},
		{ "predicate": {"damaged": 0, "damage": 0.05889884763124199}, "model": "item/diamond_shovel91"},
		{ "predicate": {"damaged": 0, "damage": 0.05953905249679897}, "model": "item/diamond_shovel92"},
		{ "predicate": {"damaged": 0, "damage": 0.06017925736235595}, "model": "item/diamond_shovel93"},
		{ "predicate": {"damaged": 0, "damage": 0.06081946222791293}, "model": "item/diamond_shovel94"},
		{ "predicate": {"damaged": 0, "damage": 0.06145966709346991}, "model": "item/diamond_shovel95"},
		{ "predicate": {"damaged": 0, "damage": 0.06209987195902689}, "model": "item/diamond_shovel96"},
		{ "predicate": {"damaged": 0, "damage": 0.06274007682458387}, "model": "item/diamond_shovel97"},
		{ "predicate": {"damaged": 0, "damage": 0.06338028169014084}, "model": "item/diamond_shovel98"},
		{ "predicate": {"damaged": 0, "damage": 0.06402048655569782}, "model": "item/diamond_shovel99"},
		{ "predicate": {"damaged": 0, "damage": 0.0646606914212548}, "model": "item/diamond_shovel100"},
		{ "predicate": {"damaged": 0, "damage": 0.06530089628681178}, "model": "item/diamond_shovel101"},
		{ "predicate": {"damaged": 0, "damage": 0.06594110115236876}, "model": "item/diamond_shovel102"},
		{ "predicate": {"damaged": 0, "damage": 0.06658130601792574}, "model": "item/diamond_shovel103"},
		{ "predicate": {"damaged": 0, "damage": 0.06722151088348272}, "model": "item/diamond_shovel104"},
		{ "predicate": {"damaged": 0, "damage": 0.0678617157490397}, "model": "item/diamond_shovel105"},
		{ "predicate": {"damaged": 0, "damage": 0.06850192061459667}, "model": "item/diamond_shovel106"},
		{ "predicate": {"damaged": 0, "damage": 0.06914212548015365}, "model": "item/diamond_shovel107"},
		{ "predicate": {"damaged": 0, "damage": 0.06978233034571063}, "model": "item/diamond_shovel108"},
		{ "predicate": {"damaged": 0, "damage": 0.07042253521126761}, "model": "item/diamond_shovel109"},
		{ "predicate": {"damaged": 0, "damage": 0.07106274007682459}, "model": "item/diamond_shovel110"},
		{ "predicate": {"damaged": 0, "damage": 0.07170294494238155}, "model": "item/diamond_shovel111"},
		{ "predicate": {"damaged": 0, "damage": 0.07234314980793853}, "model": "item/diamond_shovel112"},
		{ "predicate": {"damaged": 0, "damage": 0.07298335467349551}, "model": "item/diamond_shovel113"},
		{ "predicate": {"damaged": 0, "damage": 0.07362355953905249}, "model": "item/diamond_shovel114"},
		{ "predicate": {"damaged": 0, "damage": 0.07426376440460947}, "model": "item/diamond_shovel115"},
		{ "predicate": {"damaged": 0, "damage": 0.07490396927016645}, "model": "item/diamond_shovel116"},
		{ "predicate": {"damaged": 0, "damage": 0.07554417413572342}, "model": "item/diamond_shovel117"},
		{ "predicate": {"damaged": 0, "damage": 0.0761843790012804}, "model": "item/diamond_shovel118"},
		{ "predicate": {"damaged": 0, "damage": 0.07682458386683738}, "model": "item/diamond_shovel119"},
		{ "predicate": {"damaged": 0, "damage": 0.07746478873239436}, "model": "item/diamond_shovel120"},
		{ "predicate": {"damaged": 0, "damage": 0.07810499359795134}, "model": "item/diamond_shovel121"},
		{ "predicate": {"damaged": 0, "damage": 0.07874519846350832}, "model": "item/diamond_shovel122"},
		{ "predicate": {"damaged": 0, "damage": 0.0793854033290653}, "model": "item/diamond_shovel123"},
		{ "predicate": {"damaged": 0, "damage": 0.08002560819462227}, "model": "item/diamond_shovel124"},
		{ "predicate": {"damaged": 0, "damage": 0.08066581306017925}, "model": "item/diamond_shovel125"},
		{ "predicate": {"damaged": 0, "damage": 0.08130601792573623}, "model": "item/diamond_shovel126"},
		{ "predicate": {"damaged": 0, "damage": 0.08194622279129321}, "model": "item/diamond_shovel127"},
		{ "predicate": {"damaged": 0, "damage": 0.08258642765685019}, "model": "item/diamond_shovel128"},
		{ "predicate": {"damaged": 0, "damage": 0.08322663252240717}, "model": "item/diamond_shovel129"},
		{ "predicate": {"damaged": 0, "damage": 0.08386683738796415}, "model": "item/diamond_shovel130"},
		{ "predicate": {"damaged": 0, "damage": 0.08450704225352113}, "model": "item/diamond_shovel131"},
		{ "predicate": {"damaged": 0, "damage": 0.0851472471190781}, "model": "item/diamond_shovel132"},
		{ "predicate": {"damaged": 0, "damage": 0.08578745198463508}, "model": "item/diamond_shovel133"},
		{ "predicate": {"damaged": 0, "damage": 0.08642765685019206}, "model": "item/diamond_shovel134"},
		{ "predicate": {"damaged": 0, "damage": 0.08706786171574904}, "model": "item/diamond_shovel135"},
		{ "predicate": {"damaged": 0, "damage": 0.08770806658130602}, "model": "item/diamond_shovel136"},
		{ "predicate": {"damaged": 0, "damage": 0.088348271446863}, "model": "item/diamond_shovel137"},
		{ "predicate": {"damaged": 0, "damage": 0.08898847631241998}, "model": "item/diamond_shovel138"},
		{ "predicate": {"damaged": 0, "damage": 0.08962868117797695}, "model": "item/diamond_shovel139"},
		{ "predicate": {"damaged": 0, "damage": 0.09026888604353393}, "model": "item/diamond_shovel140"},
		{ "predicate": {"damaged": 0, "damage": 0.09090909090909091}, "model": "item/diamond_shovel141"},
		{ "predicate": {"damaged": 0, "damage": 0.09154929577464789}, "model": "item/diamond_shovel142"},
		{ "predicate": {"damaged": 0, "damage": 0.09218950064020487}, "model": "item/diamond_shovel143"},
		{ "predicate": {"damaged": 0, "damage": 0.09282970550576183}, "model": "item/diamond_shovel144"},
		{ "predicate": {"damaged": 0, "damage": 0.09346991037131881}, "model": "item/diamond_shovel145"},
		{ "predicate": {"damaged": 0, "damage": 0.09411011523687579}, "model": "item/diamond_shovel146"},
		{ "predicate": {"damaged": 0, "damage": 0.09475032010243277}, "model": "item/diamond_shovel147"},
		{ "predicate": {"damaged": 0, "damage": 0.09539052496798975}, "model": "item/diamond_shovel148"},
		{ "predicate": {"damaged": 0, "damage": 0.09603072983354673}, "model": "item/diamond_shovel149"},
		{ "predicate": {"damaged": 0, "damage": 0.0966709346991037}, "model": "item/diamond_shovel150"},
		{ "predicate": {"damaged": 0, "damage": 0.09731113956466068}, "model": "item/diamond_shovel151"},
		{ "predicate": {"damaged": 0, "damage": 0.09795134443021766}, "model": "item/diamond_shovel152"},
		{ "predicate": {"damaged": 0, "damage": 0.09859154929577464}, "model": "item/diamond_shovel153"},
		{ "predicate": {"damaged": 0, "damage": 0.09923175416133162}, "model": "item/diamond_shovel154"},
		{ "predicate": {"damaged": 0, "damage": 0.0998719590268886}, "model": "item/diamond_shovel155"},
		{ "predicate": {"damaged": 0, "damage": 0.10051216389244558}, "model": "item/diamond_shovel156"},
		{ "predicate": {"damaged": 0, "damage": 0.10115236875800256}, "model": "item/diamond_shovel157"},
		{ "predicate": {"damaged": 0, "damage": 0.10179257362355953}, "model": "item/diamond_shovel158"},
		{ "predicate": {"damaged": 0, "damage": 0.10243277848911651}, "model": "item/diamond_shovel159"},
		{ "predicate": {"damaged": 0, "damage": 0.10307298335467349}, "model": "item/diamond_shovel160"},
		{ "predicate": {"damaged": 0, "damage": 0.10371318822023047}, "model": "item/diamond_shovel161"},
		{ "predicate": {"damaged": 0, "damage": 0.10435339308578745}, "model": "item/diamond_shovel162"},
		{ "predicate": {"damaged": 0, "damage": 0.10499359795134443}, "model": "item/diamond_shovel163"},
		{ "predicate": {"damaged": 0, "damage": 0.1056338028169014}, "model": "item/diamond_shovel164"},
		{ "predicate": {"damaged": 0, "damage": 0.10627400768245839}, "model": "item/diamond_shovel165"},
		{ "predicate": {"damaged": 0, "damage": 0.10691421254801536}, "model": "item/diamond_shovel166"},
		{ "predicate": {"damaged": 0, "damage": 0.10755441741357234}, "model": "item/diamond_shovel167"},
		{ "predicate": {"damaged": 0, "damage": 0.10819462227912932}, "model": "item/diamond_shovel168"},
		{ "predicate": {"damaged": 0, "damage": 0.1088348271446863}, "model": "item/diamond_shovel169"},
		{ "predicate": {"damaged": 0, "damage": 0.10947503201024328}, "model": "item/diamond_shovel170"},
		{ "predicate": {"damaged": 0, "damage": 0.11011523687580026}, "model": "item/diamond_shovel171"},
		{ "predicate": {"damaged": 0, "damage": 0.11075544174135724}, "model": "item/diamond_shovel172"},
		{ "predicate": {"damaged": 0, "damage": 0.11139564660691421}, "model": "item/diamond_shovel173"},
		{ "predicate": {"damaged": 0, "damage": 0.11203585147247119}, "model": "item/diamond_shovel174"},
		{ "predicate": {"damaged": 0, "damage": 0.11267605633802816}, "model": "item/diamond_shovel175"},
		{ "predicate": {"damaged": 0, "damage": 0.11331626120358514}, "model": "item/diamond_shovel176"},
		{ "predicate": {"damaged": 0, "damage": 0.11395646606914211}, "model": "item/diamond_shovel177"},
		{ "predicate": {"damaged": 0, "damage": 0.1145966709346991}, "model": "item/diamond_shovel178"},
		{ "predicate": {"damaged": 0, "damage": 0.11523687580025607}, "model": "item/diamond_shovel179"},
		{ "predicate": {"damaged": 0, "damage": 0.11587708066581305}, "model": "item/diamond_shovel180"},
		{ "predicate": {"damaged": 0, "damage": 0.11651728553137003}, "model": "item/diamond_shovel181"},
		{ "predicate": {"damaged": 0, "damage": 0.11715749039692701}, "model": "item/diamond_shovel182"},
		{ "predicate": {"damaged": 0, "damage": 0.11779769526248399}, "model": "item/diamond_shovel183"},
		{ "predicate": {"damaged": 0, "damage": 0.11843790012804097}, "model": "item/diamond_shovel184"},
		{ "predicate": {"damaged": 0, "damage": 0.11907810499359794}, "model": "item/diamond_shovel185"},
		{ "predicate": {"damaged": 0, "damage": 0.11971830985915492}, "model": "item/diamond_shovel186"},
		{ "predicate": {"damaged": 0, "damage": 0.1203585147247119}, "model": "item/diamond_shovel187"},
		{ "predicate": {"damaged": 0, "damage": 0.12099871959026888}, "model": "item/diamond_shovel188"},
		{ "predicate": {"damaged": 0, "damage": 0.12163892445582586}, "model": "item/diamond_shovel189"},
		{ "predicate": {"damaged": 0, "damage": 0.12227912932138284}, "model": "item/diamond_shovel190"},
		{ "predicate": {"damaged": 0, "damage": 0.12291933418693982}, "model": "item/diamond_shovel191"},
		{ "predicate": {"damaged": 0, "damage": 0.1235595390524968}, "model": "item/diamond_shovel192"},
		{ "predicate": {"damaged": 0, "damage": 0.12419974391805377}, "model": "item/diamond_shovel193"},
		{ "predicate": {"damaged": 0, "damage": 0.12483994878361075}, "model": "item/diamond_shovel194"},
		{ "predicate": {"damaged": 0, "damage": 0.12548015364916773}, "model": "item/diamond_shovel195"},
		{ "predicate": {"damaged": 0, "damage": 0.1261203585147247}, "model": "item/diamond_shovel196"},
		{ "predicate": {"damaged": 0, "damage": 0.1267605633802817}, "model": "item/diamond_shovel197"},
		{ "predicate": {"damaged": 0, "damage": 0.12740076824583865}, "model": "item/diamond_shovel198"},
		{ "predicate": {"damaged": 0, "damage": 0.12804097311139565}, "model": "item/diamond_shovel199"},
		{ "predicate": {"damaged": 0, "damage": 0.1286811779769526}, "model": "item/diamond_shovel200"},
		{ "predicate": {"damaged": 0, "damage": 0.1293213828425096}, "model": "item/diamond_shovel201"},
		{ "predicate": {"damaged": 0, "damage": 0.12996158770806657}, "model": "item/diamond_shovel202"},
		{ "predicate": {"damaged": 0, "damage": 0.13060179257362356}, "model": "item/diamond_shovel203"},
		{ "predicate": {"damaged": 0, "damage": 0.13124199743918052}, "model": "item/diamond_shovel204"},
		{ "predicate": {"damaged": 0, "damage": 0.13188220230473752}, "model": "item/diamond_shovel205"},
		{ "predicate": {"damaged": 0, "damage": 0.13252240717029448}, "model": "item/diamond_shovel206"},
		{ "predicate": {"damaged": 0, "damage": 0.13316261203585147}, "model": "item/diamond_shovel207"},
		{ "predicate": {"damaged": 0, "damage": 0.13380281690140844}, "model": "item/diamond_shovel208"},
		{ "predicate": {"damaged": 0, "damage": 0.13444302176696543}, "model": "item/diamond_shovel209"},
		{ "predicate": {"damaged": 0, "damage": 0.1350832266325224}, "model": "item/diamond_shovel210"},
		{ "predicate": {"damaged": 0, "damage": 0.1357234314980794}, "model": "item/diamond_shovel211"},
		{ "predicate": {"damaged": 0, "damage": 0.13636363636363635}, "model": "item/diamond_shovel212"},
		{ "predicate": {"damaged": 0, "damage": 0.13700384122919335}, "model": "item/diamond_shovel213"},
		{ "predicate": {"damaged": 0, "damage": 0.1376440460947503}, "model": "item/diamond_shovel214"},
		{ "predicate": {"damaged": 0, "damage": 0.1382842509603073}, "model": "item/diamond_shovel215"},
		{ "predicate": {"damaged": 0, "damage": 0.13892445582586427}, "model": "item/diamond_shovel216"},
		{ "predicate": {"damaged": 0, "damage": 0.13956466069142126}, "model": "item/diamond_shovel217"},
		{ "predicate": {"damaged": 0, "damage": 0.14020486555697823}, "model": "item/diamond_shovel218"},
		{ "predicate": {"damaged": 0, "damage": 0.14084507042253522}, "model": "item/diamond_shovel219"},
		{ "predicate": {"damaged": 0, "damage": 0.14148527528809218}, "model": "item/diamond_shovel220"},
		{ "predicate": {"damaged": 0, "damage": 0.14212548015364918}, "model": "item/diamond_shovel221"},
		{ "predicate": {"damaged": 0, "damage": 0.14276568501920614}, "model": "item/diamond_shovel222"},
		{ "predicate": {"damaged": 0, "damage": 0.1434058898847631}, "model": "item/diamond_shovel223"},
		{ "predicate": {"damaged": 0, "damage": 0.1440460947503201}, "model": "item/diamond_shovel224"},
		{ "predicate": {"damaged": 0, "damage": 0.14468629961587706}, "model": "item/diamond_shovel225"},
		{ "predicate": {"damaged": 0, "damage": 0.14532650448143405}, "model": "item/diamond_shovel226"},
		{ "predicate": {"damaged": 0, "damage": 0.14596670934699102}, "model": "item/diamond_shovel227"},
		{ "predicate": {"damaged": 0, "damage": 0.146606914212548}, "model": "item/diamond_shovel228"},
		{ "predicate": {"damaged": 0, "damage": 0.14724711907810498}, "model": "item/diamond_shovel229"},
		{ "predicate": {"damaged": 1, "damage": 0}, "model": "item/diamond_shovel"}
	]
}