{
	"credit": "Made with Blockbench",
	"textures": {
		"0": "custom/transparent",
		"particle": "custom/transparent"
	},
	"elements": [
		{
			"from": [-1.6, 0, -1.6],
			"to": [17.6, 0, 17.6],
			"faces": {
				"north": {"uv": [0, 0, 16, 16], "texture": "#0"},
				"east": {"uv": [0, 0, 16, 16], "texture": "#0"},
				"south": {"uv": [0, 0, 16, 16], "texture": "#0"},
				"west": {"uv": [0, 0, 16, 16], "texture": "#0"},
				"up": {"uv": [0, 0, 16, 16], "texture": "#0"},
				"down": {"uv": [0, 0, 16, 16], "texture": "#0"}
			}
		}
	],
	"display": {
		"head": {
			"scale": [4, 1, 4],
			"translation": [0, -35.3, 0]
		}
	}
}