{
	"parent": "item/handheld",
	"textures": {
		"layer0": "item/gui/numbers/num0"
	},
	"overrides": [
		{ "predicate": {"damaged": 0, "damage": 0}, "model": "item/gui/numbers/num250"},
		{ "predicate": {"damaged": 0, "damage": 0.00398406374501992}, "model": "item/gui/numbers/num0"},
		{ "predicate": {"damaged": 0, "damage": 0.00796812749003984}, "model": "item/gui/numbers/num1"},
		{ "predicate": {"damaged": 0, "damage": 0.01195219123505976}, "model": "item/gui/numbers/num2"},
		{ "predicate": {"damaged": 0, "damage": 0.01593625498007968}, "model": "item/gui/numbers/num3"},
		{ "predicate": {"damaged": 0, "damage": 0.0199203187250996}, "model": "item/gui/numbers/num4"},
		{ "predicate": {"damaged": 0, "damage": 0.02390438247011952}, "model": "item/gui/numbers/num5"},
		{ "predicate": {"damaged": 0, "damage": 0.027888446215139442}, "model": "item/gui/numbers/num6"},
		{ "predicate": {"damaged": 0, "damage": 0.03187250996015936}, "model": "item/gui/numbers/num7"},
		{ "predicate": {"damaged": 0, "damage": 0.03585657370517928}, "model": "item/gui/numbers/num8"},
		{ "predicate": {"damaged": 0, "damage": 0.0398406374501992}, "model": "item/gui/numbers/num9"},
		{ "predicate": {"damaged": 0, "damage": 0.043824701195219126}, "model": "item/gui/numbers/num10"},
		{ "predicate": {"damaged": 0, "damage": 0.04780876494023904}, "model": "item/gui/numbers/num11"},
		{ "predicate": {"damaged": 0, "damage": 0.05179282868525896}, "model": "item/gui/numbers/num12"},
		{ "predicate": {"damaged": 0, "damage": 0.055776892430278883}, "model": "item/gui/numbers/num13"},
		{ "predicate": {"damaged": 0, "damage": 0.05976095617529881}, "model": "item/gui/numbers/num14"},
		{ "predicate": {"damaged": 0, "damage": 0.06374501992031872}, "model": "item/gui/numbers/num15"},
		{ "predicate": {"damaged": 0, "damage": 0.06772908366533864}, "model": "item/gui/numbers/num16"},
		{ "predicate": {"damaged": 0, "damage": 0.07171314741035856}, "model": "item/gui/numbers/num17"},
		{ "predicate": {"damaged": 0, "damage": 0.07569721115537849}, "model": "item/gui/numbers/num18"},
		{ "predicate": {"damaged": 0, "damage": 0.0796812749003984}, "model": "item/gui/numbers/num19"},
		{ "predicate": {"damaged": 0, "damage": 0.08366533864541832}, "model": "item/gui/numbers/num20"},
		{ "predicate": {"damaged": 0, "damage": 0.08764940239043825}, "model": "item/gui/numbers/num21"},
		{ "predicate": {"damaged": 0, "damage": 0.09163346613545817}, "model": "item/gui/numbers/num22"},
		{ "predicate": {"damaged": 0, "damage": 0.09561752988047809}, "model": "item/gui/numbers/num23"},
		{ "predicate": {"damaged": 0, "damage": 0.099601593625498}, "model": "item/gui/numbers/num24"},
		{ "predicate": {"damaged": 0, "damage": 0.10358565737051792}, "model": "item/gui/numbers/num25"},
		{ "predicate": {"damaged": 0, "damage": 0.10756972111553785}, "model": "item/gui/numbers/num26"},
		{ "predicate": {"damaged": 0, "damage": 0.11155378486055777}, "model": "item/gui/numbers/num27"},
		{ "predicate": {"damaged": 0, "damage": 0.11553784860557768}, "model": "item/gui/numbers/num28"},
		{ "predicate": {"damaged": 0, "damage": 0.11952191235059761}, "model": "item/gui/numbers/num29"},
		{ "predicate": {"damaged": 0, "damage": 0.12350597609561753}, "model": "item/gui/numbers/num30"},
		{ "predicate": {"damaged": 0, "damage": 0.12749003984063745}, "model": "item/gui/numbers/num31"},
		{ "predicate": {"damaged": 0, "damage": 0.13147410358565736}, "model": "item/gui/numbers/num32"},
		{ "predicate": {"damaged": 0, "damage": 0.13545816733067728}, "model": "item/gui/numbers/num33"},
		{ "predicate": {"damaged": 0, "damage": 0.1394422310756972}, "model": "item/gui/numbers/num34"},
		{ "predicate": {"damaged": 0, "damage": 0.14342629482071712}, "model": "item/gui/numbers/num35"},
		{ "predicate": {"damaged": 0, "damage": 0.14741035856573706}, "model": "item/gui/numbers/num36"},
		{ "predicate": {"damaged": 0, "damage": 0.15139442231075698}, "model": "item/gui/numbers/num37"},
		{ "predicate": {"damaged": 0, "damage": 0.1553784860557769}, "model": "item/gui/numbers/num38"},
		{ "predicate": {"damaged": 0, "damage": 0.1593625498007968}, "model": "item/gui/numbers/num39"},
		{ "predicate": {"damaged": 0, "damage": 0.16334661354581673}, "model": "item/gui/numbers/num40"},
		{ "predicate": {"damaged": 0, "damage": 0.16733067729083664}, "model": "item/gui/numbers/num41"},
		{ "predicate": {"damaged": 0, "damage": 0.17131474103585656}, "model": "item/gui/numbers/num42"},
		{ "predicate": {"damaged": 0, "damage": 0.1752988047808765}, "model": "item/gui/numbers/num43"},
		{ "predicate": {"damaged": 0, "damage": 0.17928286852589642}, "model": "item/gui/numbers/num44"},
		{ "predicate": {"damaged": 0, "damage": 0.18326693227091634}, "model": "item/gui/numbers/num45"},
		{ "predicate": {"damaged": 0, "damage": 0.18725099601593626}, "model": "item/gui/numbers/num46"},
		{ "predicate": {"damaged": 0, "damage": 0.19123505976095617}, "model": "item/gui/numbers/num47"},
		{ "predicate": {"damaged": 0, "damage": 0.1952191235059761}, "model": "item/gui/numbers/num48"},
		{ "predicate": {"damaged": 0, "damage": 0.199203187250996}, "model": "item/gui/numbers/num49"},
		{ "predicate": {"damaged": 0, "damage": 0.20318725099601592}, "model": "item/gui/numbers/num50"},
		{ "predicate": {"damaged": 0, "damage": 0.20717131474103584}, "model": "item/gui/numbers/num51"},
		{ "predicate": {"damaged": 0, "damage": 0.21115537848605578}, "model": "item/gui/numbers/num52"},
		{ "predicate": {"damaged": 0, "damage": 0.2151394422310757}, "model": "item/gui/numbers/num53"},
		{ "predicate": {"damaged": 0, "damage": 0.21912350597609562}, "model": "item/gui/numbers/num54"},
		{ "predicate": {"damaged": 0, "damage": 0.22310756972111553}, "model": "item/gui/numbers/num55"},
		{ "predicate": {"damaged": 0, "damage": 0.22709163346613545}, "model": "item/gui/numbers/num56"},
		{ "predicate": {"damaged": 0, "damage": 0.23107569721115537}, "model": "item/gui/numbers/num57"},
		{ "predicate": {"damaged": 0, "damage": 0.23505976095617528}, "model": "item/gui/numbers/num58"},
		{ "predicate": {"damaged": 0, "damage": 0.23904382470119523}, "model": "item/gui/numbers/num59"},
		{ "predicate": {"damaged": 0, "damage": 0.24302788844621515}, "model": "item/gui/numbers/num60"},
		{ "predicate": {"damaged": 0, "damage": 0.24701195219123506}, "model": "item/gui/numbers/num61"},
		{ "predicate": {"damaged": 0, "damage": 0.250996015936255}, "model": "item/gui/numbers/num62"},
		{ "predicate": {"damaged": 0, "damage": 0.2549800796812749}, "model": "item/gui/numbers/num63"},
		{ "predicate": {"damaged": 0, "damage": 0.2589641434262948}, "model": "item/gui/numbers/num64"},
		{ "predicate": {"damaged": 0, "damage": 0.26294820717131473}, "model": "item/gui/numbers/num65"},
		{ "predicate": {"damaged": 0, "damage": 0.26693227091633465}, "model": "item/gui/numbers/num66"},
		{ "predicate": {"damaged": 0, "damage": 0.27091633466135456}, "model": "item/gui/numbers/num67"},
		{ "predicate": {"damaged": 0, "damage": 0.2749003984063745}, "model": "item/gui/numbers/num68"},
		{ "predicate": {"damaged": 0, "damage": 0.2788844621513944}, "model": "item/gui/numbers/num69"},
		{ "predicate": {"damaged": 0, "damage": 0.2828685258964143}, "model": "item/gui/numbers/num70"},
		{ "predicate": {"damaged": 0, "damage": 0.28685258964143423}, "model": "item/gui/numbers/num71"},
		{ "predicate": {"damaged": 0, "damage": 0.2908366533864542}, "model": "item/gui/numbers/num72"},
		{ "predicate": {"damaged": 0, "damage": 0.2948207171314741}, "model": "item/gui/numbers/num73"},
		{ "predicate": {"damaged": 0, "damage": 0.29880478087649404}, "model": "item/gui/numbers/num74"},
		{ "predicate": {"damaged": 0, "damage": 0.30278884462151395}, "model": "item/gui/numbers/num75"},
		{ "predicate": {"damaged": 0, "damage": 0.30677290836653387}, "model": "item/gui/numbers/num76"},
		{ "predicate": {"damaged": 0, "damage": 0.3107569721115538}, "model": "item/gui/numbers/num77"},
		{ "predicate": {"damaged": 0, "damage": 0.3147410358565737}, "model": "item/gui/numbers/num78"},
		{ "predicate": {"damaged": 0, "damage": 0.3187250996015936}, "model": "item/gui/numbers/num79"},
		{ "predicate": {"damaged": 0, "damage": 0.32270916334661354}, "model": "item/gui/numbers/num80"},
		{ "predicate": {"damaged": 0, "damage": 0.32669322709163345}, "model": "item/gui/numbers/num81"},
		{ "predicate": {"damaged": 0, "damage": 0.33067729083665337}, "model": "item/gui/numbers/num82"},
		{ "predicate": {"damaged": 0, "damage": 0.3346613545816733}, "model": "item/gui/numbers/num83"},
		{ "predicate": {"damaged": 0, "damage": 0.3386454183266932}, "model": "item/gui/numbers/num84"},
		{ "predicate": {"damaged": 0, "damage": 0.3426294820717131}, "model": "item/gui/numbers/num85"},
		{ "predicate": {"damaged": 0, "damage": 0.34661354581673304}, "model": "item/gui/numbers/num86"},
		{ "predicate": {"damaged": 0, "damage": 0.350597609561753}, "model": "item/gui/numbers/num87"},
		{ "predicate": {"damaged": 0, "damage": 0.3545816733067729}, "model": "item/gui/numbers/num88"},
		{ "predicate": {"damaged": 0, "damage": 0.35856573705179284}, "model": "item/gui/numbers/num89"},
		{ "predicate": {"damaged": 0, "damage": 0.36254980079681276}, "model": "item/gui/numbers/num90"},
		{ "predicate": {"damaged": 0, "damage": 0.3665338645418327}, "model": "item/gui/numbers/num91"},
		{ "predicate": {"damaged": 0, "damage": 0.3705179282868526}, "model": "item/gui/numbers/num92"},
		{ "predicate": {"damaged": 0, "damage": 0.3745019920318725}, "model": "item/gui/numbers/num93"},
		{ "predicate": {"damaged": 0, "damage": 0.3784860557768924}, "model": "item/gui/numbers/num94"},
		{ "predicate": {"damaged": 0, "damage": 0.38247011952191234}, "model": "item/gui/numbers/num95"},
		{ "predicate": {"damaged": 0, "damage": 0.38645418326693226}, "model": "item/gui/numbers/num96"},
		{ "predicate": {"damaged": 0, "damage": 0.3904382470119522}, "model": "item/gui/numbers/num97"},
		{ "predicate": {"damaged": 0, "damage": 0.3944223107569721}, "model": "item/gui/numbers/num98"},
		{ "predicate": {"damaged": 0, "damage": 0.398406374501992}, "model": "item/gui/numbers/num99"},
		{ "predicate": {"damaged": 0, "damage": 0.40239043824701193}, "model": "item/gui/numbers/num100"},
		{ "predicate": {"damaged": 0, "damage": 0.40637450199203184}, "model": "item/gui/numbers/num101"},
		{ "predicate": {"damaged": 0, "damage": 0.41035856573705176}, "model": "item/gui/numbers/num102"},
		{ "predicate": {"damaged": 0, "damage": 0.4143426294820717}, "model": "item/gui/numbers/num103"},
		{ "predicate": {"damaged": 0, "damage": 0.41832669322709165}, "model": "item/gui/numbers/num104"},
		{ "predicate": {"damaged": 0, "damage": 0.42231075697211157}, "model": "item/gui/numbers/num105"},
		{ "predicate": {"damaged": 0, "damage": 0.4262948207171315}, "model": "item/gui/numbers/num106"},
		{ "predicate": {"damaged": 0, "damage": 0.4302788844621514}, "model": "item/gui/numbers/num107"},
		{ "predicate": {"damaged": 0, "damage": 0.4342629482071713}, "model": "item/gui/numbers/num108"},
		{ "predicate": {"damaged": 0, "damage": 0.43824701195219123}, "model": "item/gui/numbers/num109"},
		{ "predicate": {"damaged": 0, "damage": 0.44223107569721115}, "model": "item/gui/numbers/num110"},
		{ "predicate": {"damaged": 0, "damage": 0.44621513944223107}, "model": "item/gui/numbers/num111"},
		{ "predicate": {"damaged": 0, "damage": 0.450199203187251}, "model": "item/gui/numbers/num112"},
		{ "predicate": {"damaged": 0, "damage": 0.4541832669322709}, "model": "item/gui/numbers/num113"},
		{ "predicate": {"damaged": 0, "damage": 0.4581673306772908}, "model": "item/gui/numbers/num114"},
		{ "predicate": {"damaged": 0, "damage": 0.46215139442231074}, "model": "item/gui/numbers/num115"},
		{ "predicate": {"damaged": 0, "damage": 0.46613545816733065}, "model": "item/gui/numbers/num116"},
		{ "predicate": {"damaged": 0, "damage": 0.47011952191235057}, "model": "item/gui/numbers/num117"},
		{ "predicate": {"damaged": 0, "damage": 0.4741035856573705}, "model": "item/gui/numbers/num118"},
		{ "predicate": {"damaged": 0, "damage": 0.47808764940239046}, "model": "item/gui/numbers/num119"},
		{ "predicate": {"damaged": 0, "damage": 0.4820717131474104}, "model": "item/gui/numbers/num120"},
		{ "predicate": {"damaged": 0, "damage": 0.4860557768924303}, "model": "item/gui/numbers/num121"},
		{ "predicate": {"damaged": 0, "damage": 0.4900398406374502}, "model": "item/gui/numbers/num122"},
		{ "predicate": {"damaged": 0, "damage": 0.4940239043824701}, "model": "item/gui/numbers/num123"},
		{ "predicate": {"damaged": 0, "damage": 0.49800796812749004}, "model": "item/gui/numbers/num124"},
		{ "predicate": {"damaged": 0, "damage": 0.50199203187251}, "model": "item/gui/numbers/num125"},
		{ "predicate": {"damaged": 0, "damage": 0.5059760956175299}, "model": "item/gui/numbers/num126"},
		{ "predicate": {"damaged": 0, "damage": 0.5099601593625498}, "model": "item/gui/numbers/num127"},
		{ "predicate": {"damaged": 0, "damage": 0.5139442231075697}, "model": "item/gui/numbers/num128"},
		{ "predicate": {"damaged": 0, "damage": 0.5179282868525896}, "model": "item/gui/numbers/num129"},
		{ "predicate": {"damaged": 0, "damage": 0.5219123505976095}, "model": "item/gui/numbers/num130"},
		{ "predicate": {"damaged": 0, "damage": 0.5258964143426295}, "model": "item/gui/numbers/num131"},
		{ "predicate": {"damaged": 0, "damage": 0.5298804780876494}, "model": "item/gui/numbers/num132"},
		{ "predicate": {"damaged": 0, "damage": 0.5338645418326693}, "model": "item/gui/numbers/num133"},
		{ "predicate": {"damaged": 0, "damage": 0.5378486055776892}, "model": "item/gui/numbers/num134"},
		{ "predicate": {"damaged": 0, "damage": 0.5418326693227091}, "model": "item/gui/numbers/num135"},
		{ "predicate": {"damaged": 0, "damage": 0.545816733067729}, "model": "item/gui/numbers/num136"},
		{ "predicate": {"damaged": 0, "damage": 0.549800796812749}, "model": "item/gui/numbers/num137"},
		{ "predicate": {"damaged": 0, "damage": 0.5537848605577689}, "model": "item/gui/numbers/num138"},
		{ "predicate": {"damaged": 0, "damage": 0.5577689243027888}, "model": "item/gui/numbers/num139"},
		{ "predicate": {"damaged": 0, "damage": 0.5617529880478087}, "model": "item/gui/numbers/num140"},
		{ "predicate": {"damaged": 0, "damage": 0.5657370517928286}, "model": "item/gui/numbers/num141"},
		{ "predicate": {"damaged": 0, "damage": 0.5697211155378485}, "model": "item/gui/numbers/num142"},
		{ "predicate": {"damaged": 0, "damage": 0.5737051792828685}, "model": "item/gui/numbers/num143"},
		{ "predicate": {"damaged": 0, "damage": 0.5776892430278885}, "model": "item/gui/numbers/num144"},
		{ "predicate": {"damaged": 0, "damage": 0.5816733067729084}, "model": "item/gui/numbers/num145"},
		{ "predicate": {"damaged": 0, "damage": 0.5856573705179283}, "model": "item/gui/numbers/num146"},
		{ "predicate": {"damaged": 0, "damage": 0.5896414342629482}, "model": "item/gui/numbers/num147"},
		{ "predicate": {"damaged": 0, "damage": 0.5936254980079682}, "model": "item/gui/numbers/num148"},
		{ "predicate": {"damaged": 0, "damage": 0.5976095617529881}, "model": "item/gui/numbers/num149"},
		{ "predicate": {"damaged": 0, "damage": 0.601593625498008}, "model": "item/gui/numbers/num150"},
		{ "predicate": {"damaged": 0, "damage": 0.6055776892430279}, "model": "item/gui/numbers/num151"},
		{ "predicate": {"damaged": 0, "damage": 0.6095617529880478}, "model": "item/gui/numbers/num152"},
		{ "predicate": {"damaged": 0, "damage": 0.6135458167330677}, "model": "item/gui/numbers/num153"},
		{ "predicate": {"damaged": 0, "damage": 0.6175298804780877}, "model": "item/gui/numbers/num154"},
		{ "predicate": {"damaged": 0, "damage": 0.6215139442231076}, "model": "item/gui/numbers/num155"},
		{ "predicate": {"damaged": 0, "damage": 0.6254980079681275}, "model": "item/gui/numbers/num156"},
		{ "predicate": {"damaged": 0, "damage": 0.6294820717131474}, "model": "item/gui/numbers/num157"},
		{ "predicate": {"damaged": 0, "damage": 0.6334661354581673}, "model": "item/gui/numbers/num158"},
		{ "predicate": {"damaged": 0, "damage": 0.6374501992031872}, "model": "item/gui/numbers/num159"},
		{ "predicate": {"damaged": 0, "damage": 0.6414342629482072}, "model": "item/gui/numbers/num160"},
		{ "predicate": {"damaged": 0, "damage": 0.6454183266932271}, "model": "item/gui/numbers/num161"},
		{ "predicate": {"damaged": 0, "damage": 0.649402390438247}, "model": "item/gui/numbers/num162"},
		{ "predicate": {"damaged": 0, "damage": 0.6533864541832669}, "model": "item/gui/numbers/num163"},
		{ "predicate": {"damaged": 0, "damage": 0.6573705179282868}, "model": "item/gui/numbers/num164"},
		{ "predicate": {"damaged": 0, "damage": 0.6613545816733067}, "model": "item/gui/numbers/num165"},
		{ "predicate": {"damaged": 0, "damage": 0.6653386454183267}, "model": "item/gui/numbers/num166"},
		{ "predicate": {"damaged": 0, "damage": 0.6693227091633466}, "model": "item/gui/numbers/num167"},
		{ "predicate": {"damaged": 0, "damage": 0.6733067729083665}, "model": "item/gui/numbers/num168"},
		{ "predicate": {"damaged": 0, "damage": 0.6772908366533864}, "model": "item/gui/numbers/num169"},
		{ "predicate": {"damaged": 0, "damage": 0.6812749003984063}, "model": "item/gui/numbers/num170"},
		{ "predicate": {"damaged": 0, "damage": 0.6852589641434262}, "model": "item/gui/numbers/num171"},
		{ "predicate": {"damaged": 0, "damage": 0.6892430278884462}, "model": "item/gui/numbers/num172"},
		{ "predicate": {"damaged": 0, "damage": 0.6932270916334661}, "model": "item/gui/numbers/num173"},
		{ "predicate": {"damaged": 0, "damage": 0.697211155378486}, "model": "item/gui/numbers/num174"},
		{ "predicate": {"damaged": 0, "damage": 0.701195219123506}, "model": "item/gui/numbers/num175"},
		{ "predicate": {"damaged": 0, "damage": 0.7051792828685259}, "model": "item/gui/numbers/num176"},
		{ "predicate": {"damaged": 0, "damage": 0.7091633466135459}, "model": "item/gui/numbers/num177"},
		{ "predicate": {"damaged": 0, "damage": 0.7131474103585658}, "model": "item/gui/numbers/num178"},
		{ "predicate": {"damaged": 0, "damage": 0.7171314741035857}, "model": "item/gui/numbers/num179"},
		{ "predicate": {"damaged": 0, "damage": 0.7211155378486056}, "model": "item/gui/numbers/num180"},
		{ "predicate": {"damaged": 0, "damage": 0.7250996015936255}, "model": "item/gui/numbers/num181"},
		{ "predicate": {"damaged": 0, "damage": 0.7290836653386454}, "model": "item/gui/numbers/num182"},
		{ "predicate": {"damaged": 0, "damage": 0.7330677290836654}, "model": "item/gui/numbers/num183"},
		{ "predicate": {"damaged": 0, "damage": 0.7370517928286853}, "model": "item/gui/numbers/num184"},
		{ "predicate": {"damaged": 0, "damage": 0.7410358565737052}, "model": "item/gui/numbers/num185"},
		{ "predicate": {"damaged": 0, "damage": 0.7450199203187251}, "model": "item/gui/numbers/num186"},
		{ "predicate": {"damaged": 0, "damage": 0.749003984063745}, "model": "item/gui/numbers/num187"},
		{ "predicate": {"damaged": 0, "damage": 0.7529880478087649}, "model": "item/gui/numbers/num188"},
		{ "predicate": {"damaged": 0, "damage": 0.7569721115537849}, "model": "item/gui/numbers/num189"},
		{ "predicate": {"damaged": 0, "damage": 0.7609561752988048}, "model": "item/gui/numbers/num190"},
		{ "predicate": {"damaged": 0, "damage": 0.7649402390438247}, "model": "item/gui/numbers/num191"},
		{ "predicate": {"damaged": 0, "damage": 0.7689243027888446}, "model": "item/gui/numbers/num192"},
		{ "predicate": {"damaged": 0, "damage": 0.7729083665338645}, "model": "item/gui/numbers/num193"},
		{ "predicate": {"damaged": 0, "damage": 0.7768924302788844}, "model": "item/gui/numbers/num194"},
		{ "predicate": {"damaged": 0, "damage": 0.7808764940239044}, "model": "item/gui/numbers/num195"},
		{ "predicate": {"damaged": 0, "damage": 0.7848605577689243}, "model": "item/gui/numbers/num196"},
		{ "predicate": {"damaged": 0, "damage": 0.7888446215139442}, "model": "item/gui/numbers/num197"},
		{ "predicate": {"damaged": 0, "damage": 0.7928286852589641}, "model": "item/gui/numbers/num198"},
		{ "predicate": {"damaged": 0, "damage": 0.796812749003984}, "model": "item/gui/numbers/num199"},
		{ "predicate": {"damaged": 0, "damage": 0.8007968127490039}, "model": "item/gui/numbers/num200"},
		{ "predicate": {"damaged": 0, "damage": 0.8047808764940239}, "model": "item/gui/numbers/num201"},
		{ "predicate": {"damaged": 0, "damage": 0.8087649402390438}, "model": "item/gui/numbers/num202"},
		{ "predicate": {"damaged": 0, "damage": 0.8127490039840637}, "model": "item/gui/numbers/num203"},
		{ "predicate": {"damaged": 0, "damage": 0.8167330677290836}, "model": "item/gui/numbers/num204"},
		{ "predicate": {"damaged": 0, "damage": 0.8207171314741035}, "model": "item/gui/numbers/num205"},
		{ "predicate": {"damaged": 0, "damage": 0.8247011952191234}, "model": "item/gui/numbers/num206"},
		{ "predicate": {"damaged": 0, "damage": 0.8286852589641434}, "model": "item/gui/numbers/num207"},
		{ "predicate": {"damaged": 0, "damage": 0.8326693227091634}, "model": "item/gui/numbers/num208"},
		{ "predicate": {"damaged": 0, "damage": 0.8366533864541833}, "model": "item/gui/numbers/num209"},
		{ "predicate": {"damaged": 0, "damage": 0.8406374501992032}, "model": "item/gui/numbers/num210"},
		{ "predicate": {"damaged": 0, "damage": 0.8446215139442231}, "model": "item/gui/numbers/num211"},
		{ "predicate": {"damaged": 0, "damage": 0.848605577689243}, "model": "item/gui/numbers/num212"},
		{ "predicate": {"damaged": 0, "damage": 0.852589641434263}, "model": "item/gui/numbers/num213"},
		{ "predicate": {"damaged": 0, "damage": 0.8565737051792829}, "model": "item/gui/numbers/num214"},
		{ "predicate": {"damaged": 0, "damage": 0.8605577689243028}, "model": "item/gui/numbers/num215"},
		{ "predicate": {"damaged": 0, "damage": 0.8645418326693227}, "model": "item/gui/numbers/num216"},
		{ "predicate": {"damaged": 0, "damage": 0.8685258964143426}, "model": "item/gui/numbers/num217"},
		{ "predicate": {"damaged": 0, "damage": 0.8725099601593626}, "model": "item/gui/numbers/num218"},
		{ "predicate": {"damaged": 0, "damage": 0.8764940239043825}, "model": "item/gui/numbers/num219"},
		{ "predicate": {"damaged": 0, "damage": 0.8804780876494024}, "model": "item/gui/numbers/num220"},
		{ "predicate": {"damaged": 0, "damage": 0.8844621513944223}, "model": "item/gui/numbers/num221"},
		{ "predicate": {"damaged": 0, "damage": 0.8884462151394422}, "model": "item/gui/numbers/num222"},
		{ "predicate": {"damaged": 0, "damage": 0.8924302788844621}, "model": "item/gui/numbers/num223"},
		{ "predicate": {"damaged": 0, "damage": 0.896414342629482}, "model": "item/gui/numbers/num224"},
		{ "predicate": {"damaged": 0, "damage": 0.900398406374502}, "model": "item/gui/numbers/num225"},
		{ "predicate": {"damaged": 0, "damage": 0.9043824701195219}, "model": "item/gui/numbers/num226"},
		{ "predicate": {"damaged": 0, "damage": 0.9083665338645418}, "model": "item/gui/numbers/num227"},
		{ "predicate": {"damaged": 0, "damage": 0.9123505976095617}, "model": "item/gui/numbers/num228"},
		{ "predicate": {"damaged": 0, "damage": 0.9163346613545816}, "model": "item/gui/numbers/num229"},
		{ "predicate": {"damaged": 0, "damage": 0.9203187250996016}, "model": "item/gui/numbers/num230"},
		{ "predicate": {"damaged": 0, "damage": 0.9243027888446215}, "model": "item/gui/numbers/num231"},
		{ "predicate": {"damaged": 0, "damage": 0.9282868525896414}, "model": "item/gui/numbers/num232"},
		{ "predicate": {"damaged": 0, "damage": 0.9322709163346613}, "model": "item/gui/numbers/num233"},
		{ "predicate": {"damaged": 0, "damage": 0.9362549800796812}, "model": "item/gui/numbers/num234"},
		{ "predicate": {"damaged": 0, "damage": 0.9402390438247011}, "model": "item/gui/numbers/num235"},
		{ "predicate": {"damaged": 0, "damage": 0.944223107569721}, "model": "item/gui/numbers/num236"},
		{ "predicate": {"damaged": 0, "damage": 0.948207171314741}, "model": "item/gui/numbers/num237"},
		{ "predicate": {"damaged": 0, "damage": 0.9521912350597609}, "model": "item/gui/numbers/num238"},
		{ "predicate": {"damaged": 0, "damage": 0.9561752988047809}, "model": "item/gui/numbers/num239"},
		{ "predicate": {"damaged": 0, "damage": 0.9601593625498008}, "model": "item/gui/numbers/num240"},
		{ "predicate": {"damaged": 0, "damage": 0.9641434262948207}, "model": "item/gui/numbers/num241"},
		{ "predicate": {"damaged": 0, "damage": 0.9681274900398407}, "model": "item/gui/numbers/num242"},
		{ "predicate": {"damaged": 0, "damage": 0.9721115537848606}, "model": "item/gui/numbers/num243"},
		{ "predicate": {"damaged": 0, "damage": 0.9760956175298805}, "model": "item/gui/numbers/num244"},
		{ "predicate": {"damaged": 0, "damage": 0.9800796812749004}, "model": "item/gui/numbers/num245"},
		{ "predicate": {"damaged": 0, "damage": 0.9840637450199203}, "model": "item/gui/numbers/num246"},
		{ "predicate": {"damaged": 0, "damage": 0.9880478087649402}, "model": "item/gui/numbers/num247"},
		{ "predicate": {"damaged": 0, "damage": 0.9920318725099602}, "model": "item/gui/numbers/num248"},
		{ "predicate": {"damaged": 0, "damage": 0.9960159362549801}, "model": "item/gui/numbers/num249"},
		{ "predicate": {"damaged": 1, "damage": 0}, "model": "item/gui/numbers/num0"}
	]
}