{
    "__comment": "Model generated using MrCrayfish's Model Creator (http://mrcrayfish.com/modelcreator/)",
    "textures": {
        "0": "custom/handle",
        "1": "custom/middle",
        "2": "custom/end"
    },
	"display":	{
        "ground": {
            "rotation": [ 0, 0, 0 ],
            "translation": [ 0, 0, 0 ],
            "scale": [ 0.5, 0.5,	0.5	]
        },
        "thirdperson_righthand": {
            "rotation": [ 0, 90, 0 ],
            "translation": [ -4.5, 1, 3 ],
            "scale": [ 0.7, 0.7,	0.7	]
        },
        "thirdperson_lefthand": {
            "rotation": [ 0, -85, 0 ],
            "translation": [ 0, 1, 3 ],
            "scale": [ 0.7, 0.7, 0.7 ]
        },
		"firstperson_righthand": {
            "rotation": [ 0, 90, 0 ],
            "translation": [ -9, 5, 1.13 ],
            "scale": [ 1, 1,	1	]
        },
        "firstperson_lefthand": {
            "rotation": [ 0, -85, 0 ],
            "translation": [ 0, 0, 0 ],
            "scale": [ 1, 1,	1	]
        },
		"gui":	{
			"rotation":	[	30,	225,	0	],
			"translation":	[	3,	0,	0	],
			"scale":	[ 0.65, 0.65,	0.65	]
				}
	},

    "elements": [
        {
            "name": "handle1",
            "from": [ -1.0, 8.0, 7.0 ], 
            "to": [ 9.0, 9.799999997019768, 9.0 ], 
            "rotation": { "origin": [ 8.0, 8.0, 8.0 ], "axis": "z", "angle": 22.5 },
            "faces": {
                "north": { "texture": "#0", "uv": [ 4.0, 4.0, 14.0, 5.799999997019768 ] },
                "east": { "texture": "#0", "uv": [ 7.0, 6.0, 9.0, 7.799999997019768 ] },
                "south": { "texture": "#0", "uv": [ 6.0, 11.0, 16.0, 12.799999997019768 ] },
                "west": { "texture": "#0", "uv": [ 0.0, 0.0, 2.0, 1.7999999970197678 ] },
                "up": { "texture": "#0", "uv": [ 4.0, 7.0, 14.0, 9.0 ] },
                "down": { "texture": "#0", "uv": [ 3.0, 4.0, 13.0, 6.0 ] }
            }
        },
        {
            "name": "handle2",
            "from": [ -1.2000000029802322, 9.800000011920929, 7.0 ], 
            "to": [ 6.8999999687075615, 10.599999994039536, 9.0 ], 
            "rotation": { "origin": [ 8.0, 8.0, 8.0 ], "axis": "z", "angle": 22.5 },
            "faces": {
                "north": { "texture": "#0", "uv": [ 7.0, 5.0, 15.099999971687794, 5.799999982118607 ] },
                "east": { "texture": "#0", "uv": [ 0.0, 0.0, 2.0, 0.7999999821186066 ] },
                "south": { "texture": "#0", "uv": [ 6.0, 9.0, 14.099999971687794, 9.799999982118607 ] },
                "west": { "texture": "#0", "uv": [ 1.0, 11.0, 3.0, 11.799999982118607 ] },
                "up": { "texture": "#0", "uv": [ 7.0, 14.0, 15.099999971687794, 16.0 ] },
                "down": { "texture": "#0", "uv": [ 5.0, 9.0, 13.099999971687794, 11.0 ] }
            }
        },
        {
            "name": "handle3",
            "from": [ -1.4000000059604645, 10.600000008940697, 7.0 ], 
            "to": [ 5.1999999433755875, 10.999999985098839, 9.0 ], 
            "rotation": { "origin": [ 8.0, 8.0, 8.0 ], "axis": "z", "angle": 22.5 },
            "faces": {
                "north": { "texture": "#0", "uv": [ 6.0, 9.0, 12.599999949336052, 9.399999976158142 ] },
                "east": { "texture": "#0", "uv": [ 9.0, 12.0, 11.0, 12.399999976158142 ] },
                "south": { "texture": "#0", "uv": [ 5.0, 12.0, 11.599999949336052, 12.399999976158142 ] },
                "west": { "texture": "#0", "uv": [ 11.0, 3.0, 13.0, 3.399999976158142 ] },
                "up": { "texture": "#0", "uv": [ 9.0, 10.0, 15.599999949336052, 12.0 ] },
                "down": { "texture": "#0", "uv": [ 6.0, 10.0, 12.599999949336052, 12.0 ] }
            }
        },
        {
            "name": "handle4",
            "from": [ -1.2000000029802322, 7.500000037252903, 7.0 ], 
            "to": [ 9.0, 8.000000029802322, 9.0 ], 
            "rotation": { "origin": [ 8.0, 8.0, 8.0 ], "axis": "z", "angle": 22.5 },
            "faces": {
                "north": { "texture": "#0", "uv": [ 4.0, 7.0, 14.200000002980232, 7.499999992549419 ] },
                "east": { "texture": "#0", "uv": [ 3.0, 12.0, 5.0, 12.49999999254942 ] },
                "south": { "texture": "#0", "uv": [ 2.0, 9.0, 12.200000002980232, 9.49999999254942 ] },
                "west": { "texture": "#0", "uv": [ 5.0, 8.0, 7.0, 8.49999999254942 ] },
                "up": { "texture": "#0", "uv": [ 5.0, 12.0, 15.200000002980232, 14.0 ] },
                "down": { "texture": "#0", "uv": [ 5.0, 10.0, 15.200000002980232, 12.0 ] }
            }
        },
        {
            "name": "handle5",
            "from": [ 6.899999998509884, 9.800000011920929, 7.0 ], 
            "to": [ 7.599999964237213, 10.199999988079071, 9.0 ], 
            "rotation": { "origin": [ 8.0, 8.0, 8.0 ], "axis": "z", "angle": 22.5 },
            "faces": {
                "north": { "texture": "#0", "uv": [ 15.0, 1.0, 15.69999996572733, 1.399999976158142 ] },
                "east": { "texture": "#0", "uv": [ 5.0, 6.0, 7.0, 6.399999976158142 ] },
                "south": { "texture": "#0", "uv": [ 1.0, 11.0, 1.6999999657273293, 11.399999976158142 ] },
                "west": { "texture": "#0", "uv": [ 10.0, 13.0, 12.0, 13.399999976158142 ] },
                "up": { "texture": "#0", "uv": [ 8.0, 7.0, 8.69999996572733, 9.0 ] },
                "down": { "texture": "#0", "uv": [ 5.0, 5.0, 5.699999965727329, 7.0 ] }
            }
        },
        {
            "name": "handle6",
            "from": [ -0.5000000074505806, 8.400000005960464, 6.799999997019768 ], 
            "to": [ 6.199999958276749, 10.200000002980232, 9.200000002980232 ], 
            "rotation": { "origin": [ 8.0, 8.0, 8.0 ], "axis": "z", "angle": 22.5 },
            "faces": {
                "north": { "texture": "#0", "uv": [ 6.0, 6.0, 12.69999996572733, 7.799999997019768 ] },
                "east": { "texture": "#0", "uv": [ 6.0, 7.0, 8.400000005960464, 8.799999997019768 ] },
                "south": { "texture": "#0", "uv": [ 6.0, 8.0, 12.69999996572733, 9.799999997019768 ] },
                "west": { "texture": "#0", "uv": [ 4.0, 6.0, 6.4000000059604645, 7.799999997019768 ] },
                "up": { "texture": "#0", "uv": [ 7.0, 9.0, 13.69999996572733, 11.400000005960464 ] },
                "down": { "texture": "#0", "uv": [ 5.0, 7.0, 11.69999996572733, 9.400000005960464 ] }
            }
        },
        {
            "name": "handle7",
            "from": [ 6.199999988079071, 8.400000005960464, 6.799999997019768 ], 
            "to": [ 8.199999958276749, 9.200000002980232, 9.200000002980232 ], 
            "rotation": { "origin": [ 8.0, 8.0, 8.0 ], "axis": "z", "angle": 22.5 },
            "faces": {
                "north": { "texture": "#0", "uv": [ 5.0, 3.0, 6.999999970197678, 3.7999999970197678 ] },
                "east": { "texture": "#0", "uv": [ 1.0, 9.0, 3.4000000059604645, 9.799999997019768 ] },
                "south": { "texture": "#0", "uv": [ 7.0, 9.0, 8.999999970197678, 9.799999997019768 ] },
                "west": { "texture": "#0", "uv": [ 6.0, 7.0, 8.400000005960464, 7.799999997019768 ] },
                "up": { "texture": "#0", "uv": [ 10.0, 10.0, 11.999999970197678, 12.400000005960464 ] },
                "down": { "texture": "#0", "uv": [ 8.0, 3.0, 9.999999970197678, 5.4000000059604645 ] }
            }
        },
        {
            "name": "handle8",
            "from": [ -0.6999999955296516, 7.200000002980232, 7.300000004470348 ], 
            "to": [ 8.699999995529652, 7.499999977648258, 8.699999995529652 ], 
            "rotation": { "origin": [ 8.0, 8.0, 8.0 ], "axis": "z", "angle": 22.5 },
            "faces": {
                "north": { "texture": "#0", "uv": [ 2.0, 5.0, 11.399999991059303, 5.299999974668026 ] },
                "east": { "texture": "#0", "uv": [ 14.0, 2.0, 15.399999991059303, 2.299999974668026 ] },
                "south": { "texture": "#0", "uv": [ 3.0, 6.0, 12.399999991059303, 6.299999974668026 ] },
                "west": { "texture": "#0", "uv": [ 7.0, 8.0, 8.399999991059303, 8.299999974668026 ] },
                "up": { "texture": "#0", "uv": [ 2.0, 7.0, 11.399999991059303, 8.399999991059303 ] },
                "down": { "texture": "#0", "uv": [ 2.0, 13.0, 11.399999991059303, 14.399999991059303 ] }
            }
        },
        {
            "name": "midiron1",
            "from": [ 8.999999985098839, 7.699999995529652, 7.100000001490116 ], 
            "to": [ 11.099999986588955, 9.599999994039536, 8.899999998509884 ], 
            "rotation": { "origin": [ 8.0, 8.0, 8.0 ], "axis": "z", "angle": 22.5 },
            "faces": {
                "north": { "texture": "#1", "uv": [ 7.0, 7.0, 9.100000001490116, 8.899999998509884 ] },
                "east": { "texture": "#1", "uv": [ 4.0, 9.0, 5.799999997019768, 10.899999998509884 ] },
                "south": { "texture": "#1", "uv": [ 7.0, 4.0, 9.100000001490116, 5.899999998509884 ] },
                "west": { "texture": "#1", "uv": [ 7.0, 4.0, 8.799999997019768, 5.899999998509884 ] },
                "up": { "texture": "#1", "uv": [ 8.0, 3.0, 10.100000001490116, 4.799999997019768 ] },
                "down": { "texture": "#1", "uv": [ 3.0, 5.0, 5.100000001490116, 6.799999997019768 ] }
            }
        },
        {
            "name": "midiron2",
            "from": [ 9.900000013411045, 8.299999989569187, 7.0 ], 
            "to": [ 15.900000013411045, 10.699999995529652, 9.0 ], 
            "faces": {
                "north": { "texture": "#1", "uv": [ 7.0, 6.0, 13.0, 8.400000005960464 ] },
                "east": { "texture": "#1", "uv": [ 0.0, 0.0, 2.0, 2.4000000059604645 ] },
                "south": { "texture": "#1", "uv": [ 9.0, 7.0, 15.0, 9.400000005960464 ] },
                "west": { "texture": "#1", "uv": [ 4.0, 13.0, 6.0, 15.400000005960464 ] },
                "up": { "texture": "#1", "uv": [ 10.0, 5.0, 16.0, 7.0 ] },
                "down": { "texture": "#1", "uv": [ 6.0, 8.0, 12.0, 10.0 ] }
            }
        },
        {
            "name": "midiron3",
            "from": [ 10.30000001937151, 10.69999998062849, 7.300000004470348 ], 
            "to": [ 15.900000013411045, 10.999999985098839, 8.699999995529652 ], 
            "faces": {
                "north": { "texture": "#1", "uv": [ 2.0, 5.0, 7.5999999940395355, 5.300000004470348 ] },
                "east": { "texture": "#1", "uv": [ 5.0, 6.0, 6.399999991059303, 6.300000004470348 ] },
                "south": { "texture": "#1", "uv": [ 3.0, 5.0, 8.599999994039536, 5.300000004470348 ] },
                "west": { "texture": "#1", "uv": [ 5.0, 4.0, 6.399999991059303, 4.300000004470348 ] },
                "up": { "texture": "#1", "uv": [ 7.0, 7.0, 12.599999994039536, 8.399999991059303 ] },
                "down": { "texture": "#1", "uv": [ 4.0, 5.0, 9.599999994039536, 6.399999991059303 ] }
            }
        },
        {
            "name": "midiron4",
            "from": [ 10.900000013411045, 8.699999995529652, 6.899999998509884 ], 
            "to": [ 13.900000013411045, 10.300000004470348, 9.100000001490116 ], 
            "faces": {
                "north": { "texture": "#1", "uv": [ 12.0, 7.0, 15.0, 8.600000008940697 ] },
                "east": { "texture": "#1", "uv": [ 10.0, 12.0, 12.200000002980232, 13.600000008940697 ] },
                "south": { "texture": "#1", "uv": [ 11.0, 11.0, 14.0, 12.600000008940697 ] },
                "west": { "texture": "#1", "uv": [ 1.0, 14.0, 3.2000000029802322, 15.600000008940697 ] },
                "up": { "texture": "#1", "uv": [ 11.0, 9.0, 14.0, 11.200000002980232 ] },
                "down": { "texture": "#1", "uv": [ 6.0, 11.0, 9.0, 13.200000002980232 ] }
            }
        },
        {
            "name": "midiron5",
            "from": [ 10.900000013411045, 7.699999995529652, 7.0 ], 
            "to": [ 11.700000010430813, 8.300000004470348, 9.0 ], 
            "faces": {
                "north": { "texture": "#1", "uv": [ 5.0, 6.0, 6.0, 6.600000008940697 ] },
                "east": { "texture": "#1", "uv": [ 8.0, 7.0, 10.0, 7.600000008940697 ] },
                "south": { "texture": "#1", "uv": [ 6.0, 5.0, 7.0, 5.600000008940697 ] },
                "west": { "texture": "#1", "uv": [ 10.0, 5.0, 12.0, 5.600000008940697 ] },
                "up": { "texture": "#1", "uv": [ 8.0, 4.0, 9.0, 6.0 ] },
                "down": { "texture": "#1", "uv": [ 7.0, 7.0, 8.0, 9.0 ] }
            }
        },
        {
            "name": "head1",
            "from": [ 15.0, 9.199999988079071, 6.0 ], 
            "to": [ 31.0, 9.999999985098839, 6.799999997019768 ], 
            "rotation": { "origin": [ 8.0, 8.0, 8.0 ], "axis": "x", "angle": 45.0 },
            "faces": {
                "north": { "texture": "#2", "uv": [ 0.0, 0.0, 16.0, 0.7999999970197678 ] },
                "east": { "texture": "#2", "uv": [ 0.0, 0.0, 0.7999999970197678, 0.7999999970197678 ] },
                "south": { "texture": "#2", "uv": [ 0.0, 0.0, 16.0, 0.7999999970197678 ] },
                "west": { "texture": "#2", "uv": [ 0.0, 0.0, 0.7999999970197678, 0.7999999970197678 ] },
                "up": { "texture": "#2", "uv": [ 0.0, 0.0, 16.0, 0.7999999970197678 ] },
                "down": { "texture": "#2", "uv": [ 0.0, 0.0, 16.0, 0.7999999970197678 ] }
            }
        },
        {
            "name": "head2",
            "from": [ 15.0, 8.399999991059303, 6.799999997019768 ], 
            "to": [ 30.49999999254942, 9.199999988079071, 7.5999999940395355 ], 
            "rotation": { "origin": [ 8.0, 8.0, 8.0 ], "axis": "x", "angle": 45.0 },
            "faces": {
                "north": { "texture": "#2", "uv": [ 0.0, 0.0, 15.49999999254942, 0.7999999970197678 ] },
                "east": { "texture": "#2", "uv": [ 0.0, 0.0, 0.7999999970197678, 0.7999999970197678 ] },
                "south": { "texture": "#2", "uv": [ 0.0, 0.0, 15.49999999254942, 0.7999999970197678 ] },
                "west": { "texture": "#2", "uv": [ 0.0, 0.0, 0.7999999970197678, 0.7999999970197678 ] },
                "up": { "texture": "#2", "uv": [ 0.0, 0.0, 15.49999999254942, 0.7999999970197678 ] },
                "down": { "texture": "#2", "uv": [ 0.0, 0.0, 15.49999999254942, 0.7999999970197678 ] }
            }
        },
        {
            "name": "head3",
            "from": [ 16.00000001490116, 8.299999989569187, 7.0 ], 
            "to": [ 20.00000001490116, 9.899999998509884, 9.0 ], 
            "faces": {
                "north": { "texture": "#0", "uv": [ 7.0, 3.0, 13.0, 5.4000000059604645 ] },
                "east": { "texture": "#0", "uv": [ 12.0, 10.0, 14.0, 12.400000005960464 ] },
                "south": { "texture": "#0", "uv": [ 7.0, 9.0, 13.0, 11.400000005960464 ] },
                "west": { "texture": "#0", "uv": [ 10.0, 6.0, 12.0, 8.400000005960464 ] },
                "up": { "texture": "#0", "uv": [ 3.0, 7.0, 9.0, 9.0 ] },
                "down": { "texture": "#0", "uv": [ 3.0, 11.0, 9.0, 13.0 ] }
            }
        },
        {
            "name": "head4",
            "from": [ 20.0, 8.799999982118607, 7.0 ], 
            "to": [ 24.0, 9.899999983608723, 9.0 ], 
            "faces": {
                "north": { "texture": "#0", "uv": [ 7.0, 3.0, 13.0, 5.4000000059604645 ] },
                "east": { "texture": "#0", "uv": [ 0.0, 0.0, 2.0, 2.4000000059604645 ] },
                "south": { "texture": "#0", "uv": [ 0.0, 0.0, 6.0, 2.4000000059604645 ] },
                "west": { "texture": "#0", "uv": [ 0.0, 0.0, 2.0, 2.4000000059604645 ] },
                "up": { "texture": "#0", "uv": [ 0.0, 0.0, 6.0, 2.0 ] },
                "down": { "texture": "#0", "uv": [ 0.0, 0.0, 6.0, 2.0 ] }
            }
        },
        {
            "name": "head5",
            "from": [ 21.50000000745058, 2.6999999806284904, 7.100000001490116 ], 
            "to": [ 22.899999998509884, 3.299999974668026, 8.899999998509884 ], 
            "rotation": { "origin": [ 8.0, 8.0, 8.0 ], "axis": "z", "angle": 22.5 },
            "faces": {
                "north": { "texture": "#0", "uv": [ 7.0, 6.0, 13.0, 8.400000005960464 ] },
                "east": { "texture": "#0", "uv": [ 9.0, 7.0, 11.0, 9.400000005960464 ] },
                "south": { "texture": "#0", "uv": [ 10.0, 11.0, 16.0, 13.400000005960464 ] },
                "west": { "texture": "#0", "uv": [ 10.0, 7.0, 12.0, 9.400000005960464 ] },
                "up": { "texture": "#0", "uv": [ 3.0, 6.0, 9.0, 8.0 ] },
                "down": { "texture": "#0", "uv": [ 7.0, 8.0, 13.0, 10.0 ] }
            }
        },
        {
            "name": "head6",
            "from": [ 20.00000001490116, 8.299999989569187, 7.0 ], 
            "to": [ 22.600000008940697, 8.799999997019768, 9.0 ], 
            "faces": {
                "north": { "texture": "#0", "uv": [ 5.0, 5.0, 11.0, 7.4000000059604645 ] },
                "east": { "texture": "#0", "uv": [ 6.0, 13.0, 8.0, 15.400000005960464 ] },
                "south": { "texture": "#0", "uv": [ 2.0, 12.0, 8.0, 14.400000005960464 ] },
                "west": { "texture": "#0", "uv": [ 2.0, 7.0, 4.0, 9.400000005960464 ] },
                "up": { "texture": "#0", "uv": [ 3.0, 10.0, 9.0, 12.0 ] },
                "down": { "texture": "#0", "uv": [ 8.0, 13.0, 14.0, 15.0 ] }
            }
        },
        {
            "name": "handle1",
            "from": [ 9.0, 6.399999991059303, 7.699999995529652 ], 
            "to": [ 9.299999989569187, 7.399999991059303, 8.299999989569187 ], 
            "rotation": { "origin": [ 8.0, 8.0, 8.0 ], "axis": "z", "angle": 45.0 },
            "faces": {
                "north": { "texture": "#2", "uv": [ 0.0, 0.0, 0.29999998956918716, 1.0 ] },
                "east": { "texture": "#2", "uv": [ 0.0, 0.0, 0.5999999940395355, 1.0 ] },
                "south": { "texture": "#2", "uv": [ 0.0, 0.0, 0.29999998956918716, 1.0 ] },
                "west": { "texture": "#2", "uv": [ 0.0, 0.0, 0.5999999940395355, 1.0 ] },
                "up": { "texture": "#2", "uv": [ 0.0, 0.0, 0.29999998956918716, 0.5999999940395355 ] },
                "down": { "texture": "#2", "uv": [ 0.0, 0.0, 0.29999998956918716, 0.5999999940395355 ] }
            }
        },
        {
            "name": "handle2",
            "from": [ 9.0, 5.5999999940395355, 7.699999995529652 ], 
            "to": [ 10.0, 5.899999983608723, 8.299999989569187 ], 
            "rotation": { "origin": [ 8.0, 8.0, 8.0 ], "axis": "z", "angle": 45.0 },
            "faces": {
                "north": { "texture": "#2", "uv": [ 0.0, 0.0, 1.0, 0.29999998956918716 ] },
                "east": { "texture": "#2", "uv": [ 0.0, 0.0, 0.5999999940395355, 0.29999998956918716 ] },
                "south": { "texture": "#2", "uv": [ 0.0, 0.0, 1.0, 0.29999998956918716 ] },
                "west": { "texture": "#2", "uv": [ 0.0, 0.0, 0.5999999940395355, 0.29999998956918716 ] },
                "up": { "texture": "#2", "uv": [ 0.0, 0.0, 1.0, 0.5999999940395355 ] },
                "down": { "texture": "#2", "uv": [ 0.0, 0.0, 1.0, 0.5999999940395355 ] }
            }
        },
        {
            "name": "handle4",
            "from": [ 8.599999994039536, 6.500000007450581, 7.699999995529652 ], 
            "to": [ 8.899999983608723, 7.899999998509884, 8.299999989569187 ], 
            "rotation": { "origin": [ 8.0, 8.0, 8.0 ], "axis": "z", "angle": 22.5 },
            "faces": {
                "north": { "texture": "#2", "uv": [ 0.0, 0.0, 1.0, 0.29999998956918716 ] },
                "east": { "texture": "#2", "uv": [ 0.0, 0.0, 0.5999999940395355, 0.29999998956918716 ] },
                "south": { "texture": "#2", "uv": [ 0.0, 0.0, 1.0, 0.29999998956918716 ] },
                "west": { "texture": "#2", "uv": [ 0.0, 0.0, 0.5999999940395355, 0.29999998956918716 ] },
                "up": { "texture": "#2", "uv": [ 0.0, 0.0, 1.0, 0.5999999940395355 ] },
                "down": { "texture": "#2", "uv": [ 0.0, 0.0, 1.0, 0.5999999940395355 ] }
            }
        },
        {
            "name": "handle3",
            "from": [ 6.899999998509884, 6.200000002980232, 7.699999995529652 ], 
            "to": [ 9.899999998509884, 6.499999992549419, 8.299999989569187 ], 
            "rotation": { "origin": [ 8.0, 8.0, 8.0 ], "axis": "z", "angle": 22.5 },
            "faces": {
                "north": { "texture": "#2", "uv": [ 0.0, 0.0, 1.0, 0.29999998956918716 ] },
                "east": { "texture": "#2", "uv": [ 0.0, 0.0, 0.5999999940395355, 0.29999998956918716 ] },
                "south": { "texture": "#2", "uv": [ 0.0, 0.0, 1.0, 0.29999998956918716 ] },
                "west": { "texture": "#2", "uv": [ 0.0, 0.0, 0.5999999940395355, 0.29999998956918716 ] },
                "up": { "texture": "#2", "uv": [ 0.0, 0.0, 1.0, 0.5999999940395355 ] },
                "down": { "texture": "#2", "uv": [ 0.0, 0.0, 1.0, 0.5999999940395355 ] }
            }
        },
        {
            "name": "handle5",
            "from": [ 6.5999999940395355, 6.500000007450581, 7.699999995529652 ], 
            "to": [ 6.899999983608723, 7.899999998509884, 8.299999989569187 ], 
            "rotation": { "origin": [ 8.0, 8.0, 8.0 ], "axis": "z", "angle": 22.5 },
            "faces": {
                "north": { "texture": "#2", "uv": [ 0.0, 0.0, 1.0, 0.29999998956918716 ] },
                "east": { "texture": "#2", "uv": [ 0.0, 0.0, 0.5999999940395355, 0.29999998956918716 ] },
                "south": { "texture": "#2", "uv": [ 0.0, 0.0, 1.0, 0.29999998956918716 ] },
                "west": { "texture": "#2", "uv": [ 0.0, 0.0, 0.5999999940395355, 0.29999998956918716 ] },
                "up": { "texture": "#2", "uv": [ 0.0, 0.0, 1.0, 0.5999999940395355 ] },
                "down": { "texture": "#2", "uv": [ 0.0, 0.0, 1.0, 0.5999999940395355 ] }
            }
        },
        {
            "name": "handle6",
            "from": [ 6.899999998509884, 6.500000007450581, 7.699999995529652 ], 
            "to": [ 7.199999988079071, 6.799999997019768, 8.299999989569187 ], 
            "rotation": { "origin": [ 8.0, 8.0, 8.0 ], "axis": "z", "angle": 22.5 },
            "faces": {
                "north": { "texture": "#2", "uv": [ 0.0, 0.0, 1.0, 0.29999998956918716 ] },
                "east": { "texture": "#2", "uv": [ 0.0, 0.0, 0.5999999940395355, 0.29999998956918716 ] },
                "south": { "texture": "#2", "uv": [ 0.0, 0.0, 1.0, 0.29999998956918716 ] },
                "west": { "texture": "#2", "uv": [ 0.0, 0.0, 0.5999999940395355, 0.29999998956918716 ] },
                "up": { "texture": "#2", "uv": [ 0.0, 0.0, 1.0, 0.5999999940395355 ] },
                "down": { "texture": "#2", "uv": [ 0.0, 0.0, 1.0, 0.5999999940395355 ] }
            }
        },
        {
            "name": "handle7",
            "from": [ 8.899999998509884, 6.500000007450581, 7.699999995529652 ], 
            "to": [ 9.199999988079071, 6.799999997019768, 8.299999989569187 ], 
            "rotation": { "origin": [ 8.0, 8.0, 8.0 ], "axis": "z", "angle": 22.5 },
            "faces": {
                "north": { "texture": "#2", "uv": [ 0.0, 0.0, 1.0, 0.29999998956918716 ] },
                "east": { "texture": "#2", "uv": [ 0.0, 0.0, 0.5999999940395355, 0.29999998956918716 ] },
                "south": { "texture": "#2", "uv": [ 0.0, 0.0, 1.0, 0.29999998956918716 ] },
                "west": { "texture": "#2", "uv": [ 0.0, 0.0, 0.5999999940395355, 0.29999998956918716 ] },
                "up": { "texture": "#2", "uv": [ 0.0, 0.0, 1.0, 0.5999999940395355 ] },
                "down": { "texture": "#2", "uv": [ 0.0, 0.0, 1.0, 0.5999999940395355 ] }
            }
        },
        {
            "name": "handle8",
            "from": [ 8.300000004470348, 6.500000007450581, 7.699999995529652 ], 
            "to": [ 8.599999994039536, 6.799999997019768, 8.299999989569187 ], 
            "rotation": { "origin": [ 8.0, 8.0, 8.0 ], "axis": "z", "angle": 22.5 },
            "faces": {
                "north": { "texture": "#2", "uv": [ 0.0, 0.0, 1.0, 0.29999998956918716 ] },
                "east": { "texture": "#2", "uv": [ 0.0, 0.0, 0.5999999940395355, 0.29999998956918716 ] },
                "south": { "texture": "#2", "uv": [ 0.0, 0.0, 1.0, 0.29999998956918716 ] },
                "west": { "texture": "#2", "uv": [ 0.0, 0.0, 0.5999999940395355, 0.29999998956918716 ] },
                "up": { "texture": "#2", "uv": [ 0.0, 0.0, 1.0, 0.5999999940395355 ] },
                "down": { "texture": "#2", "uv": [ 0.0, 0.0, 1.0, 0.5999999940395355 ] }
            }
        },
        {
            "name": "detail1",
            "from": [ 10.50000000745058, 9.600000008940697, 7.699999995529652 ], 
            "to": [ 10.799999997019768, 10.700000010430813, 8.299999989569187 ], 
            "rotation": { "origin": [ 8.0, 8.0, 8.0 ], "axis": "z", "angle": 22.5 },
            "faces": {
                "north": { "texture": "#2", "uv": [ 0.0, 0.0, 0.29999998956918716, 1.2000000029802322 ] },
                "east": { "texture": "#2", "uv": [ 0.0, 0.0, 0.5999999940395355, 1.2000000029802322 ] },
                "south": { "texture": "#2", "uv": [ 0.0, 0.0, 0.29999998956918716, 1.2000000029802322 ] },
                "west": { "texture": "#2", "uv": [ 0.0, 0.0, 0.5999999940395355, 1.2000000029802322 ] },
                "up": { "texture": "#2", "uv": [ 0.0, 0.0, 0.29999998956918716, 0.5999999940395355 ] },
                "down": { "texture": "#2", "uv": [ 0.0, 0.0, 0.29999998956918716, 0.5999999940395355 ] }
            }
        },
        {
            "name": "detail2",
            "from": [ 9.500000022351742, 9.600000008940697, 7.699999995529652 ], 
            "to": [ 10.50000000745058, 9.900000013411045, 8.299999989569187 ], 
            "rotation": { "origin": [ 8.0, 8.0, 8.0 ], "axis": "z", "angle": 22.5 },
            "faces": {
                "north": { "texture": "#2", "uv": [ 0.0, 0.0, 0.29999998956918716, 1.2000000029802322 ] },
                "east": { "texture": "#2", "uv": [ 0.0, 0.0, 0.5999999940395355, 1.2000000029802322 ] },
                "south": { "texture": "#2", "uv": [ 0.0, 0.0, 0.29999998956918716, 1.2000000029802322 ] },
                "west": { "texture": "#2", "uv": [ 0.0, 0.0, 0.5999999940395355, 1.2000000029802322 ] },
                "up": { "texture": "#2", "uv": [ 0.0, 0.0, 0.29999998956918716, 0.5999999940395355 ] },
                "down": { "texture": "#2", "uv": [ 0.0, 0.0, 0.29999998956918716, 0.5999999940395355 ] }
            }
        },
        {
            "name": "scope1",
            "from": [ 17.500000022351742, 10.300000004470348, 7.699999995529652 ], 
            "to": [ 20.50000000745058, 10.899999998509884, 8.299999989569187 ], 
            "faces": {
                "north": { "texture": "#2", "uv": [ 0.0, 0.0, 0.29999998956918716, 1.2000000029802322 ] },
                "east": { "texture": "#2", "uv": [ 0.0, 0.0, 0.5999999940395355, 1.2000000029802322 ] },
                "south": { "texture": "#2", "uv": [ 0.0, 0.0, 0.29999998956918716, 1.2000000029802322 ] },
                "west": { "texture": "#2", "uv": [ 0.0, 0.0, 0.5999999940395355, 1.2000000029802322 ] },
                "up": { "texture": "#2", "uv": [ 0.0, 0.0, 0.29999998956918716, 0.5999999940395355 ] },
                "down": { "texture": "#2", "uv": [ 0.0, 0.0, 0.29999998956918716, 0.5999999940395355 ] }
            }
        },
        {
            "name": "scope2",
            "from": [ 18.500000022351742, 10.50000000745058, 8.799999997019768 ], 
            "to": [ 18.599999994039536, 11.200000002980232, 9.099999986588955 ], 
            "rotation": { "origin": [ 8.0, 8.0, 8.0 ], "axis": "x", "angle": -22.5 },
            "faces": {
                "north": { "texture": "#2", "uv": [ 0.0, 0.0, 0.29999998956918716, 1.2000000029802322 ] },
                "east": { "texture": "#2", "uv": [ 0.0, 0.0, 0.5999999940395355, 1.2000000029802322 ] },
                "south": { "texture": "#2", "uv": [ 0.0, 0.0, 0.29999998956918716, 1.2000000029802322 ] },
                "west": { "texture": "#2", "uv": [ 0.0, 0.0, 0.5999999940395355, 1.2000000029802322 ] },
                "up": { "texture": "#2", "uv": [ 0.0, 0.0, 0.29999998956918716, 0.5999999940395355 ] },
                "down": { "texture": "#2", "uv": [ 0.0, 0.0, 0.29999998956918716, 0.5999999940395355 ] }
            }
        },
        {
            "name": "scope3",
            "from": [ 18.500000022351742, 10.50000000745058, 6.899999998509884 ], 
            "to": [ 18.599999994039536, 11.200000002980232, 7.199999988079071 ], 
            "rotation": { "origin": [ 8.0, 8.0, 8.0 ], "axis": "x", "angle": 22.5 },
            "faces": {
                "north": { "texture": "#2", "uv": [ 0.0, 0.0, 0.29999998956918716, 1.2000000029802322 ] },
                "east": { "texture": "#2", "uv": [ 0.0, 0.0, 0.5999999940395355, 1.2000000029802322 ] },
                "south": { "texture": "#2", "uv": [ 0.0, 0.0, 0.29999998956918716, 1.2000000029802322 ] },
                "west": { "texture": "#2", "uv": [ 0.0, 0.0, 0.5999999940395355, 1.2000000029802322 ] },
                "up": { "texture": "#2", "uv": [ 0.0, 0.0, 0.29999998956918716, 0.5999999940395355 ] },
                "down": { "texture": "#2", "uv": [ 0.0, 0.0, 0.29999998956918716, 0.5999999940395355 ] }
            }
        },
        {
            "name": "scopeend1",
            "from": [ 29.500000022351742, 10.300000004470348, 7.799999997019768 ], 
            "to": [ 29.899999998509884, 11.0, 8.199999988079071 ], 
            "faces": {
                "north": { "texture": "#2", "uv": [ 0.0, 0.0, 0.29999998956918716, 1.2000000029802322 ] },
                "east": { "texture": "#2", "uv": [ 0.0, 0.0, 0.5999999940395355, 1.2000000029802322 ] },
                "south": { "texture": "#2", "uv": [ 0.0, 0.0, 0.29999998956918716, 1.2000000029802322 ] },
                "west": { "texture": "#2", "uv": [ 0.0, 0.0, 0.5999999940395355, 1.2000000029802322 ] },
                "up": { "texture": "#2", "uv": [ 0.0, 0.0, 0.29999998956918716, 0.5999999940395355 ] },
                "down": { "texture": "#2", "uv": [ 0.0, 0.0, 0.29999998956918716, 0.5999999940395355 ] }
            }
        },
        {
            "name": "scopeend2",
            "from": [ 29.500000022351742, 11.0, 7.899999998509884 ], 
            "to": [ 29.899999998509884, 11.399999991059303, 8.099999986588955 ], 
            "faces": {
                "north": { "texture": "#2", "uv": [ 0.0, 0.0, 0.29999998956918716, 1.2000000029802322 ] },
                "east": { "texture": "#2", "uv": [ 0.0, 0.0, 0.5999999940395355, 1.2000000029802322 ] },
                "south": { "texture": "#2", "uv": [ 0.0, 0.0, 0.29999998956918716, 1.2000000029802322 ] },
                "west": { "texture": "#2", "uv": [ 0.0, 0.0, 0.5999999940395355, 1.2000000029802322 ] },
                "up": { "texture": "#2", "uv": [ 0.0, 0.0, 0.29999998956918716, 0.5999999940395355 ] },
                "down": { "texture": "#2", "uv": [ 0.0, 0.0, 0.29999998956918716, 0.5999999940395355 ] }
            }
        },
        {
            "name": "detail3",
            "from": [ 27.0, 8.299999989569187, 6.699999995529652 ], 
            "to": [ 27.599999994039536, 9.299999989569187, 7.699999995529652 ], 
            "rotation": { "origin": [ 8.0, 8.0, 8.0 ], "axis": "x", "angle": 45.0 },
            "faces": {
                "north": { "texture": "#2", "uv": [ 0.0, 0.0, 15.49999999254942, 0.7999999970197678 ] },
                "east": { "texture": "#2", "uv": [ 0.0, 0.0, 0.7999999970197678, 0.7999999970197678 ] },
                "south": { "texture": "#2", "uv": [ 0.0, 0.0, 15.49999999254942, 0.7999999970197678 ] },
                "west": { "texture": "#2", "uv": [ 0.0, 0.0, 0.7999999970197678, 0.7999999970197678 ] },
                "up": { "texture": "#2", "uv": [ 0.0, 0.0, 15.49999999254942, 0.7999999970197678 ] },
                "down": { "texture": "#2", "uv": [ 0.0, 0.0, 15.49999999254942, 0.7999999970197678 ] }
            }
        },
        {
            "name": "detail4",
            "from": [ 12.899999983608723, 9.0, 6.700000010430813 ], 
            "to": [ 13.69999998062849, 9.399999991059303, 6.899999998509884 ], 
            "faces": {
                "north": { "texture": "#2", "uv": [ 0.0, 0.0, 0.7999999970197678, 0.3999999910593033 ] },
                "east": { "texture": "#2", "uv": [ 0.0, 0.0, 0.19999998807907104, 0.3999999910593033 ] },
                "south": { "texture": "#2", "uv": [ 0.0, 0.0, 0.7999999970197678, 0.3999999910593033 ] },
                "west": { "texture": "#2", "uv": [ 0.0, 0.0, 0.19999998807907104, 0.3999999910593033 ] },
                "up": { "texture": "#2", "uv": [ 0.0, 0.0, 0.7999999970197678, 0.19999998807907104 ] },
                "down": { "texture": "#2", "uv": [ 0.0, 0.0, 0.7999999970197678, 0.19999998807907104 ] }
            }
        }
    ]
}