{
    "parent": "item/handheld",
    "textures": {
        "layer0": "items/bow_standby"
    },
    "display": {
        "thirdperson_righthand": {
            "rotation": [ -80, 260, -40 ],
            "translation": [ -1, 2, 0.5 ],
            "scale": [ 0.9, 0.9, 0.9 ]
        },
        "thirdperson_lefthand": {
            "rotation": [ -80, -280, 40 ],
            "translation": [ -1, 2, 0.5 ],
            "scale": [ 0.9, 0.9, 0.9 ]
        },
        "firstperson_righthand": {
            "rotation": [ 0, -90, 25 ],
            "translation": [ 1.13, 3.2, 1.13],
            "scale": [ 0.68, 0.68, 0.68 ]
        },
        "firstperson_lefthand": {
            "rotation": [ 0, 90, -25 ],
            "translation": [ 1.13, 3.2, 1.13],
            "scale": [ 0.68, 0.68, 0.68 ]
        }
    },
    "overrides": [
        {
            "predicate": {
                "damaged": 1,
				"damage": 0.0
            },
            "model": "item/bow"
        },
		{
            "predicate": {
                "damaged": 0,
				"damage": 0.0
            },
            "model": "item/ar15/ar15_unscoped"
        },
		{
            "predicate": {
                "damaged": 0,
				"damage": 0.00297619047
            },
            "model": "item/ar15/client_ar15_scoped"
        },
		{
            "predicate": {
                "damaged": 0,
				"damage": 0.00591715976
            },
            "model": "item/aa12/aa12_unscoped"
        },
		{
		    "predicate": {
                "damaged": 0,
				"damage": 0.00892857142
            },
            "model": "item/aa12/client_aa12_scoped"
		},
		{
		    "predicate": {
                "damaged": 0,
				"damage": 0.0119047619047619
            },
            "model": "item/rpr/rpr_unscoped"
		},
		{
		    "predicate": {
                "damaged": 0,
				"damage": 0.0148809523809524
            },
            "model": "item/rpr/client_rpr_scoped"
		},
		{
		    "predicate": {
                "damaged": 0,
				"damage": 0.0178571428571429
            },
            "model": "item/remington870/remington870_unscoped"
		},
		{
		    "predicate": {
                "damaged": 0,
				"damage": 0.0208333333333333
            },
            "model": "item/remington870/client_remington870_scoped"
		},
		{
		    "predicate": {
                "damaged": 0,
				"damage": 0.023809523809523808
            },
            "model": "item/at4/at4_unscoped"
		},
		{
		    "predicate": {
                "damaged": 0,
				"damage": 0.026785714285714284
            },
            "model": "item/at4/client_at4_scoped"
		},
		{
		    "predicate": {
                "damaged": 0,
				"damage": 0.02976190476190476
            },
            "model": "item/m79/m79_unscoped"
		},
		{
		    "predicate": {
                "damaged": 0,
				"damage": 0.03273809523809523
            },
            "model": "item/m79/client_m79_scoped"
		},
		{
		    "predicate": {
                "damaged": 0,
				"damage": 0.03571428571428571
            },
            "model": "item/m249/m249_unscoped"
		},
		{
		    "predicate": {
                "damaged": 0,
				"damage": 0.03869047619047619
            },
            "model": "item/m249/client_m249_scoped"
		},
		{
		    "predicate": {
                "damaged": 0,
				"damage": 0.041666666666666664
            },
            "model": "item/p90/p90_unscoped"
		},
		{
		    "predicate": {
                "damaged": 0,
				"damage": 0.04464285714285714
            },
            "model": "item/p90/client_p90_scoped"
		},
		{
		    "predicate": {
                "damaged": 0,
				"damage": 0.047619047619047616
            },
            "model": "item/usp/usp_unscoped"
		},
		{
		    "predicate": {
                "damaged": 0,
				"damage": 0.050595238095238096
            },
            "model": "item/usp/client_usp_scoped"
		},
		{
		    "predicate": {
                "damaged": 0,
				"damage": 0.05357142857142857
            },
            "model": "item/m67/m67"
		},
        {
            "predicate": {
                "damaged": 0,
				"damage": 0.05654761904761904
            },
            "model": "item/m29/m29_unscoped"
        },
        {
            "predicate": {
                "damaged": 0,
				"damage": 0.05952380952380952
            },
            "model": "item/m29/client_m29_scoped"
        },
        {
            "predicate": {
                "damaged": 0,
				"damage": 0.0625
            },
            "model": "item/m134/m134"
        },
        {
            "predicate": {
                "damaged": 0,
				"damage": 0.06547619047619047
            },
            "model": "item/famas/famas_unscoped"
        },
        {
            "predicate": {
                "damaged": 0,
				"damage": 0.06845238095238095
            },
            "model": "item/famas/client_famas_scoped"
        },
        {
            "predicate": {
                "damaged": 0,
				"damage": 0.0714285714285714
            },
            "model": "item/desert_eagle/desert_eagle_unscoped"
        },
        {
            "predicate": {
                "damaged": 0,
				"damage": 0.0744047619047619
            },
            "model": "item/desert_eagle/client_desert_eagle_scoped"
        },
        {
            "predicate": {
                "damaged": 0,
				"damage": 0.07738095238095238
            },
            "model": "item/laser_rifle/laser_rifle_unscoped"
        },
        {
            "predicate": {
                "damaged": 0,
				"damage": 0.08035714285714285
            },
            "model": "item/laser_rifle/client_laser_rifle_scoped"
        },
        {
            "predicate": {
                "damaged": 0,
				"damage": 0.08333333333333333
            },
            "model": "item/laser_rifle_2/laser_rifle_2_unscoped"
        },
        {
            "predicate": {
                "damaged": 0,
				"damage": 0.08630952380952381
            },
            "model": "item/laser_rifle_2/client_laser_rifle_2_scoped"
        },
        {
            "predicate": {
                "damaged": 0,
				"damage": 0.08928571428571427
            },
            "model": "item/laser_pistol/laser_pistol_unscoped"
        },
        {
            "predicate": {
                "damaged": 0,
				"damage": 0.09226190476190475
            },
            "model": "item/laser_pistol/client_laser_pistol_scoped"
        },
		{
            "predicate": {
                "damaged": 0,
				"damage": 0.09523809523809523
            },
            "model": "item/garand/garand_unscoped"
        },
        {
            "predicate": {
                "damaged": 0,
				"damage": 0.09821428571428571
            },
            "model": "item/garand/client_garand_scoped"
        },
		{
            "predicate": {
                "damaged": 0,
				"damage": 0.10119047619047619
            },
            "model": "item/mp44/mp44_unscoped"
        },
        {
            "predicate": {
                "damaged": 0,
				"damage": 0.10416666666666666
            },
            "model": "item/mp44/client_mp44_scoped"
        }
	]
}