{
	"credit": "Made with Blockbench",
	"textures": {
		"0": "custom/anvil_top_damaged_0",
		"1": "custom/brushed-metal",
		"2": "custom/black-metal",
		"particle": "custom/anvil_top_damaged_0"
	},
	"elements": [
		{
			"from": [6, -0.5, 7],
			"to": [18.25, 4.5, 10],
			"faces": {
				"north": {"uv": [0, 0, 12.25, 5], "texture": "#2"},
				"east": {"uv": [0, 0, 3, 5], "texture": "#2"},
				"south": {"uv": [0, 0, 12.25, 5], "texture": "#2"},
				"west": {"uv": [0, 0, 3, 5], "texture": "#2"},
				"up": {"uv": [0, 0, 12.25, 3], "texture": "#2"},
				"down": {"uv": [0, 0, 12.25, 3], "texture": "#2"}
			}
		},
		{
			"from": [-10, 2.25, 8.2],
			"to": [6, 2.5, 8.8],
			"faces": {
				"north": {"uv": [0, 0, 16, 0.25], "texture": "#2"},
				"east": {"uv": [0, 0, 0.6, 0.25], "texture": "#2"},
				"south": {"uv": [0, 0, 16, 0.25], "texture": "#2"},
				"west": {"uv": [0, 0, 0.6, 0.25], "texture": "#2"},
				"up": {"uv": [0, 0, 16, 0.6], "texture": "#2"},
				"down": {"uv": [0, 0, 16, 0.6], "texture": "#2"}
			}
		},
		{
			"from": [-10, 3.75, 8.2],
			"to": [6, 4, 8.8],
			"faces": {
				"north": {"uv": [0, 14, 16, 14.6], "texture": "#1"},
				"east": {"uv": [0, 0, 0.6, 0.25], "texture": "#1"},
				"south": {"uv": [0, 14, 16, 14.6], "texture": "#1"},
				"west": {"uv": [0, 0, 0.6, 0.25], "texture": "#1"},
				"up": {"uv": [0, 0, 16, 0.6], "texture": "#1"},
				"down": {"uv": [0, 14, 16, 14.25], "texture": "#1"}
			}
		},
		{
			"from": [-10, 2.825, 9.125],
			"to": [6, 3.425, 9.375],
			"rotation": {"angle": 0, "axis": "x", "origin": [-3.5, 3.125, 9.25]},
			"faces": {
				"north": {"uv": [0, 14, 16, 14.6], "texture": "#1", "rotation": 180},
				"east": {"uv": [0, 0, 0.6, 0.25], "texture": "#1", "rotation": 270},
				"south": {"uv": [0, 14, 16, 14.6], "texture": "#1"},
				"west": {"uv": [0, 0, 0.6, 0.25], "texture": "#1", "rotation": 90},
				"up": {"uv": [0, 0, 16, 0.25], "texture": "#1", "rotation": 180},
				"down": {"uv": [0, 14, 16, 14.25], "texture": "#1"}
			}
		},
		{
			"from": [-10, 2.825, 7.625],
			"to": [6, 3.425, 7.875],
			"rotation": {"angle": 0, "axis": "x", "origin": [-3.5, 3.125, 7.75]},
			"faces": {
				"north": {"uv": [0, 14, 16, 14.6], "texture": "#1", "rotation": 180},
				"east": {"uv": [0, 0, 0.6, 0.25], "texture": "#1", "rotation": 270},
				"south": {"uv": [0, 14, 16, 14.6], "texture": "#1"},
				"west": {"uv": [0, 0, 0.6, 0.25], "texture": "#1", "rotation": 90},
				"up": {"uv": [0, 0, 16, 0.25], "texture": "#1", "rotation": 180},
				"down": {"uv": [0, 14, 16, 14.25], "texture": "#1"}
			}
		},
		{
			"from": [-10, 3.5, 8.6],
			"to": [6, 3.75, 9.4],
			"rotation": {"angle": 45, "axis": "x", "origin": [-3.5, 3.625, 9]},
			"faces": {
				"north": {"uv": [0, 14, 16, 14.6], "texture": "#1"},
				"east": {"uv": [0, 0, 0.8, 0.25], "texture": "#1"},
				"south": {"uv": [0, 14, 16, 14.6], "texture": "#1"},
				"west": {"uv": [0, 0, 0.8, 0.25], "texture": "#1"},
				"up": {"uv": [0, 0, 16, 0.8], "texture": "#1"},
				"down": {"uv": [0, 14, 16, 14.25], "texture": "#1"}
			}
		},
		{
			"from": [-10, 3.5, 7.6],
			"to": [6, 3.75, 8.4],
			"rotation": {"angle": -45, "axis": "x", "origin": [-3.5, 3.625, 8]},
			"faces": {
				"north": {"uv": [0, 14, 16, 14.6], "texture": "#1"},
				"east": {"uv": [0, 0, 0.8, 0.25], "texture": "#1"},
				"south": {"uv": [0, 14, 16, 14.6], "texture": "#1"},
				"west": {"uv": [0, 0, 0.8, 0.25], "texture": "#1"},
				"up": {"uv": [0, 0, 16, 0.8], "texture": "#1"},
				"down": {"uv": [0, 14, 16, 14.25], "texture": "#1"}
			}
		},
		{
			"from": [-10, 2.5, 7.6],
			"to": [6, 2.75, 8.4],
			"rotation": {"angle": 45, "axis": "x", "origin": [-3.5, 2.625, 8]},
			"faces": {
				"north": {"uv": [0, 14, 16, 14.6], "texture": "#1"},
				"east": {"uv": [0, 0, 0.8, 0.25], "texture": "#1"},
				"south": {"uv": [0, 14, 16, 14.6], "texture": "#1"},
				"west": {"uv": [0, 0, 0.8, 0.25], "texture": "#1"},
				"up": {"uv": [0, 0, 16, 0.8], "texture": "#1"},
				"down": {"uv": [0, 14, 16, 14.25], "texture": "#1"}
			}
		},
		{
			"from": [-10, 2.5, 8.6],
			"to": [6, 2.75, 9.4],
			"rotation": {"angle": -45, "axis": "x", "origin": [-3.5, 2.625, 9]},
			"faces": {
				"north": {"uv": [0, 14, 16, 14.6], "texture": "#1"},
				"east": {"uv": [0, 0, 0.8, 0.25], "texture": "#1"},
				"south": {"uv": [0, 14, 16, 14.6], "texture": "#1"},
				"west": {"uv": [0, 0, 0.8, 0.25], "texture": "#1"},
				"up": {"uv": [0, 0, 16, 0.8], "texture": "#1"},
				"down": {"uv": [0, 14, 16, 14.25], "texture": "#1"}
			}
		},
		{
			"from": [-16, 3.75, 8.1],
			"to": [-10, 4.25, 8.9],
			"faces": {
				"north": {"uv": [0, 0, 6, 0.5], "texture": "#1"},
				"east": {"uv": [0, 0, 0.8, 0.5], "texture": "#1"},
				"south": {"uv": [0, 0, 6, 0.5], "texture": "#1"},
				"west": {"uv": [0, 0, 0.8, 0.5], "texture": "#1"},
				"up": {"uv": [0, 0, 6, 0.8], "texture": "#1"},
				"down": {"uv": [0, 0, 6, 0.8], "texture": "#1"}
			}
		},
		{
			"from": [-16, 3.5, 7.5],
			"to": [-10, 4, 8.5],
			"rotation": {"angle": -45, "axis": "x", "origin": [-3.5, 3.625, 8]},
			"faces": {
				"north": {"uv": [0, 0, 6, 0.5], "texture": "#1"},
				"east": {"uv": [0, 0, 1, 0.5], "texture": "#1"},
				"south": {"uv": [0, 0, 6, 0.5], "texture": "#1"},
				"west": {"uv": [0, 0, 1, 0.5], "texture": "#1"},
				"up": {"uv": [0, 0, 6, 1], "texture": "#1"},
				"down": {"uv": [0, 0, 6, 1], "texture": "#1"}
			}
		},
		{
			"from": [-16, 2.725, 7.375],
			"to": [-10, 3.525, 7.875],
			"rotation": {"angle": 0, "axis": "x", "origin": [-3.5, 3.125, 7.75]},
			"faces": {
				"north": {"uv": [0, 0, 6, 0.8], "texture": "#1", "rotation": 180},
				"east": {"uv": [0, 0, 0.8, 0.5], "texture": "#1", "rotation": 270},
				"south": {"uv": [0, 0, 6, 0.8], "texture": "#1"},
				"west": {"uv": [0, 0, 0.8, 0.5], "texture": "#1", "rotation": 90},
				"up": {"uv": [0, 0, 6, 0.5], "texture": "#1", "rotation": 180},
				"down": {"uv": [0, 0, 6, 0.5], "texture": "#1"}
			}
		},
		{
			"from": [-16, 2.25, 7.5],
			"to": [-10, 2.75, 8.5],
			"rotation": {"angle": 45, "axis": "x", "origin": [-3.5, 2.625, 8]},
			"faces": {
				"north": {"uv": [0, 0, 6, 0.5], "texture": "#1"},
				"east": {"uv": [0, 0, 1, 0.5], "texture": "#1"},
				"south": {"uv": [0, 0, 6, 0.5], "texture": "#1"},
				"west": {"uv": [0, 0, 1, 0.5], "texture": "#1"},
				"up": {"uv": [0, 0, 6, 1], "texture": "#1"},
				"down": {"uv": [0, 0, 6, 1], "texture": "#1"}
			}
		},
		{
			"from": [-16, 2, 8.1],
			"to": [-10, 2.5, 8.9],
			"faces": {
				"north": {"uv": [0, 0, 6, 0.5], "texture": "#1"},
				"east": {"uv": [0, 0, 0.8, 0.5], "texture": "#1"},
				"south": {"uv": [0, -0.5, 6, 0.5], "texture": "#1"},
				"west": {"uv": [0, 0, 0.8, 0.5], "texture": "#1"},
				"up": {"uv": [0, 0, 6, 0.8], "texture": "#1"},
				"down": {"uv": [0, 0, 6, 0.8], "texture": "#1"}
			}
		},
		{
			"from": [-16, 2.25, 8.5],
			"to": [-10, 2.75, 9.5],
			"rotation": {"angle": -45, "axis": "x", "origin": [-3.5, 2.625, 9]},
			"faces": {
				"north": {"uv": [0, 0, 6, 0.5], "texture": "#1"},
				"east": {"uv": [0, 0, 1, 0.5], "texture": "#1"},
				"south": {"uv": [0, 0, 6, 0.5], "texture": "#1"},
				"west": {"uv": [0, 0, 1, 0.5], "texture": "#1"},
				"up": {"uv": [0, 0, 6, 1], "texture": "#1"},
				"down": {"uv": [0, 0, 6, 1], "texture": "#1"}
			}
		},
		{
			"from": [-16, 2.725, 9.125],
			"to": [-10, 3.525, 9.625],
			"rotation": {"angle": 0, "axis": "x", "origin": [-3.5, 3.125, 9.25]},
			"faces": {
				"north": {"uv": [0, 0, 6, 0.8], "texture": "#1", "rotation": 180},
				"east": {"uv": [0, 0, 0.8, 0.5], "texture": "#1", "rotation": 270},
				"south": {"uv": [0, 0, 6, 0.8], "texture": "#1"},
				"west": {"uv": [0, 0, 0.8, 0.5], "texture": "#1", "rotation": 90},
				"up": {"uv": [0, 0, 6, 0.5], "texture": "#1", "rotation": 180},
				"down": {"uv": [0, 0, 6, 0.5], "texture": "#1"}
			}
		},
		{
			"from": [-16, 3.5, 8.5],
			"to": [-10, 4, 9.5],
			"rotation": {"angle": 45, "axis": "x", "origin": [-3.5, 3.625, 9]},
			"faces": {
				"north": {"uv": [0, 0, 6, 0.5], "texture": "#1"},
				"east": {"uv": [0, 0, 1, 0.5], "texture": "#1"},
				"south": {"uv": [0, 0, 6, 0.5], "texture": "#1"},
				"west": {"uv": [0, 0, 1, 0.5], "texture": "#1"},
				"up": {"uv": [0, 0, 6, 1], "texture": "#1"},
				"down": {"uv": [0, 0, 6, 1], "texture": "#1"}
			}
		},
		{
			"from": [-14, 0, 8.6],
			"to": [6, 0.25, 9.4],
			"rotation": {"angle": -45, "axis": "x", "origin": [-7.5, 0.125, 9]},
			"faces": {
				"north": {"uv": [0, 14, 16, 14.25], "texture": "#1"},
				"east": {"uv": [0, 0, 0.8, 0.25], "texture": "#1"},
				"south": {"uv": [0, 14, 16, 14.25], "texture": "#1"},
				"west": {"uv": [0, 0, 0.8, 0.25], "texture": "#1"},
				"up": {"uv": [0, 14, 16, 14.8], "texture": "#1"},
				"down": {"uv": [0, 14, 16, 14.8], "texture": "#1"}
			}
		},
		{
			"from": [-14, 0.325, 9.125],
			"to": [6, 0.925, 9.375],
			"rotation": {"angle": 0, "axis": "x", "origin": [-7.5, 0.625, 9.25]},
			"faces": {
				"north": {"uv": [0, 14, 16, 14.25], "texture": "#1", "rotation": 180},
				"east": {"uv": [0, 0, 0.6, 0.25], "texture": "#1", "rotation": 270},
				"south": {"uv": [0, 14, 16, 14.25], "texture": "#1"},
				"west": {"uv": [0, 0, 0.6, 0.25], "texture": "#1", "rotation": 90},
				"up": {"uv": [0, 14, 16, 14.8], "texture": "#1", "rotation": 180},
				"down": {"uv": [0, 14, 16, 14.8], "texture": "#1"}
			}
		},
		{
			"from": [-14, 1, 8.6],
			"to": [6, 1.25, 9.4],
			"rotation": {"angle": 45, "axis": "x", "origin": [-7.5, 1.125, 9]},
			"faces": {
				"north": {"uv": [0, 14, 16, 14.25], "texture": "#1"},
				"east": {"uv": [0, 0, 0.8, 0.25], "texture": "#1"},
				"south": {"uv": [0, 14, 16, 14.25], "texture": "#1"},
				"west": {"uv": [0, 0, 0.8, 0.25], "texture": "#1"},
				"up": {"uv": [0, 14, 16, 14.8], "texture": "#1"},
				"down": {"uv": [0, 14, 16, 14.8], "texture": "#1"}
			}
		},
		{
			"from": [-14, 1.25, 8.2],
			"to": [6, 1.5, 8.8],
			"faces": {
				"north": {"uv": [0, 14, 16, 14.25], "texture": "#1"},
				"east": {"uv": [0, 0, 0.6, 0.25], "texture": "#1"},
				"south": {"uv": [0, 14, 16, 14.25], "texture": "#1"},
				"west": {"uv": [0, 0, 0.6, 0.25], "texture": "#1"},
				"up": {"uv": [0, 14, 16, 14.8], "texture": "#1"},
				"down": {"uv": [0, 14, 16, 14.8], "texture": "#1"}
			}
		},
		{
			"from": [-14, 1, 7.6],
			"to": [6, 1.25, 8.4],
			"rotation": {"angle": -45, "axis": "x", "origin": [-7.5, 1.125, 8]},
			"faces": {
				"north": {"uv": [0, 14, 16, 14.25], "texture": "#1"},
				"east": {"uv": [0, 0, 0.8, 0.25], "texture": "#1"},
				"south": {"uv": [0, 14, 16, 14.25], "texture": "#1"},
				"west": {"uv": [0, 0, 0.8, 0.25], "texture": "#1"},
				"up": {"uv": [0, 14, 16, 14.8], "texture": "#1"},
				"down": {"uv": [0, 14, 16, 14.8], "texture": "#1"}
			}
		},
		{
			"from": [-14, 0.325, 7.625],
			"to": [6, 0.925, 7.875],
			"rotation": {"angle": 0, "axis": "x", "origin": [-7.5, 0.625, 7.75]},
			"faces": {
				"north": {"uv": [0, 14, 16, 14.25], "texture": "#1", "rotation": 180},
				"east": {"uv": [0, 0, 0.6, 0.25], "texture": "#1", "rotation": 270},
				"south": {"uv": [0, 14, 16, 14.25], "texture": "#1"},
				"west": {"uv": [0, 0, 0.6, 0.25], "texture": "#1", "rotation": 90},
				"up": {"uv": [0, 14, 16, 14.8], "texture": "#1", "rotation": 180},
				"down": {"uv": [0, 14, 16, 14.8], "texture": "#1"}
			}
		},
		{
			"from": [-14, 0, 7.6],
			"to": [6, 0.25, 8.4],
			"rotation": {"angle": 45, "axis": "x", "origin": [-7.5, 0.125, 8]},
			"faces": {
				"north": {"uv": [0, 14, 16, 14.25], "texture": "#1"},
				"east": {"uv": [0, 0, 0.8, 0.25], "texture": "#1"},
				"south": {"uv": [0, 14, 16, 14.25], "texture": "#1"},
				"west": {"uv": [0, 0, 0.8, 0.25], "texture": "#1"},
				"up": {"uv": [0, 14, 16, 14.8], "texture": "#1"},
				"down": {"uv": [0, 14, 16, 14.8], "texture": "#1"}
			}
		},
		{
			"from": [-14, -0.25, 8.2],
			"to": [6, 0, 8.8],
			"faces": {
				"north": {"uv": [0, 14, 16, 14.25], "texture": "#1"},
				"east": {"uv": [0, 0, 0.6, 0.25], "texture": "#1"},
				"south": {"uv": [0, 14, 16, 14.25], "texture": "#1"},
				"west": {"uv": [0, 0, 0.6, 0.25], "texture": "#1"},
				"up": {"uv": [0, 14, 16, 14.8], "texture": "#1"},
				"down": {"uv": [0, 14, 16, 14.8], "texture": "#1"}
			}
		},
		{
			"from": [-9.5, 1.35, 8],
			"to": [-5.5, 2.35, 9],
			"faces": {
				"north": {"uv": [0, 0, 4, 1], "texture": "#2"},
				"east": {"uv": [0, 0, 1, 1], "texture": "#2"},
				"south": {"uv": [0, 0, 4, 1], "texture": "#2"},
				"west": {"uv": [0, 0, 1, 1], "texture": "#2"},
				"up": {"uv": [0, 0, 4, 1], "texture": "#2"},
				"down": {"uv": [0, 0, 4, 1], "texture": "#2"}
			}
		},
		{
			"from": [16.6, -3.5, 7],
			"to": [31.6, 1.5, 10],
			"rotation": {"angle": -22.5, "axis": "z", "origin": [25, -1, 8.5]},
			"faces": {
				"north": {"uv": [0, 0, 15, 5], "texture": "#2"},
				"east": {"uv": [0, 0, 3, 5], "texture": "#2"},
				"south": {"uv": [0, 0, 15, 5], "texture": "#2"},
				"west": {"uv": [0, 0, 3, 5], "texture": "#2"},
				"up": {"uv": [0, 0, 15, 3], "texture": "#2"},
				"down": {"uv": [0, 0, 15, 3], "texture": "#2"}
			}
		},
		{
			"from": [19, -1.25, 7],
			"to": [32, 2.5, 10],
			"faces": {
				"north": {"uv": [0, 0, 13, 3.75], "texture": "#2"},
				"east": {"uv": [0, 0, 3, 3.75], "texture": "#2"},
				"south": {"uv": [0, 0, 13, 3.75], "texture": "#2"},
				"west": {"uv": [0, 0, 3, 3.75], "texture": "#2"},
				"up": {"uv": [0, 0, 13, 3], "texture": "#2"},
				"down": {"uv": [0, 0, 13, 3], "texture": "#2"}
			}
		},
		{
			"from": [17, -3.5, 7.5],
			"to": [18.85, 0.5, 9.5],
			"rotation": {"angle": -22.5, "axis": "z", "origin": [16.625, -2, 8.5]},
			"faces": {
				"north": {"uv": [0, 0, 1.85, 4], "texture": "#2"},
				"east": {"uv": [0, 0, 2, 4], "texture": "#2"},
				"south": {"uv": [0, 0, 1.85, 4], "texture": "#2"},
				"west": {"uv": [0, 0, 2, 4], "texture": "#2"},
				"up": {"uv": [0, 0, 1.85, 2], "texture": "#2"},
				"down": {"uv": [0, 0, 1.85, 2], "texture": "#2"}
			}
		},
		{
			"from": [18, -8.05, 7.5],
			"to": [19.75, -3.3, 9.5],
			"rotation": {"angle": 22.5, "axis": "z", "origin": [17.625, -7.3, 8.5]},
			"faces": {
				"north": {"uv": [0, 0, 1.75, 4.75], "texture": "#2"},
				"east": {"uv": [0, 0, 2, 4.75], "texture": "#2"},
				"south": {"uv": [0, 0, 1.75, 4.75], "texture": "#2"},
				"west": {"uv": [0, 0, 2, 4.75], "texture": "#2"},
				"up": {"uv": [0, 0, 1.75, 2], "texture": "#2"},
				"down": {"uv": [0, 0, 1.75, 2], "texture": "#2"}
			}
		},
		{
			"from": [15.5, -2.5, 7.5],
			"to": [16.25, 0.5, 9.5],
			"rotation": {"angle": -22.5, "axis": "z", "origin": [15.875, -2, 8.5]},
			"faces": {
				"north": {"uv": [0, 0, 0.75, 3], "texture": "#2"},
				"east": {"uv": [0, 0, 2, 3], "texture": "#2"},
				"south": {"uv": [0, 0, 0.75, 3], "texture": "#2"},
				"west": {"uv": [0, 0, 2, 3], "texture": "#2"},
				"up": {"uv": [0, 0, 0.75, 2], "texture": "#2"},
				"down": {"uv": [0, 0, 0.75, 2], "texture": "#2"}
			}
		},
		{
			"from": [14.2, -2.75, 7.5],
			"to": [16, -2.25, 9.5],
			"faces": {
				"north": {"uv": [0, 0, 1.8, 0.5], "texture": "#2"},
				"east": {"uv": [0, 0, 2, 0.5], "texture": "#2"},
				"south": {"uv": [0, 0, 1.8, 0.5], "texture": "#2"},
				"west": {"uv": [0, 0, 2, 0.5], "texture": "#2"},
				"up": {"uv": [0, 0, 1.8, 2], "texture": "#2"},
				"down": {"uv": [0, 0, 1.8, 2], "texture": "#2"}
			}
		},
		{
			"from": [8.9, -1.5, 7.5],
			"to": [14.55, -1, 9.5],
			"rotation": {"angle": -22.5, "axis": "z", "origin": [11.375, -1.25, 8.5]},
			"faces": {
				"north": {"uv": [0, 0, 5.65, 0.5], "texture": "#2"},
				"east": {"uv": [0, 0, 2, 0.5], "texture": "#2"},
				"south": {"uv": [0, 0, 5.65, 0.5], "texture": "#2"},
				"west": {"uv": [0, 0, 2, 0.5], "texture": "#2"},
				"up": {"uv": [0, 0, 5.65, 2], "texture": "#2"},
				"down": {"uv": [0, 0, 5.65, 2], "texture": "#2"}
			}
		},
		{
			"from": [14.6, -1.9, 8],
			"to": [15.1, -0.1, 9],
			"rotation": {"angle": -22.5, "axis": "z", "origin": [14.85, -1, 8.5]},
			"faces": {
				"north": {"uv": [4, 0, 5.8, 0.5], "texture": "#0", "rotation": 90},
				"east": {"uv": [4, 0, 5.8, 1], "texture": "#0", "rotation": 270},
				"south": {"uv": [4, 0, 5.8, 0.5], "texture": "#0", "rotation": 270},
				"west": {"uv": [4, 0, 5.8, 1], "texture": "#0", "rotation": 270},
				"up": {"uv": [5, 0, 7, 0.5], "texture": "#0", "rotation": 270},
				"down": {"uv": [4, 0, 4.5, 1], "texture": "#0", "rotation": 270}
			}
		},
		{
			"from": [-0.5, 1.1, 7.75],
			"to": [6.5, 2.7, 9.25],
			"faces": {
				"north": {"uv": [0, 13, 7, 14.6], "texture": "#1"},
				"east": {"uv": [1, 13, 2.5, 14.6], "texture": "#1"},
				"south": {"uv": [0, 13, 7, 14.6], "texture": "#1"},
				"west": {"uv": [1, 13, 2.5, 14.6], "texture": "#1"},
				"up": {"uv": [0, 13, 7, 14.5], "texture": "#1"},
				"down": {"uv": [0, 13, 7, 14.5], "texture": "#1"}
			}
		},
		{
			"from": [-3.5, -0.65, 7.25],
			"to": [2.5, 2.35, 9.75],
			"faces": {
				"north": {"uv": [3, 0, 9, 3], "texture": "#2"},
				"east": {"uv": [4, 0, 6.5, 3], "texture": "#2"},
				"south": {"uv": [3, 0, 9, 3], "texture": "#2"},
				"west": {"uv": [4, 0, 6.5, 3], "texture": "#2"},
				"up": {"uv": [3, 0, 9, 2.5], "texture": "#2"},
				"down": {"uv": [3, 0, 9, 2.5], "texture": "#2"}
			}
		},
		{
			"from": [-15, 4.5, 8.25],
			"to": [-11.25, 4.75, 8.75],
			"rotation": {"angle": -22.5, "axis": "z", "origin": [-13.125, 4.625, 8.5]},
			"faces": {
				"north": {"uv": [0, 0, 3.75, 0.25], "texture": "#2"},
				"east": {"uv": [0, 0, 0.5, 0.25], "texture": "#2"},
				"south": {"uv": [0, 0, 3.75, 0.25], "texture": "#2"},
				"west": {"uv": [0, 0, 0.5, 0.25], "texture": "#2"},
				"up": {"uv": [0, 0, 3.75, 0.5], "texture": "#2"},
				"down": {"uv": [0, 0, 3.75, 0.5], "texture": "#2"}
			}
		},
		{
			"from": [-15.25, 3.75, 8.25],
			"to": [-15, 5.5, 8.75],
			"rotation": {"angle": -22.5, "axis": "z", "origin": [-15.125, 4.625, 8.5]},
			"faces": {
				"north": {"uv": [0, 0, 1.75, 0.25], "texture": "#2", "rotation": 90},
				"east": {"uv": [0, 0, 1.75, 0.5], "texture": "#2", "rotation": 270},
				"south": {"uv": [0, 0, 1.75, 0.25], "texture": "#2", "rotation": 270},
				"west": {"uv": [0, 0, 1.75, 0.5], "texture": "#2", "rotation": 270},
				"up": {"uv": [0, 0, 0.5, 0.25], "texture": "#2", "rotation": 270},
				"down": {"uv": [0, 0, 0.5, 0.25], "texture": "#2", "rotation": 270}
			}
		},
		{
			"from": [-1.5, 3.75, 8],
			"to": [1.25, 4.5, 9],
			"faces": {
				"north": {"uv": [0, 0, 2.75, 0.75], "texture": "#2"},
				"east": {"uv": [0, 0, 1, 0.75], "texture": "#2"},
				"south": {"uv": [0, 0, 2.75, 0.75], "texture": "#2"},
				"west": {"uv": [0, 0, 1, 0.75], "texture": "#2"},
				"up": {"uv": [0, 0, 2.75, 1], "texture": "#2"},
				"down": {"uv": [0, 0, 2.75, 1], "texture": "#2"}
			}
		},
		{
			"from": [-1.25, 3.6, 8],
			"to": [1.05, 5.1, 8.1],
			"rotation": {"angle": -22.5, "axis": "z", "origin": [-0.325, 4.35, 8.05]},
			"faces": {
				"north": {"uv": [0, 0, 2.3, 1.5], "texture": "#2"},
				"east": {"uv": [0, 0, 0.1, 1.5], "texture": "#2"},
				"south": {"uv": [0, 0, 2.3, 1.5], "texture": "#2"},
				"west": {"uv": [0, 0, 0.1, 1.5], "texture": "#2"},
				"up": {"uv": [0, 0, 2.3, 0.1], "texture": "#2"},
				"down": {"uv": [0, 0, 2.3, 0.1], "texture": "#2"}
			}
		},
		{
			"from": [-1.25, 3.6, 8.9],
			"to": [1.05, 5.1, 9],
			"rotation": {"angle": -22.5, "axis": "z", "origin": [-0.325, 4.35, 8.05]},
			"faces": {
				"north": {"uv": [0, 0, 2.3, 1.5], "texture": "#2"},
				"east": {"uv": [0, 0, 0.1, 1.5], "texture": "#2"},
				"south": {"uv": [0, 0, 2.3, 1.5], "texture": "#2"},
				"west": {"uv": [0, 0, 0.1, 1.5], "texture": "#2"},
				"up": {"uv": [0, 0, 2.3, 0.1], "texture": "#2"},
				"down": {"uv": [0, 0, 2.3, 0.1], "texture": "#2"}
			}
		},
		{
			"from": [6.5, 4.5, 7.5],
			"to": [16.25, 4.75, 9.5],
			"faces": {
				"north": {"uv": [0, 0, 9.75, 0.25], "texture": "#2"},
				"east": {"uv": [0, 0, 2, 0.25], "texture": "#2"},
				"south": {"uv": [0, 0, 9.75, 0.25], "texture": "#2"},
				"west": {"uv": [0, 0, 2, 0.25], "texture": "#2"},
				"up": {"uv": [0, 0, 9.75, 2], "texture": "#2"},
				"down": {"uv": [0, 0, 9.75, 2], "texture": "#2"}
			}
		}
	],
	"display": {
		"thirdperson_righthand": {
			"rotation": [0, -90, 0],
			"translation": [-6, 4.5, -4],
			"scale": [0.75, 0.5, 0.5]
		},
		"thirdperson_lefthand": {
			"scale": [0.75, 0.5, 0.5],
			"rotation": [0, 90, 0],
			"translation": [-6, 4.5, -4]
		},
		"firstperson_righthand": {
			"translation": [5, 5, -3],
			"rotation": [1.5, -90, 0]
		},
		"firstperson_lefthand": {
			"rotation": [1.5, 90, 0],
			"translation": [5, 5, -3]
		},
		"ground": {
			"scale": [0.75, 0.5, 0.5],
			"translation": [0, 1.5, 0]
		},
		"fixed": {
			"scale": [0.75, 0.5, 0.5],
			"translation": [0, 4, 0]
		},
		"gui": {
			"scale": [0.45, 0.3, 0.3],
			"rotation": [25, 50, 0],
			"translation": [-0.25, 2, 0]
		}
	}
}