{
	"parent": "item/handheld",
	"textures": {
		"layer0": "item/custom/bar"
	},
	"overrides": [
		{ "predicate": {"damaged": 0, "damage": 0}, "model": "item/gui/test"},
		{ "predicate": {"damaged": 0, "damage": 0.0006402048655569782}, "model": "item/gui/test"},
		{ "predicate": {"damaged": 0, "damage": 0.0012804097311139564}, "model": "item/gui/bar"},
		{ "predicate": {"damaged": 0, "damage": 0.0019206145966709346}, "model": "item/gui/foo"},
		{ "predicate": {"damaged": 0, "damage": 0.002560819462227913}, "model": "item/gui/foobar"},
		{ "predicate": {"damaged": 0, "damage": 0.003201024327784891}, "model": "item/gui/test"},
		{ "predicate": {"damaged": 1, "damage": 0}, "model": "item/gui/test"}
	]
}