{
	"credit": "© 2015-2021 MadstonMagic. All rights reserved. https://madstonmagic.github.io/shop/. Made using BlockBench",
	"parent": "weapons/assault_rifle/hk_xm8/hk_xm8_aim",
	"display": {
		"thirdperson_righthand": {
			"rotation": [10, 5, 5],
			"translation": [-0.75, 1, -1.75],
			"scale": [0.7, 0.7, 0.7]
		},
		"thirdperson_lefthand": {
			"rotation": [10, 5, 5],
			"translation": [-0.75, 1, -1.75],
			"scale": [0.7, 0.7, 0.7]
		},
		"firstperson_righthand": {
			"rotation": [2, 0, 0],
			"translation": [-8.965, 4.815, 1.5],
			"scale": [0.7, 0.7, 0.7]
		},
		"firstperson_lefthand": {
			"rotation": [2, 0, 0],
			"translation": [-8.965, 4.815, 1.5],
			"scale": [0.7, 0.7, 0.7]
		}
	}
}