{
	"credit": "© 2015-2021 MadstonMagic. All rights reserved. https://madstonmagic.github.io/shop/. Made using BlockBench",
	"parent": "weapons/assault_rifle/hk_xm8/hk_xm8",
	"display": {
		"thirdperson_righthand": {
			"rotation": [10, 5, 5],
			"translation": [-0.75, 1, -1.75],
			"scale": [0.7, 0.7, 0.7]
		},
		"thirdperson_lefthand": {
			"rotation": [10, 5, 5],
			"translation": [-0.75, 1, -1.75],
			"scale": [0.7, 0.7, 0.7]
		},
		"firstperson_righthand": {
			"rotation": [10, 2, 2],
			"translation": [-2.75, 3.75, -1.5],
			"scale": [0.7, 0.7, 0.7]
		},
		"firstperson_lefthand": {
			"rotation": [10, 2, 2],
			"translation": [-2.75, 3.75, -1.5],
			"scale": [0.7, 0.7, 0.7]
		}
	}
}