{
	"credit": "© 2015-2021 MadstonMagic. All rights reserved. https://madstonmagic.github.io/shop/. Made using BlockBench",
	"textures": {
		"texture": "weapons/pistol/beretta_92fs/base"
	},
	"elements": [
		{
			"from": [7.75, 11.75, 2],
			"to": [8.25, 12, 8.6],
			"rotation": {"angle": 0, "axis": "y", "origin": [8, 8, 8]},
			"faces": {
				"north": {"uv": [13, 5.75, 14, 6.75], "texture": "#texture"},
				"south": {"uv": [13, 5.75, 14, 6.75], "texture": "#texture"},
				"up": {"uv": [13, 5.75, 14, 6.75], "rotation": 90, "texture": "#texture"},
				"down": {"uv": [13, 5.75, 14, 6.75], "rotation": 270, "texture": "#texture"}
			}
		},
		{
			"from": [7.75, 11, 2],
			"to": [8.25, 11.25, 8.6],
			"rotation": {"angle": 0, "axis": "y", "origin": [8, 8, 8]},
			"faces": {
				"north": {"uv": [13, 5.75, 14, 6.75], "texture": "#texture"},
				"east": {"uv": [13, 5.75, 14, 6.75], "texture": "#texture"},
				"west": {"uv": [13, 5.75, 14, 6.75], "texture": "#texture"},
				"up": {"uv": [13, 5.75, 14, 6.75], "rotation": 90, "texture": "#texture"},
				"down": {"uv": [13, 5.75, 14, 6.75], "rotation": 270, "texture": "#texture"}
			}
		},
		{
			"name": "barrel",
			"from": [5.3479, 10.7402, 2],
			"to": [5.7019, 11.0052, 8.6],
			"rotation": {"angle": -45, "axis": "z", "origin": [8, 8, 8]},
			"faces": {
				"north": {"uv": [13, 5.75, 14, 6.75], "texture": "#texture"},
				"south": {"uv": [13, 5.75, 14, 6.75], "texture": "#texture"},
				"west": {"uv": [13, 5.75, 14, 6.75], "texture": "#texture"},
				"up": {"uv": [13, 5.75, 14, 6.75], "rotation": 90, "texture": "#texture"},
				"down": {"uv": [13, 5.75, 14, 6.75], "rotation": 270, "texture": "#texture"}
			}
		},
		{
			"name": "barrel",
			"from": [10.29765, 9.94471, 2],
			"to": [10.65165, 10.20971, 8.6],
			"rotation": {"angle": 45, "axis": "z", "origin": [8, 8, 8]},
			"faces": {
				"north": {"uv": [13, 5.75, 14, 6.75], "texture": "#texture"},
				"south": {"uv": [13, 5.75, 14, 6.75], "texture": "#texture"},
				"west": {"uv": [13, 5.75, 14, 6.75], "texture": "#texture"},
				"up": {"uv": [13, 5.75, 14, 6.75], "rotation": 90, "texture": "#texture"},
				"down": {"uv": [13, 5.75, 14, 6.75], "rotation": 270, "texture": "#texture"}
			}
		},
		{
			"name": "barrel",
			"from": [5.3479, 9.94471, 2],
			"to": [5.7019, 10.20971, 8.6],
			"rotation": {"angle": -45, "axis": "z", "origin": [8, 8, 8]},
			"faces": {
				"north": {"uv": [13, 5.75, 14, 6.75], "texture": "#texture"},
				"south": {"uv": [13, 5.75, 14, 6.75], "texture": "#texture"},
				"west": {"uv": [13, 5.75, 14, 6.75], "texture": "#texture"},
				"up": {"uv": [13, 5.75, 14, 6.75], "rotation": 90, "texture": "#texture"},
				"down": {"uv": [13, 5.75, 14, 6.75], "rotation": 270, "texture": "#texture"}
			}
		},
		{
			"name": "barrel",
			"from": [10.29765, 10.7402, 2],
			"to": [10.65165, 11.0052, 8.6],
			"rotation": {"angle": 45, "axis": "z", "origin": [8, 8, 8]},
			"faces": {
				"north": {"uv": [13, 5.75, 14, 6.75], "texture": "#texture"},
				"south": {"uv": [13, 5.75, 14, 6.75], "texture": "#texture"},
				"west": {"uv": [13, 5.75, 14, 6.75], "texture": "#texture"},
				"up": {"uv": [13, 5.75, 14, 6.75], "rotation": 90, "texture": "#texture"},
				"down": {"uv": [13, 5.75, 14, 6.75], "rotation": 270, "texture": "#texture"}
			}
		},
		{
			"from": [7.5, 11.25, 2],
			"to": [7.75, 11.75, 8.6],
			"rotation": {"angle": 0, "axis": "y", "origin": [8, 8, 8]},
			"faces": {
				"north": {"uv": [13, 5.75, 14, 6.75], "texture": "#texture"},
				"east": {"uv": [13, 5.75, 14, 6.75], "texture": "#texture"},
				"south": {"uv": [13, 5.75, 14, 6.75], "texture": "#texture"},
				"west": {"uv": [13, 5.75, 14, 6.75], "texture": "#texture"},
				"down": {"uv": [13, 5.75, 14, 6.75], "rotation": 270, "texture": "#texture"}
			}
		},
		{
			"from": [8.25, 11.25, 2],
			"to": [8.5, 11.75, 8.6],
			"rotation": {"angle": 0, "axis": "y", "origin": [8, 8, 8]},
			"faces": {
				"north": {"uv": [13, 5.75, 14, 6.75], "texture": "#texture"},
				"east": {"uv": [13, 5.75, 14, 6.75], "texture": "#texture"},
				"south": {"uv": [13, 5.75, 14, 6.75], "texture": "#texture"},
				"west": {"uv": [13, 5.75, 14, 6.75], "texture": "#texture"},
				"down": {"uv": [13, 5.75, 14, 6.75], "rotation": 270, "texture": "#texture"}
			}
		},
		{
			"from": [7.75, 9.04747, 12.30237],
			"to": [8.25, 10.54747, 12.80237],
			"rotation": {"angle": -22.5, "axis": "x", "origin": [8, 8, 8]},
			"faces": {
				"north": {"uv": [13, 2.5, 13.75, 3.25], "texture": "#texture"},
				"east": {"uv": [13, 2.75, 13.75, 3.5], "texture": "#texture"},
				"south": {"uv": [13.25, 2.5, 14, 3.25], "texture": "#texture"},
				"west": {"uv": [13.25, 2.5, 14, 3.25], "texture": "#texture"}
			}
		},
		{
			"from": [7.75, 10.5, 11.5],
			"to": [8.25, 11, 12.5],
			"rotation": {"angle": 0, "axis": "y", "origin": [8, 8, 8]},
			"faces": {
				"east": {"uv": [13, 2.75, 13.75, 3.5], "texture": "#texture"},
				"south": {"uv": [13.25, 2.5, 14, 3.25], "texture": "#texture"},
				"west": {"uv": [13.25, 2.5, 14, 3.25], "texture": "#texture"},
				"up": {"uv": [13, 2.5, 13.75, 3.25], "rotation": 90, "texture": "#texture"},
				"down": {"uv": [13, 2.5, 13.75, 3.25], "rotation": 270, "texture": "#texture"}
			}
		},
		{
			"from": [7.75, 12.13984, 10.10534],
			"to": [8.25, 12.38984, 10.85534],
			"rotation": {"angle": 22.5, "axis": "x", "origin": [8, 8, 8]},
			"faces": {
				"east": {"uv": [13, 2.75, 13.75, 3.5], "texture": "#texture"},
				"west": {"uv": [13.25, 2.5, 14, 3.25], "texture": "#texture"},
				"up": {"uv": [13, 2.5, 13.75, 3.25], "rotation": 90, "texture": "#texture"}
			}
		},
		{
			"from": [7.75, 10, 3.25],
			"to": [8.25, 10.75, 11.5],
			"rotation": {"angle": 0, "axis": "y", "origin": [8, 8, 8]},
			"faces": {
				"north": {"uv": [13, 2.5, 13.75, 3.25], "texture": "#texture"},
				"down": {"uv": [13, 2.5, 13.75, 3.25], "rotation": 270, "texture": "#texture"}
			}
		},
		{
			"from": [7.75, 8.5768, 11.98545],
			"to": [8.25, 9.0768, 13.11045],
			"rotation": {"angle": -22.5, "axis": "x", "origin": [8, 8, 8]},
			"faces": {
				"east": {"uv": [13, 2.75, 13.75, 3.5], "texture": "#texture"},
				"south": {"uv": [13.25, 2.5, 14, 3.25], "texture": "#texture"},
				"west": {"uv": [13.25, 2.5, 14, 3.25], "texture": "#texture"},
				"down": {"uv": [13, 2.5, 13.75, 3.25], "rotation": 270, "texture": "#texture"}
			}
		},
		{
			"from": [7.5, 10.25, 3.25],
			"to": [8.5, 10.75, 10.5],
			"rotation": {"angle": 0, "axis": "y", "origin": [8, 8, 8]},
			"faces": {
				"north": {"uv": [13, 2.5, 13.75, 3.25], "texture": "#texture"},
				"east": {"uv": [13, 2.75, 13.75, 3.5], "texture": "#texture"},
				"west": {"uv": [13.25, 2.5, 14, 3.25], "texture": "#texture"},
				"up": {"uv": [13, 2.5, 13.75, 3.25], "rotation": 90, "texture": "#texture"}
			}
		},
		{
			"from": [9.23599, 9.58954, 3.25],
			"to": [9.59099, 9.94454, 10.5],
			"rotation": {"angle": 45, "axis": "z", "origin": [8, 8, 8]},
			"faces": {
				"north": {"uv": [13, 2.5, 13.75, 3.25], "texture": "#texture"},
				"south": {"uv": [13.25, 2.5, 14, 3.25], "texture": "#texture"},
				"west": {"uv": [13.25, 2.5, 14, 3.25], "texture": "#texture"},
				"up": {"uv": [13, 2.5, 13.75, 3.25], "rotation": 90, "texture": "#texture"},
				"down": {"uv": [13, 2.5, 13.75, 3.25], "rotation": 270, "texture": "#texture"}
			}
		},
		{
			"from": [6.40756, 9.58954, 3.25],
			"to": [6.76256, 9.94454, 10.875],
			"rotation": {"angle": -45, "axis": "z", "origin": [8, 8, 8]},
			"faces": {
				"north": {"uv": [13, 2.5, 13.75, 3.25], "texture": "#texture"},
				"east": {"uv": [13, 2.75, 13.75, 3.5], "texture": "#texture"},
				"south": {"uv": [13.25, 2.5, 14, 3.25], "texture": "#texture"},
				"down": {"uv": [13, 2.5, 13.75, 3.25], "rotation": 270, "texture": "#texture"}
			}
		},
		{
			"from": [7.5, 9.5, 7.5],
			"to": [8.5, 10.875, 11.5625],
			"rotation": {"angle": 0, "axis": "y", "origin": [8, 8, 8]},
			"faces": {
				"north": {"uv": [13, 2.5, 13.75, 3.25], "texture": "#texture"},
				"east": {"uv": [13, 2.75, 13.75, 3.5], "texture": "#texture"},
				"south": {"uv": [13.25, 2.5, 14, 3.25], "texture": "#texture"},
				"west": {"uv": [13.25, 2.5, 14, 3.25], "texture": "#texture"},
				"up": {"uv": [13, 2.5, 13.75, 3.25], "rotation": 90, "texture": "#texture"},
				"down": {"uv": [13, 2.5, 13.75, 3.25], "rotation": 270, "texture": "#texture"}
			}
		},
		{
			"from": [7.5, 9.41343, 8.70711],
			"to": [8.5, 10.82843, 9.42211],
			"rotation": {"angle": -45, "axis": "x", "origin": [8, 8, 8]},
			"faces": {
				"north": {"uv": [13, 2.5, 13.75, 3.25], "texture": "#texture"},
				"east": {"uv": [13, 2.75, 13.75, 3.5], "texture": "#texture"},
				"south": {"uv": [13.25, 2.5, 14, 3.25], "texture": "#texture"},
				"west": {"uv": [13.25, 2.5, 14, 3.25], "texture": "#texture"},
				"up": {"uv": [13, 2.5, 13.75, 3.25], "rotation": 90, "texture": "#texture"},
				"down": {"uv": [13, 2.5, 13.75, 3.25], "rotation": 270, "texture": "#texture"}
			}
		},
		{
			"from": [7.5, 3.8928, 9.61339],
			"to": [8.5, 8.9553, 11.98839],
			"rotation": {"angle": -22.5, "axis": "x", "origin": [8, 8, 8]},
			"faces": {
				"north": {"uv": [13, 2.5, 13.75, 3.25], "texture": "#texture"},
				"east": {"uv": [13, 2.75, 13.75, 3.5], "texture": "#texture"},
				"south": {"uv": [13.25, 2.5, 14, 3.25], "texture": "#texture"},
				"west": {"uv": [13.25, 2.5, 14, 3.25], "texture": "#texture"},
				"down": {"uv": [13, 2.5, 13.75, 3.25], "rotation": 270, "texture": "#texture"}
			}
		},
		{
			"from": [7.625, 8.29405, 7.74628],
			"to": [8.375, 8.79405, 8.12128],
			"rotation": {"angle": -45, "axis": "x", "origin": [8, 7.99855, 8.01145]},
			"faces": {
				"north": {"uv": [13.125, 5.875, 13.875, 6.625], "texture": "#texture"},
				"east": {"uv": [13.125, 5.875, 13.875, 6.625], "texture": "#texture"},
				"south": {"uv": [13.125, 5.875, 13.875, 6.625], "texture": "#texture"},
				"west": {"uv": [13.125, 5.875, 13.875, 6.625], "texture": "#texture"},
				"up": {"uv": [13.125, 5.875, 13.875, 6.625], "rotation": 90, "texture": "#texture"},
				"down": {"uv": [13.125, 5.875, 13.875, 6.625], "rotation": 270, "texture": "#texture"}
			}
		},
		{
			"from": [7.625, 8.25, 7.5],
			"to": [8.375, 10, 7.75],
			"rotation": {"angle": 0, "axis": "y", "origin": [8, 8, 8]},
			"faces": {
				"north": {"uv": [13.125, 5.875, 13.875, 6.625], "texture": "#texture"},
				"east": {"uv": [13.125, 5.875, 13.875, 6.625], "texture": "#texture"},
				"south": {"uv": [13.125, 5.875, 13.875, 6.625], "texture": "#texture"},
				"west": {"uv": [13.125, 5.875, 13.875, 6.625], "texture": "#texture"}
			}
		},
		{
			"from": [7.625, 7.9856, 7.63425],
			"to": [8.375, 8.2356, 8.13425],
			"rotation": {"angle": 22.5, "axis": "x", "origin": [8, 7.98481, 8.00873]},
			"faces": {
				"east": {"uv": [13.125, 5.875, 13.875, 6.625], "texture": "#texture"},
				"south": {"uv": [13.125, 5.875, 13.875, 6.625], "texture": "#texture"},
				"west": {"uv": [13.125, 5.875, 13.875, 6.625], "texture": "#texture"},
				"up": {"uv": [13.125, 5.875, 13.875, 6.625], "rotation": 90, "texture": "#texture"},
				"down": {"uv": [13.125, 5.875, 13.875, 6.625], "rotation": 270, "texture": "#texture"}
			}
		},
		{
			"from": [7.625, 7.9375, 8.125],
			"to": [8.375, 8.1875, 9.375],
			"rotation": {"angle": 0, "axis": "y", "origin": [8, 8, 8]},
			"faces": {
				"north": {"uv": [13.125, 5.875, 13.875, 6.625], "texture": "#texture"},
				"east": {"uv": [13.125, 5.875, 13.875, 6.625], "texture": "#texture"},
				"south": {"uv": [13.125, 5.875, 13.875, 6.625], "texture": "#texture"},
				"west": {"uv": [13.125, 5.875, 13.875, 6.625], "texture": "#texture"},
				"up": {"uv": [13.125, 5.875, 13.875, 6.625], "rotation": 90, "texture": "#texture"},
				"down": {"uv": [13.125, 5.875, 13.875, 6.625], "rotation": 270, "texture": "#texture"}
			}
		},
		{
			"from": [7.625, 7.41492, 9.24667],
			"to": [8.375, 7.66492, 10.37167],
			"rotation": {"angle": -22.5, "axis": "x", "origin": [8, 8, 8]},
			"faces": {
				"north": {"uv": [13.125, 5.875, 13.875, 6.625], "texture": "#texture"},
				"east": {"uv": [13.125, 5.875, 13.875, 6.625], "texture": "#texture"},
				"west": {"uv": [13.125, 5.875, 13.875, 6.625], "texture": "#texture"},
				"up": {"uv": [13.125, 5.875, 13.875, 6.625], "rotation": 90, "texture": "#texture"},
				"down": {"uv": [13.125, 5.875, 13.875, 6.625], "rotation": 270, "texture": "#texture"}
			}
		},
		{
			"from": [7.625, 8.02, 7.615],
			"to": [8.375, 8.27, 7.93531],
			"rotation": {"angle": 0, "axis": "y", "origin": [8, 8, 8]},
			"faces": {
				"north": {"uv": [13.125, 5.875, 13.875, 6.625], "texture": "#texture"},
				"east": {"uv": [13.125, 5.875, 13.875, 6.625], "texture": "#texture"},
				"west": {"uv": [13.125, 5.875, 13.875, 6.625], "texture": "#texture"},
				"down": {"uv": [13.125, 5.875, 13.875, 6.625], "rotation": 270, "texture": "#texture"}
			}
		},
		{
			"from": [7.75, 9.89036, 9.85456],
			"to": [8.25, 12.01536, 10.72956],
			"rotation": {"angle": 22.5, "axis": "x", "origin": [8, 8, 8]},
			"faces": {
				"east": {"uv": [13, 2.75, 13.75, 3.5], "texture": "#texture"},
				"south": {"uv": [13.25, 2.5, 14, 3.25], "texture": "#texture"},
				"west": {"uv": [13.25, 2.5, 14, 3.25], "texture": "#texture"}
			}
		},
		{
			"from": [7.75, 8.125, 10.875],
			"to": [8.25, 10.25, 11.75],
			"rotation": {"angle": 0, "axis": "y", "origin": [8, 8, 8]},
			"faces": {
				"east": {"uv": [13, 2.75, 13.75, 3.5], "texture": "#texture"},
				"south": {"uv": [13.25, 2.5, 14, 3.25], "texture": "#texture"},
				"west": {"uv": [13.25, 2.5, 14, 3.25], "texture": "#texture"}
			}
		},
		{
			"name": "handle",
			"from": [7.25, 4.47485, 9.7685],
			"to": [8.75, 8.34985, 10.8935],
			"rotation": {"angle": -22.5, "axis": "x", "origin": [8, 8, 8]},
			"faces": {
				"north": {"uv": [13, 4.375, 13.75, 5.125], "texture": "#texture"},
				"east": {"uv": [13.125, 4.25, 13.875, 5], "texture": "#texture"},
				"west": {"uv": [13, 4.125, 13.75, 4.875], "texture": "#texture"}
			}
		},
		{
			"name": "handle",
			"from": [7.25, 9, 9.5],
			"to": [8.75, 10, 11.5],
			"rotation": {"angle": 0, "axis": "y", "origin": [8, 8, 8]},
			"faces": {
				"north": {"uv": [13, 4.375, 13.75, 5.125], "texture": "#texture"},
				"east": {"uv": [13.125, 4.25, 13.875, 5], "texture": "#texture"},
				"south": {"uv": [13.125, 4.25, 13.875, 5], "texture": "#texture"},
				"west": {"uv": [13, 4.125, 13.75, 4.875], "texture": "#texture"},
				"up": {"uv": [13, 4.125, 13.75, 4.875], "rotation": 90, "texture": "#texture"}
			}
		},
		{
			"name": "handle",
			"from": [7.25, 4.00575, 10.75012],
			"to": [8.75, 7.94325, 11.75012],
			"rotation": {"angle": -22.5, "axis": "x", "origin": [8, 8, 8]},
			"faces": {
				"east": {"uv": [13.125, 4.25, 13.875, 5], "texture": "#texture"},
				"south": {"uv": [13.125, 4.25, 13.875, 5], "texture": "#texture"},
				"west": {"uv": [13, 4.125, 13.75, 4.875], "texture": "#texture"}
			}
		},
		{
			"from": [7.5, 5, 10.5],
			"to": [8.5, 7.5, 12.125],
			"rotation": {"angle": 0, "axis": "y", "origin": [8, 8, 8]},
			"faces": {
				"north": {"uv": [13, 2.5, 13.75, 3.25], "texture": "#texture"},
				"east": {"uv": [13, 2.75, 13.75, 3.5], "texture": "#texture"},
				"west": {"uv": [13.25, 2.5, 14, 3.25], "texture": "#texture"}
			}
		},
		{
			"from": [7.5, 5, 11.5],
			"to": [8.5, 5.75, 13.25],
			"rotation": {"angle": 0, "axis": "y", "origin": [8, 8, 8]},
			"faces": {
				"east": {"uv": [13, 2.75, 13.75, 3.5], "texture": "#texture"},
				"south": {"uv": [13.25, 2.5, 14, 3.25], "texture": "#texture"},
				"west": {"uv": [13.25, 2.5, 14, 3.25], "texture": "#texture"},
				"up": {"uv": [13, 2.5, 13.75, 3.25], "rotation": 90, "texture": "#texture"}
			}
		},
		{
			"from": [7.5, 4.75, 10.75],
			"to": [8.5, 5, 13],
			"rotation": {"angle": 0, "axis": "y", "origin": [8, 8, 8]},
			"faces": {
				"east": {"uv": [13, 2.75, 13.75, 3.5], "texture": "#texture"},
				"west": {"uv": [13.25, 2.5, 14, 3.25], "texture": "#texture"},
				"down": {"uv": [13, 2.5, 13.75, 3.25], "rotation": 270, "texture": "#texture"}
			}
		},
		{
			"from": [7.5, 3.75591, 7.64645],
			"to": [8.5, 4.11091, 8.00145],
			"rotation": {"angle": -45, "axis": "x", "origin": [8, 8, 8]},
			"faces": {
				"north": {"uv": [13, 2.5, 13.75, 3.25], "texture": "#texture"},
				"east": {"uv": [13, 2.75, 13.75, 3.5], "texture": "#texture"},
				"west": {"uv": [13.25, 2.5, 14, 3.25], "texture": "#texture"},
				"down": {"uv": [13, 2.5, 13.75, 3.25], "rotation": 270, "texture": "#texture"}
			}
		},
		{
			"from": [7.5, 9.23599, 13.48008],
			"to": [8.5, 9.59099, 13.83508],
			"rotation": {"angle": 45, "axis": "x", "origin": [8, 8, 8]},
			"faces": {
				"east": {"uv": [13, 2.75, 13.75, 3.5], "texture": "#texture"},
				"south": {"uv": [13.25, 2.5, 14, 3.25], "texture": "#texture"},
				"west": {"uv": [13.25, 2.5, 14, 3.25], "texture": "#texture"},
				"up": {"uv": [13, 2.5, 13.75, 3.25], "rotation": 90, "texture": "#texture"},
				"down": {"uv": [13, 2.5, 13.75, 3.25], "rotation": 270, "texture": "#texture"}
			}
		},
		{
			"name": "handle",
			"from": [7.25, 5.25, 10.75],
			"to": [8.75, 6.125, 12.125],
			"rotation": {"angle": 0, "axis": "y", "origin": [8, 8, 8]},
			"faces": {
				"north": {"uv": [13, 4.375, 13.75, 5.125], "texture": "#texture"},
				"east": {"uv": [13.125, 4.25, 13.875, 5], "texture": "#texture"},
				"west": {"uv": [13, 4.125, 13.75, 4.875], "texture": "#texture"}
			}
		},
		{
			"name": "handle",
			"from": [7.25, 5.25, 12.125],
			"to": [8.75, 5.75, 13],
			"rotation": {"angle": 0, "axis": "y", "origin": [8, 8, 8]},
			"faces": {
				"east": {"uv": [13.125, 4.25, 13.875, 5], "texture": "#texture"},
				"south": {"uv": [13.125, 4.25, 13.875, 5], "texture": "#texture"},
				"west": {"uv": [13, 4.125, 13.75, 4.875], "texture": "#texture"},
				"up": {"uv": [13, 4.125, 13.75, 4.875], "rotation": 90, "texture": "#texture"}
			}
		},
		{
			"name": "handle",
			"from": [7.25, 5, 11],
			"to": [8.75, 5.25, 12.75],
			"rotation": {"angle": 0, "axis": "y", "origin": [8, 8, 8]},
			"faces": {
				"east": {"uv": [13.125, 4.25, 13.875, 5], "texture": "#texture"},
				"west": {"uv": [13, 4.125, 13.75, 4.875], "texture": "#texture"},
				"down": {"uv": [13, 4.25, 13.75, 5], "rotation": 270, "texture": "#texture"}
			}
		},
		{
			"name": "handle",
			"from": [7.25, 3.75591, 8],
			"to": [8.75, 4.11091, 8.355],
			"rotation": {"angle": -45, "axis": "x", "origin": [8, 8, 8]},
			"faces": {
				"north": {"uv": [13, 4.375, 13.75, 5.125], "texture": "#texture"},
				"east": {"uv": [13.125, 4.25, 13.875, 5], "texture": "#texture"},
				"west": {"uv": [13, 4.125, 13.75, 4.875], "texture": "#texture"},
				"down": {"uv": [13, 4.25, 13.75, 5], "rotation": 270, "texture": "#texture"}
			}
		},
		{
			"name": "handle",
			"from": [7.25, 9.23599, 13.12652],
			"to": [8.75, 9.59099, 13.48152],
			"rotation": {"angle": 45, "axis": "x", "origin": [8, 8, 8]},
			"faces": {
				"east": {"uv": [13.125, 4.25, 13.875, 5], "texture": "#texture"},
				"south": {"uv": [13.125, 4.25, 13.875, 5], "texture": "#texture"},
				"west": {"uv": [13, 4.125, 13.75, 4.875], "texture": "#texture"},
				"up": {"uv": [13, 4.125, 13.75, 4.875], "rotation": 90, "texture": "#texture"},
				"down": {"uv": [13, 4.25, 13.75, 5], "rotation": 270, "texture": "#texture"}
			}
		},
		{
			"name": "safety",
			"from": [7.375, 10.25, 8.875],
			"to": [7.625, 10.5, 10],
			"rotation": {"angle": 0, "axis": "y", "origin": [8, 8, 8]},
			"faces": {
				"north": {"uv": [11.5, 2.375, 12.25, 3.125], "texture": "#texture"},
				"south": {"uv": [11.375, 2.625, 12.125, 3.375], "texture": "#texture"},
				"west": {"uv": [11.5, 2.375, 12.25, 3.125], "texture": "#texture"},
				"up": {"uv": [11.5, 2.625, 12.25, 3.375], "rotation": 90, "texture": "#texture"},
				"down": {"uv": [11.375, 2.375, 12.125, 3.125], "rotation": 270, "texture": "#texture"}
			}
		},
		{
			"name": "safety",
			"from": [7.375, 10.125, 9],
			"to": [7.625, 10.625, 9.5],
			"rotation": {"angle": 0, "axis": "y", "origin": [8, 8, 8]},
			"faces": {
				"north": {"uv": [11.5, 2.375, 12.25, 3.125], "texture": "#texture"},
				"west": {"uv": [11.5, 2.375, 12.25, 3.125], "texture": "#texture"},
				"up": {"uv": [11.5, 2.625, 12.25, 3.375], "rotation": 90, "texture": "#texture"},
				"down": {"uv": [11.375, 2.375, 12.125, 3.125], "rotation": 270, "texture": "#texture"}
			}
		},
		{
			"name": "safety",
			"from": [7.375, 8.4405, 10.56326],
			"to": [7.625, 8.7955, 10.91826],
			"rotation": {"angle": -45, "axis": "x", "origin": [8, 8, 8]},
			"faces": {
				"north": {"uv": [11.5, 2.375, 12.25, 3.125], "texture": "#texture"},
				"east": {"uv": [11.5, 2.375, 12.25, 3.125], "texture": "#texture"},
				"west": {"uv": [11.5, 2.375, 12.25, 3.125], "texture": "#texture"},
				"down": {"uv": [11.375, 2.375, 12.125, 3.125], "rotation": 270, "texture": "#texture"}
			}
		},
		{
			"name": "safety",
			"from": [7.375, 10.38826, 6.85095],
			"to": [7.625, 10.56326, 7.02595],
			"rotation": {"angle": 45, "axis": "x", "origin": [8, 8, 8]},
			"faces": {
				"north": {"uv": [11.5, 2.375, 12.25, 3.125], "texture": "#texture"},
				"east": {"uv": [11.5, 2.375, 12.25, 3.125], "texture": "#texture"},
				"west": {"uv": [11.5, 2.375, 12.25, 3.125], "texture": "#texture"},
				"down": {"uv": [11.375, 2.375, 12.125, 3.125], "rotation": 270, "texture": "#texture"}
			}
		},
		{
			"name": "safety",
			"from": [7.375, 8.79727, 10.20971],
			"to": [7.625, 8.97227, 10.38471],
			"rotation": {"angle": -45, "axis": "x", "origin": [8, 8, 8]},
			"faces": {
				"north": {"uv": [11.5, 2.375, 12.25, 3.125], "texture": "#texture"},
				"east": {"uv": [11.5, 2.375, 12.25, 3.125], "texture": "#texture"},
				"west": {"uv": [11.5, 2.375, 12.25, 3.125], "texture": "#texture"},
				"down": {"uv": [11.375, 2.375, 12.125, 3.125], "rotation": 270, "texture": "#texture"}
			}
		},
		{
			"name": "safety",
			"from": [7.375, 10.5, 9.375],
			"to": [7.625, 10.75, 10.75],
			"rotation": {"angle": 0, "axis": "y", "origin": [8, 8, 8]},
			"faces": {
				"south": {"uv": [11.375, 2.625, 12.125, 3.375], "texture": "#texture"},
				"west": {"uv": [11.5, 2.375, 12.25, 3.125], "texture": "#texture"},
				"down": {"uv": [11.375, 2.375, 12.125, 3.125], "rotation": 270, "texture": "#texture"}
			}
		},
		{
			"name": "safety",
			"from": [7.375, 8.61727, 10.74004],
			"to": [7.625, 8.97227, 11.09504],
			"rotation": {"angle": -45, "axis": "x", "origin": [8, 8, 8]},
			"faces": {
				"east": {"uv": [11.5, 2.375, 12.25, 3.125], "texture": "#texture"},
				"west": {"uv": [11.5, 2.375, 12.25, 3.125], "texture": "#texture"},
				"up": {"uv": [11.5, 2.625, 12.25, 3.375], "rotation": 90, "texture": "#texture"}
			}
		},
		{
			"name": "safety",
			"from": [7.25, 10.5, 9.625],
			"to": [7.5, 10.75, 10.25],
			"rotation": {"angle": 0, "axis": "y", "origin": [8, 8, 8]},
			"faces": {
				"north": {"uv": [11.5, 2.375, 12.25, 3.125], "texture": "#texture"},
				"south": {"uv": [11.375, 2.625, 12.125, 3.375], "texture": "#texture"},
				"west": {"uv": [11.5, 2.375, 12.25, 3.125], "texture": "#texture"}
			}
		},
		{
			"name": "safety",
			"from": [9.23599, 9.9431, 9.625],
			"to": [9.59099, 10.2981, 10.25],
			"rotation": {"angle": 45, "axis": "z", "origin": [8, 8, 8]},
			"faces": {
				"north": {"uv": [11.5, 2.375, 12.25, 3.125], "texture": "#texture"},
				"south": {"uv": [11.375, 2.625, 12.125, 3.375], "texture": "#texture"},
				"west": {"uv": [11.5, 2.375, 12.25, 3.125], "texture": "#texture"},
				"up": {"uv": [11.5, 2.625, 12.25, 3.375], "rotation": 90, "texture": "#texture"}
			}
		},
		{
			"name": "safety",
			"from": [7.375, 10.375, 7.625],
			"to": [7.625, 10.75, 8.5],
			"rotation": {"angle": 0, "axis": "y", "origin": [8, 8, 8]},
			"faces": {
				"north": {"uv": [11.5, 2.375, 12.25, 3.125], "texture": "#texture"},
				"south": {"uv": [11.375, 2.625, 12.125, 3.375], "texture": "#texture"},
				"west": {"uv": [11.5, 2.375, 12.25, 3.125], "texture": "#texture"},
				"down": {"uv": [11.375, 2.375, 12.125, 3.125], "rotation": 270, "texture": "#texture"}
			}
		},
		{
			"name": "safety",
			"from": [7.375, 9.76186, 9.07219],
			"to": [7.625, 10.26186, 9.44719],
			"rotation": {"angle": -22.5, "axis": "x", "origin": [8, 8, 8]},
			"faces": {
				"north": {"uv": [11.5, 2.375, 12.25, 3.125], "texture": "#texture"},
				"east": {"uv": [11.5, 2.375, 12.25, 3.125], "texture": "#texture"},
				"south": {"uv": [11.375, 2.625, 12.125, 3.375], "texture": "#texture"},
				"west": {"uv": [11.5, 2.375, 12.25, 3.125], "texture": "#texture"},
				"down": {"uv": [11.375, 2.375, 12.125, 3.125], "rotation": 270, "texture": "#texture"}
			}
		},
		{
			"name": "screw",
			"from": [7.1875, 9.625, 10.25],
			"to": [8.8125, 10.125, 10.5],
			"rotation": {"angle": 0, "axis": "y", "origin": [8, 8, 8]},
			"faces": {
				"north": {"uv": [14.75, 7.625, 15.5, 8.375], "texture": "#texture"},
				"east": {"uv": [14.625, 7.75, 15.375, 8.5], "texture": "#texture"},
				"south": {"uv": [14.625, 7.5, 15.375, 8.25], "texture": "#texture"},
				"west": {"uv": [14.75, 7.5, 15.5, 8.25], "texture": "#texture"},
				"up": {"uv": [14.875, 7.625, 15.625, 8.375], "rotation": 90, "texture": "#texture"},
				"down": {"uv": [14.625, 7.375, 15.375, 8.125], "rotation": 270, "texture": "#texture"}
			}
		},
		{
			"name": "screw",
			"from": [7.1875, 9.75, 10.125],
			"to": [8.8125, 10, 10.625],
			"rotation": {"angle": 0, "axis": "y", "origin": [8, 8, 8]},
			"faces": {
				"north": {"uv": [14.75, 7.625, 15.5, 8.375], "texture": "#texture"},
				"east": {"uv": [14.625, 7.75, 15.375, 8.5], "texture": "#texture"},
				"south": {"uv": [14.625, 7.5, 15.375, 8.25], "texture": "#texture"},
				"west": {"uv": [14.75, 7.5, 15.5, 8.25], "texture": "#texture"},
				"up": {"uv": [14.875, 7.625, 15.625, 8.375], "rotation": 90, "texture": "#texture"},
				"down": {"uv": [14.625, 7.375, 15.375, 8.125], "rotation": 270, "texture": "#texture"}
			}
		},
		{
			"name": "screw",
			"from": [7.1875, 7.38161, 10.91682],
			"to": [8.8125, 7.91161, 11.09182],
			"rotation": {"angle": -45, "axis": "x", "origin": [8, 8, 8]},
			"faces": {
				"east": {"uv": [14.625, 7.75, 15.375, 8.5], "texture": "#texture"},
				"south": {"uv": [14.625, 7.5, 15.375, 8.25], "texture": "#texture"},
				"west": {"uv": [14.75, 7.5, 15.5, 8.25], "texture": "#texture"},
				"up": {"uv": [14.875, 7.625, 15.625, 8.375], "rotation": 90, "texture": "#texture"},
				"down": {"uv": [14.625, 7.375, 15.375, 8.125], "rotation": 270, "texture": "#texture"}
			}
		},
		{
			"name": "screw",
			"from": [7.1875, 10.74037, 8.26517],
			"to": [8.8125, 11.27037, 8.44017],
			"rotation": {"angle": 45, "axis": "x", "origin": [8, 8, 8]},
			"faces": {
				"east": {"uv": [14.625, 7.75, 15.375, 8.5], "texture": "#texture"},
				"south": {"uv": [14.625, 7.5, 15.375, 8.25], "texture": "#texture"},
				"west": {"uv": [14.75, 7.5, 15.5, 8.25], "texture": "#texture"},
				"up": {"uv": [14.875, 7.625, 15.625, 8.375], "rotation": 90, "texture": "#texture"},
				"down": {"uv": [14.625, 7.375, 15.375, 8.125], "rotation": 270, "texture": "#texture"}
			}
		},
		{
			"from": [7.5, 11.77297, 8],
			"to": [8.5, 12.77297, 8.625],
			"rotation": {"angle": 45, "axis": "x", "origin": [8, 8, 8]},
			"faces": {
				"north": {"uv": [13, 2.5, 13.75, 3.25], "texture": "#texture"},
				"east": {"uv": [13, 2.75, 13.75, 3.5], "texture": "#texture"},
				"south": {"uv": [13.25, 2.5, 14, 3.25], "texture": "#texture"},
				"west": {"uv": [13.25, 2.5, 14, 3.25], "texture": "#texture"},
				"up": {"uv": [13, 2.5, 13.75, 3.25], "rotation": 90, "texture": "#texture"}
			}
		},
		{
			"name": "screw*",
			"from": [7.1875, 8.125, 9.75],
			"to": [8.8125, 8.625, 10],
			"rotation": {"angle": 0, "axis": "y", "origin": [8, 8, 8]},
			"faces": {
				"north": {"uv": [14.75, 7.625, 15.5, 8.375], "texture": "#texture"},
				"east": {"uv": [14.625, 7.75, 15.375, 8.5], "texture": "#texture"},
				"south": {"uv": [14.625, 7.5, 15.375, 8.25], "texture": "#texture"},
				"west": {"uv": [14.75, 7.5, 15.5, 8.25], "texture": "#texture"},
				"up": {"uv": [14.875, 7.625, 15.625, 8.375], "rotation": 90, "texture": "#texture"},
				"down": {"uv": [14.625, 7.375, 15.375, 8.125], "rotation": 270, "texture": "#texture"}
			}
		},
		{
			"name": "screw*",
			"from": [7.1875, 8.25, 9.625],
			"to": [8.8125, 8.5, 10.125],
			"rotation": {"angle": 0, "axis": "y", "origin": [8, 8, 8]},
			"faces": {
				"north": {"uv": [14.75, 7.625, 15.5, 8.375], "texture": "#texture"},
				"east": {"uv": [14.625, 7.75, 15.375, 8.5], "texture": "#texture"},
				"south": {"uv": [14.625, 7.5, 15.375, 8.25], "texture": "#texture"},
				"west": {"uv": [14.75, 7.5, 15.5, 8.25], "texture": "#texture"},
				"up": {"uv": [14.875, 7.625, 15.625, 8.375], "rotation": 90, "texture": "#texture"},
				"down": {"uv": [14.625, 7.375, 15.375, 8.125], "rotation": 270, "texture": "#texture"}
			}
		},
		{
			"name": "screw*",
			"from": [7.1875, 9.32616, 8.97227],
			"to": [8.8125, 9.85616, 9.14727],
			"rotation": {"angle": 45, "axis": "x", "origin": [8, 8, 8]},
			"faces": {
				"east": {"uv": [14.625, 7.75, 15.375, 8.5], "texture": "#texture"},
				"south": {"uv": [14.625, 7.5, 15.375, 8.25], "texture": "#texture"},
				"west": {"uv": [14.75, 7.5, 15.5, 8.25], "texture": "#texture"},
				"up": {"uv": [14.875, 7.625, 15.625, 8.375], "rotation": 90, "texture": "#texture"},
				"down": {"uv": [14.625, 7.375, 15.375, 8.125], "rotation": 270, "texture": "#texture"}
			}
		},
		{
			"name": "screw*",
			"from": [7.1875, 6.6745, 9.5026],
			"to": [8.8125, 7.2045, 9.6776],
			"rotation": {"angle": -45, "axis": "x", "origin": [8, 8, 8]},
			"faces": {
				"east": {"uv": [14.625, 7.75, 15.375, 8.5], "texture": "#texture"},
				"south": {"uv": [14.625, 7.5, 15.375, 8.25], "texture": "#texture"},
				"west": {"uv": [14.75, 7.5, 15.5, 8.25], "texture": "#texture"},
				"up": {"uv": [14.875, 7.625, 15.625, 8.375], "rotation": 90, "texture": "#texture"},
				"down": {"uv": [14.625, 7.375, 15.375, 8.125], "rotation": 270, "texture": "#texture"}
			}
		},
		{
			"name": "screw*",
			"from": [7.1875, 4.875, 11.75],
			"to": [8.8125, 5.375, 12],
			"rotation": {"angle": 0, "axis": "y", "origin": [8, 8, 8]},
			"faces": {
				"north": {"uv": [14.75, 7.625, 15.5, 8.375], "texture": "#texture"},
				"east": {"uv": [14.625, 7.75, 15.375, 8.5], "texture": "#texture"},
				"south": {"uv": [14.625, 7.5, 15.375, 8.25], "texture": "#texture"},
				"west": {"uv": [14.75, 7.5, 15.5, 8.25], "texture": "#texture"},
				"up": {"uv": [14.875, 7.625, 15.625, 8.375], "rotation": 90, "texture": "#texture"},
				"down": {"uv": [14.625, 7.375, 15.375, 8.125], "rotation": 270, "texture": "#texture"}
			}
		},
		{
			"name": "screw*",
			"from": [7.1875, 5, 11.625],
			"to": [8.8125, 5.25, 12.125],
			"rotation": {"angle": 0, "axis": "y", "origin": [8, 8, 8]},
			"faces": {
				"north": {"uv": [14.75, 7.625, 15.5, 8.375], "texture": "#texture"},
				"east": {"uv": [14.625, 7.75, 15.375, 8.5], "texture": "#texture"},
				"south": {"uv": [14.625, 7.5, 15.375, 8.25], "texture": "#texture"},
				"west": {"uv": [14.75, 7.5, 15.5, 8.25], "texture": "#texture"},
				"up": {"uv": [14.875, 7.625, 15.625, 8.375], "rotation": 90, "texture": "#texture"},
				"down": {"uv": [14.625, 7.375, 15.375, 8.125], "rotation": 270, "texture": "#texture"}
			}
		},
		{
			"name": "screw*",
			"from": [7.1875, 2.96219, 8.61872],
			"to": [8.8125, 3.49219, 8.79372],
			"rotation": {"angle": -45, "axis": "x", "origin": [8, 8, 8]},
			"faces": {
				"east": {"uv": [14.625, 7.75, 15.375, 8.5], "texture": "#texture"},
				"south": {"uv": [14.625, 7.5, 15.375, 8.25], "texture": "#texture"},
				"west": {"uv": [14.75, 7.5, 15.5, 8.25], "texture": "#texture"},
				"up": {"uv": [14.875, 7.625, 15.625, 8.375], "rotation": 90, "texture": "#texture"},
				"down": {"uv": [14.625, 7.375, 15.375, 8.125], "rotation": 270, "texture": "#texture"}
			}
		},
		{
			"name": "screw*",
			"from": [7.1875, 8.44227, 12.68458],
			"to": [8.8125, 8.97227, 12.85958],
			"rotation": {"angle": 45, "axis": "x", "origin": [8, 8, 8]},
			"faces": {
				"east": {"uv": [14.625, 7.75, 15.375, 8.5], "texture": "#texture"},
				"south": {"uv": [14.625, 7.5, 15.375, 8.25], "texture": "#texture"},
				"west": {"uv": [14.75, 7.5, 15.5, 8.25], "texture": "#texture"},
				"up": {"uv": [14.875, 7.625, 15.625, 8.375], "rotation": 90, "texture": "#texture"},
				"down": {"uv": [14.625, 7.375, 15.375, 8.125], "rotation": 270, "texture": "#texture"}
			}
		},
		{
			"from": [7.625, 9.23745, 7.97375],
			"to": [8.375, 10.98745, 8.22375],
			"rotation": {"angle": -22.5, "axis": "x", "origin": [8, 8, 8]},
			"faces": {
				"north": {"uv": [13.125, 5.875, 13.875, 6.625], "texture": "#texture"},
				"east": {"uv": [13.125, 5.875, 13.875, 6.625], "texture": "#texture"},
				"west": {"uv": [13.125, 5.875, 13.875, 6.625], "texture": "#texture"}
			}
		},
		{
			"from": [7.75, 10.125, 2.5],
			"to": [8.25, 10.75, 10.75],
			"rotation": {"angle": 0, "axis": "y", "origin": [8, 8, 8]},
			"faces": {
				"north": {"uv": [11.375, 7.375, 12.125, 8.125], "texture": "#texture"},
				"east": {"uv": [11.375, 7.375, 12.125, 8.125], "texture": "#texture"},
				"west": {"uv": [11.375, 7.375, 12.125, 8.125], "texture": "#texture"},
				"down": {"uv": [11.5, 7.75, 12.25, 8.5], "rotation": 270, "texture": "#texture"}
			}
		},
		{
			"from": [7.625, 10.25, 2.5],
			"to": [8.375, 10.75, 10.75],
			"rotation": {"angle": 0, "axis": "y", "origin": [8, 8, 8]},
			"faces": {
				"north": {"uv": [11.375, 7.375, 12.125, 8.125], "texture": "#texture"},
				"east": {"uv": [11.375, 7.375, 12.125, 8.125], "texture": "#texture"},
				"west": {"uv": [11.375, 7.375, 12.125, 8.125], "texture": "#texture"},
				"down": {"uv": [11.5, 7.75, 12.25, 8.5], "rotation": 270, "texture": "#texture"}
			}
		},
		{
			"from": [9.68116, 9.32616, 2.5],
			"to": [9.85616, 9.85616, 10.75],
			"rotation": {"angle": 45, "axis": "z", "origin": [8, 8, 8]},
			"faces": {
				"north": {"uv": [11.375, 7.375, 12.125, 8.125], "texture": "#texture"},
				"south": {"uv": [11.5, 7.625, 12.25, 8.375], "texture": "#texture"},
				"west": {"uv": [11.375, 7.375, 12.125, 8.125], "texture": "#texture"},
				"down": {"uv": [11.5, 7.75, 12.25, 8.5], "rotation": 270, "texture": "#texture"}
			}
		},
		{
			"from": [6.14562, 9.32616, 2.5],
			"to": [6.32062, 9.85616, 10.75],
			"rotation": {"angle": -45, "axis": "z", "origin": [8, 8, 8]},
			"faces": {
				"north": {"uv": [11.375, 7.375, 12.125, 8.125], "texture": "#texture"},
				"south": {"uv": [11.5, 7.625, 12.25, 8.375], "texture": "#texture"},
				"west": {"uv": [11.375, 7.375, 12.125, 8.125], "texture": "#texture"},
				"down": {"uv": [11.5, 7.75, 12.25, 8.5], "rotation": 270, "texture": "#texture"}
			}
		},
		{
			"from": [7.5, 9.40862, 5.16751],
			"to": [8.5, 9.93862, 6.66751],
			"rotation": {"angle": 22.5, "axis": "x", "origin": [8, 8, 8]},
			"faces": {
				"north": {"uv": [13, 2.5, 13.75, 3.25], "texture": "#texture"},
				"east": {"uv": [13, 2.75, 13.75, 3.5], "texture": "#texture"},
				"west": {"uv": [13.25, 2.5, 14, 3.25], "texture": "#texture"},
				"up": {"uv": [13, 2.5, 13.75, 3.25], "rotation": 90, "texture": "#texture"},
				"down": {"uv": [13, 2.5, 13.75, 3.25], "rotation": 270, "texture": "#texture"}
			}
		},
		{
			"from": [7.875, 12.95008, 7.82322],
			"to": [8.125, 13.48008, 8.35322],
			"rotation": {"angle": 45, "axis": "x", "origin": [8, 8, 8]},
			"faces": {
				"north": {"uv": [11.375, 7.375, 12.125, 8.125], "texture": "#texture"},
				"east": {"uv": [11.375, 7.375, 12.125, 8.125], "texture": "#texture"},
				"south": {"uv": [11.5, 7.625, 12.25, 8.375], "texture": "#texture"},
				"west": {"uv": [11.375, 7.375, 12.125, 8.125], "texture": "#texture"},
				"up": {"uv": [11.375, 7.5, 12.125, 8.25], "rotation": 90, "texture": "#texture"}
			}
		},
		{
			"from": [7.875, 8.00178, 13.3033],
			"to": [8.125, 8.17678, 13.6583],
			"rotation": {"angle": -45, "axis": "x", "origin": [8, 8, 8]},
			"faces": {
				"east": {"uv": [11.375, 7.375, 12.125, 8.125], "texture": "#texture"},
				"south": {"uv": [11.5, 7.625, 12.25, 8.375], "texture": "#texture"},
				"west": {"uv": [11.375, 7.375, 12.125, 8.125], "texture": "#texture"},
				"up": {"uv": [11.375, 7.5, 12.125, 8.25], "rotation": 90, "texture": "#texture"},
				"down": {"uv": [11.5, 7.75, 12.25, 8.5], "rotation": 270, "texture": "#texture"}
			}
		},
		{
			"from": [7.875, 7.64822, 13.3033],
			"to": [8.125, 7.82322, 13.6583],
			"rotation": {"angle": -45, "axis": "x", "origin": [8, 8, 8]},
			"faces": {
				"east": {"uv": [11.375, 7.375, 12.125, 8.125], "texture": "#texture"},
				"west": {"uv": [11.375, 7.375, 12.125, 8.125], "texture": "#texture"},
				"up": {"uv": [11.375, 7.5, 12.125, 8.25], "rotation": 90, "texture": "#texture"},
				"down": {"uv": [11.5, 7.75, 12.25, 8.5], "rotation": 270, "texture": "#texture"}
			}
		},
		{
			"from": [7.875, 12, 11.875],
			"to": [8.125, 12.125, 12.125],
			"rotation": {"angle": 0, "axis": "y", "origin": [8, 8, 8]},
			"faces": {
				"east": {"uv": [11.375, 7.375, 12.125, 8.125], "texture": "#texture"},
				"west": {"uv": [11.375, 7.375, 12.125, 8.125], "texture": "#texture"},
				"up": {"uv": [11.375, 7.5, 12.125, 8.25], "rotation": 90, "texture": "#texture"},
				"down": {"uv": [11.5, 7.75, 12.25, 8.5], "rotation": 270, "texture": "#texture"}
			}
		},
		{
			"from": [7.875, 11.75, 12.125],
			"to": [8.125, 12, 12.25],
			"rotation": {"angle": 0, "axis": "y", "origin": [8, 8, 8]},
			"faces": {
				"north": {"uv": [11.375, 7.375, 12.125, 8.125], "texture": "#texture"},
				"east": {"uv": [11.375, 7.375, 12.125, 8.125], "texture": "#texture"},
				"south": {"uv": [11.5, 7.625, 12.25, 8.375], "texture": "#texture"},
				"west": {"uv": [11.375, 7.375, 12.125, 8.125], "texture": "#texture"},
				"up": {"uv": [11.375, 7.5, 12.125, 8.25], "rotation": 90, "texture": "#texture"},
				"down": {"uv": [11.5, 7.75, 12.25, 8.5], "rotation": 270, "texture": "#texture"}
			}
		},
		{
			"from": [7.875, 13.65863, 8],
			"to": [8.125, 13.83363, 8.175],
			"rotation": {"angle": 45, "axis": "x", "origin": [8, 8, 8]},
			"faces": {
				"east": {"uv": [11.375, 7.375, 12.125, 8.125], "texture": "#texture"},
				"south": {"uv": [11.5, 7.625, 12.25, 8.375], "texture": "#texture"},
				"west": {"uv": [11.375, 7.375, 12.125, 8.125], "texture": "#texture"},
				"up": {"uv": [11.375, 7.5, 12.125, 8.25], "rotation": 90, "texture": "#texture"},
				"down": {"uv": [11.5, 7.75, 12.25, 8.5], "rotation": 270, "texture": "#texture"}
			}
		},
		{
			"from": [10.45575, 10.93366, 2.5],
			"to": [10.81075, 11.19966, 3.5],
			"rotation": {"angle": 45, "axis": "z", "origin": [8, 8, 8]},
			"faces": {
				"north": {"uv": [14.75, 6, 15.5, 6.75], "texture": "#texture"},
				"south": {"uv": [14.75, 6, 15.5, 6.75], "texture": "#texture"},
				"west": {"uv": [14.625, 5.875, 15.375, 6.625], "texture": "#texture"},
				"up": {"uv": [14.75, 5.875, 15.5, 6.625], "rotation": 90, "texture": "#texture"}
			}
		},
		{
			"from": [7.475, 10.75, 2.5],
			"to": [7.725, 12, 3.5],
			"rotation": {"angle": 0, "axis": "y", "origin": [8, 8, 8]},
			"faces": {
				"north": {"uv": [14.75, 6, 15.5, 6.75], "texture": "#texture"},
				"east": {"uv": [13.125, 6, 13.875, 6.75], "texture": "#texture"},
				"south": {"uv": [14.75, 6, 15.5, 6.75], "texture": "#texture"},
				"west": {"uv": [14.625, 6, 15.375, 6.75], "texture": "#texture"},
				"down": {"uv": [13.125, 6, 13.875, 6.75], "rotation": 270, "texture": "#texture"}
			}
		},
		{
			"from": [7.725, 12, 2.5],
			"to": [8.275, 12.25, 3.5],
			"rotation": {"angle": 0, "axis": "y", "origin": [8, 8, 8]},
			"faces": {
				"north": {"uv": [14.75, 6, 15.5, 6.75], "texture": "#texture"},
				"south": {"uv": [14.75, 6, 15.5, 6.75], "texture": "#texture"},
				"up": {"uv": [14.75, 5.875, 15.5, 6.625], "rotation": 90, "texture": "#texture"}
			}
		},
		{
			"from": [5.1878, 10.93366, 2.5],
			"to": [5.5428, 11.19966, 3.5],
			"rotation": {"angle": -45, "axis": "z", "origin": [8, 8, 8]},
			"faces": {
				"north": {"uv": [14.75, 6, 15.5, 6.75], "texture": "#texture"},
				"south": {"uv": [14.75, 6, 15.5, 6.75], "texture": "#texture"},
				"west": {"uv": [14.625, 5.875, 15.375, 6.625], "texture": "#texture"},
				"up": {"uv": [14.75, 5.875, 15.5, 6.625], "rotation": 90, "texture": "#texture"}
			}
		},
		{
			"from": [5.6105, 10.75, 3.53834],
			"to": [5.8855, 11.75, 4.18834],
			"rotation": {"angle": -22.5, "axis": "y", "origin": [8, 8, 8]},
			"faces": {
				"north": {"uv": [14.75, 6, 15.5, 6.75], "texture": "#texture"},
				"east": {"uv": [14.75, 5.875, 15.5, 6.625], "texture": "#texture"},
				"south": {"uv": [14.75, 6, 15.5, 6.75], "texture": "#texture"},
				"west": {"uv": [14.625, 5.875, 15.375, 6.625], "texture": "#texture"},
				"up": {"uv": [14.75, 5.875, 15.5, 6.625], "rotation": 90, "texture": "#texture"},
				"down": {"uv": [14.75, 5.875, 15.5, 6.625], "rotation": 270, "texture": "#texture"}
			}
		},
		{
			"from": [7.25, 10.75, 3.5],
			"to": [7.5, 11.75, 6],
			"rotation": {"angle": 0, "axis": "y", "origin": [8, 8, 8]},
			"faces": {
				"north": {"uv": [14.875, 6.125, 15.625, 6.875], "texture": "#texture"},
				"east": {"uv": [14.75, 5.875, 15.5, 6.625], "texture": "#texture"},
				"west": {"uv": [14.625, 5.875, 15.375, 6.625], "texture": "#texture"},
				"up": {"uv": [14.75, 5.875, 15.5, 6.625], "rotation": 90, "texture": "#texture"},
				"down": {"uv": [14.75, 5.875, 15.5, 6.625], "rotation": 270, "texture": "#texture"}
			}
		},
		{
			"from": [7.5, 10.75, 2.5],
			"to": [8.5, 11, 3.5],
			"rotation": {"angle": 0, "axis": "y", "origin": [8, 8, 8]},
			"faces": {
				"north": {"uv": [14.75, 6, 15.5, 6.75], "texture": "#texture"},
				"south": {"uv": [14.75, 6, 15.5, 6.75], "texture": "#texture"},
				"up": {"uv": [13.125, 5.75, 13.875, 6.5], "rotation": 90, "texture": "#texture"}
			}
		},
		{
			"from": [8.275, 10.75, 2.5],
			"to": [8.525, 12, 3.5],
			"rotation": {"angle": 0, "axis": "y", "origin": [8, 8, 8]},
			"faces": {
				"north": {"uv": [14.75, 6, 15.5, 6.75], "texture": "#texture"},
				"east": {"uv": [14.75, 5.875, 15.5, 6.625], "texture": "#texture"},
				"south": {"uv": [14.75, 6, 15.5, 6.75], "texture": "#texture"},
				"west": {"uv": [13.25, 5.875, 14, 6.625], "texture": "#texture"},
				"down": {"uv": [13.125, 6, 13.875, 6.75], "rotation": 270, "texture": "#texture"}
			}
		},
		{
			"from": [10.16437, 10.75, 3.4998],
			"to": [10.38937, 11.75, 4.1248],
			"rotation": {"angle": 22.5, "axis": "y", "origin": [8, 8, 8]},
			"faces": {
				"east": {"uv": [14.75, 5.875, 15.5, 6.625], "texture": "#texture"},
				"west": {"uv": [14.625, 5.875, 15.375, 6.625], "texture": "#texture"},
				"up": {"uv": [14.75, 5.875, 15.5, 6.625], "rotation": 90, "texture": "#texture"},
				"down": {"uv": [14.75, 5.875, 15.5, 6.625], "rotation": 270, "texture": "#texture"}
			}
		},
		{
			"from": [8.5, 10.75, 3.5],
			"to": [8.75, 11.75, 6],
			"rotation": {"angle": 0, "axis": "y", "origin": [8, 8, 8]},
			"faces": {
				"north": {"uv": [14.875, 6.125, 15.625, 6.875], "texture": "#texture"},
				"east": {"uv": [14.75, 5.875, 15.5, 6.625], "texture": "#texture"},
				"west": {"uv": [14.625, 5.875, 15.375, 6.625], "texture": "#texture"},
				"up": {"uv": [14.75, 5.875, 15.5, 6.625], "rotation": 90, "texture": "#texture"},
				"down": {"uv": [14.75, 5.875, 15.5, 6.625], "rotation": 270, "texture": "#texture"}
			}
		},
		{
			"from": [8.45, 10.93893, 8.68031],
			"to": [8.75, 11.43893, 9.43031],
			"rotation": {"angle": -22.5, "axis": "x", "origin": [8, 8, 8]},
			"faces": {
				"east": {"uv": [14.75, 5.875, 15.5, 6.625], "texture": "#texture"},
				"west": {"uv": [14.625, 5.875, 15.375, 6.625], "texture": "#texture"},
				"up": {"uv": [14.75, 5.875, 15.5, 6.625], "rotation": 90, "texture": "#texture"}
			}
		},
		{
			"from": [8.45, 10.75, 6],
			"to": [8.75, 11.5, 8],
			"rotation": {"angle": 0, "axis": "y", "origin": [8, 8, 8]},
			"faces": {
				"north": {"uv": [14.75, 6, 15.5, 6.75], "texture": "#texture"},
				"east": {"uv": [14.75, 5.875, 15.5, 6.625], "texture": "#texture"},
				"west": {"uv": [14.625, 5.875, 15.375, 6.625], "texture": "#texture"},
				"up": {"uv": [14.75, 5.875, 15.5, 6.625], "rotation": 90, "texture": "#texture"},
				"down": {"uv": [14.75, 5.875, 15.5, 6.625], "rotation": 270, "texture": "#texture"}
			}
		},
		{
			"from": [8.45, 10.19918, 4.71718],
			"to": [8.75, 10.69918, 5.46718],
			"rotation": {"angle": 22.5, "axis": "x", "origin": [8, 8, 8]},
			"faces": {
				"east": {"uv": [14.75, 5.875, 15.5, 6.625], "texture": "#texture"},
				"west": {"uv": [14.625, 5.875, 15.375, 6.625], "texture": "#texture"},
				"up": {"uv": [14.75, 5.875, 15.5, 6.625], "rotation": 90, "texture": "#texture"},
				"down": {"uv": [14.75, 5.875, 15.5, 6.625], "rotation": 270, "texture": "#texture"}
			}
		},
		{
			"from": [7.24, 10.875, 7.875],
			"to": [8.76, 11.625, 10.125],
			"rotation": {"angle": 0, "axis": "y", "origin": [8, 8, 8]},
			"faces": {
				"north": {"uv": [7, 14.5, 7.625, 15.125], "texture": "#texture"},
				"east": {"uv": [9.25, 6.5, 0.25, 10.125], "texture": "#texture"},
				"south": {"uv": [7, 14.5, 7.625, 15.125], "texture": "#texture"},
				"west": {"uv": [0.25, 6.5, 9.25, 10.125], "texture": "#texture"},
				"up": {"uv": [7, 14.5, 7.625, 15.125], "rotation": 90, "texture": "#texture"},
				"down": {"uv": [7, 14.5, 7.625, 15.125], "rotation": 270, "texture": "#texture"}
			}
		},
		{
			"from": [7.25, 10.75, 8],
			"to": [7.65, 11.75, 11.375],
			"rotation": {"angle": 0, "axis": "y", "origin": [8, 8, 8]},
			"faces": {
				"north": {"uv": [14.75, 6, 15.5, 6.75], "texture": "#texture"},
				"east": {"uv": [14.75, 5.875, 15.5, 6.625], "texture": "#texture"},
				"west": {"uv": [14.625, 5.875, 15.375, 6.625], "texture": "#texture"},
				"up": {"uv": [14.75, 5.875, 15.5, 6.625], "rotation": 90, "texture": "#texture"},
				"down": {"uv": [14.75, 5.875, 15.5, 6.625], "rotation": 270, "texture": "#texture"}
			}
		},
		{
			"from": [8.35, 10.75, 8],
			"to": [8.75, 11.75, 11.375],
			"rotation": {"angle": 0, "axis": "y", "origin": [8, 8, 8]},
			"faces": {
				"north": {"uv": [14.75, 6, 15.5, 6.75], "texture": "#texture"},
				"east": {"uv": [14.75, 5.875, 15.5, 6.625], "texture": "#texture"},
				"west": {"uv": [14.625, 5.875, 15.375, 6.625], "texture": "#texture"},
				"down": {"uv": [14.75, 5.875, 15.5, 6.625], "rotation": 270, "texture": "#texture"}
			}
		},
		{
			"from": [5.17368, 10.87698, 8],
			"to": [5.87868, 11.18198, 11.5],
			"rotation": {"angle": -45, "axis": "z", "origin": [8, 8, 8]},
			"faces": {
				"north": {"uv": [14.75, 6, 15.5, 6.75], "texture": "#texture"},
				"east": {"uv": [14.75, 5.875, 15.5, 6.625], "texture": "#texture"},
				"south": {"uv": [14.75, 6, 15.5, 6.75], "texture": "#texture"},
				"west": {"uv": [14.625, 5.875, 15.375, 6.625], "texture": "#texture"},
				"up": {"uv": [14.75, 5.875, 15.5, 6.625], "rotation": 90, "texture": "#texture"},
				"down": {"uv": [14.75, 5.875, 15.5, 6.625], "rotation": 270, "texture": "#texture"}
			}
		},
		{
			"from": [7.75, 11.9, 8],
			"to": [8.25, 12.25, 11.5],
			"rotation": {"angle": 0, "axis": "y", "origin": [8, 8, 8]},
			"faces": {
				"north": {"uv": [14.75, 6, 15.5, 6.75], "texture": "#texture"},
				"east": {"uv": [14.75, 5.875, 15.5, 6.625], "texture": "#texture"},
				"south": {"uv": [14.75, 6, 15.5, 6.75], "texture": "#texture"},
				"up": {"uv": [14.75, 5.875, 15.5, 6.625], "rotation": 90, "texture": "#texture"},
				"down": {"uv": [14.75, 5.875, 15.5, 6.625], "rotation": 270, "texture": "#texture"}
			}
		},
		{
			"from": [10.12343, 10.87698, 8],
			"to": [10.82843, 11.18198, 11.5],
			"rotation": {"angle": 45, "axis": "z", "origin": [8, 8, 8]},
			"faces": {
				"north": {"uv": [14.75, 6, 15.5, 6.75], "texture": "#texture"},
				"south": {"uv": [14.75, 6, 15.5, 6.75], "texture": "#texture"},
				"west": {"uv": [14.625, 5.875, 15.375, 6.625], "texture": "#texture"},
				"up": {"uv": [14.75, 5.875, 15.5, 6.625], "rotation": 90, "texture": "#texture"},
				"down": {"uv": [14.75, 5.875, 15.5, 6.625], "rotation": 270, "texture": "#texture"}
			}
		},
		{
			"from": [7.25, 10.93893, 8.68031],
			"to": [7.55, 11.43893, 9.43031],
			"rotation": {"angle": -22.5, "axis": "x", "origin": [8, 8, 8]},
			"faces": {
				"east": {"uv": [14.75, 5.875, 15.5, 6.625], "texture": "#texture"},
				"west": {"uv": [14.625, 5.875, 15.375, 6.625], "texture": "#texture"},
				"up": {"uv": [14.75, 5.875, 15.5, 6.625], "rotation": 90, "texture": "#texture"}
			}
		},
		{
			"from": [7.25, 10.75, 6],
			"to": [7.55, 11.5, 8],
			"rotation": {"angle": 0, "axis": "y", "origin": [8, 8, 8]},
			"faces": {
				"north": {"uv": [14.75, 6, 15.5, 6.75], "texture": "#texture"},
				"east": {"uv": [14.75, 5.875, 15.5, 6.625], "texture": "#texture"},
				"west": {"uv": [14.625, 5.875, 15.375, 6.625], "texture": "#texture"},
				"up": {"uv": [14.75, 5.875, 15.5, 6.625], "rotation": 90, "texture": "#texture"},
				"down": {"uv": [14.75, 5.875, 15.5, 6.625], "rotation": 270, "texture": "#texture"}
			}
		},
		{
			"from": [7.25, 10.19918, 4.71718],
			"to": [7.55, 10.69918, 5.46718],
			"rotation": {"angle": 22.5, "axis": "x", "origin": [8, 8, 8]},
			"faces": {
				"east": {"uv": [14.75, 5.875, 15.5, 6.625], "texture": "#texture"},
				"west": {"uv": [14.625, 5.875, 15.375, 6.625], "texture": "#texture"},
				"up": {"uv": [14.75, 5.875, 15.5, 6.625], "rotation": 90, "texture": "#texture"},
				"down": {"uv": [14.75, 5.875, 15.5, 6.625], "rotation": 270, "texture": "#texture"}
			}
		},
		{
			"from": [7.24, 10.9375, 6.125],
			"to": [7.99, 11.1875, 6.5],
			"rotation": {"angle": 0, "axis": "y", "origin": [8, 8, 8]},
			"faces": {
				"north": {"uv": [6.625, 14.5, 7.5, 15.375], "texture": "#texture"},
				"east": {"uv": [8.5, 0.125, 0.125, 6.25], "texture": "#texture"},
				"south": {"uv": [6.625, 14.5, 7.5, 15.375], "texture": "#texture"},
				"west": {"uv": [0.125, 0.125, 8.5, 6.25], "texture": "#texture"},
				"up": {"uv": [6.625, 14.5, 7.5, 15.375], "rotation": 90, "texture": "#texture"},
				"down": {"uv": [6.625, 14.5, 7.5, 15.375], "rotation": 270, "texture": "#texture"}
			}
		},
		{
			"from": [7.24, 11, 5.25],
			"to": [7.99, 11.125, 5.875],
			"rotation": {"angle": 0, "axis": "y", "origin": [8, 8, 8]},
			"faces": {
				"north": {"uv": [6.625, 14.5, 7.5, 15.375], "texture": "#texture"},
				"south": {"uv": [6.625, 14.5, 7.5, 15.375], "texture": "#texture"},
				"west": {"uv": [0.125, 12.125, 9.375, 13.75], "texture": "#texture"},
				"up": {"uv": [6.625, 14.5, 7.5, 15.375], "rotation": 90, "texture": "#texture"},
				"down": {"uv": [6.625, 14.5, 7.5, 15.375], "rotation": 270, "texture": "#texture"}
			}
		},
		{
			"from": [7.24, 11, 4.625],
			"to": [7.99, 11.125, 5.125],
			"rotation": {"angle": 0, "axis": "y", "origin": [8, 8, 8]},
			"faces": {
				"north": {"uv": [6.625, 14.5, 7.5, 15.375], "texture": "#texture"},
				"south": {"uv": [6.625, 14.5, 7.5, 15.375], "texture": "#texture"},
				"west": {"uv": [0.125, 10.375, 7.5, 12], "texture": "#texture"},
				"up": {"uv": [6.625, 14.5, 7.5, 15.375], "rotation": 90, "texture": "#texture"},
				"down": {"uv": [6.625, 14.5, 7.5, 15.375], "rotation": 270, "texture": "#texture"}
			}
		},
		{
			"from": [7.24, 10.875, 10.375],
			"to": [7.99, 11.125, 10.625],
			"rotation": {"angle": 0, "axis": "y", "origin": [8, 8, 8]},
			"faces": {
				"north": {"uv": [6.625, 14.5, 7.5, 15.375], "texture": "#texture"},
				"east": {"uv": [15.875, 0.125, 14, 2], "texture": "#texture"},
				"south": {"uv": [6.625, 14.5, 7.5, 15.375], "texture": "#texture"},
				"west": {"uv": [14, 0.125, 15.875, 2], "texture": "#texture"},
				"up": {"uv": [6.625, 14.5, 7.5, 15.375], "rotation": 90, "texture": "#texture"},
				"down": {"uv": [6.625, 14.5, 7.5, 15.375], "rotation": 270, "texture": "#texture"}
			}
		},
		{
			"name": "safety*",
			"from": [7.125, 12.24297, 7.46967],
			"to": [7.625, 12.77297, 7.64467],
			"rotation": {"angle": 45, "axis": "x", "origin": [8, 8, 8]},
			"faces": {
				"east": {"uv": [14.625, 4.375, 15.375, 5.125], "texture": "#texture"},
				"south": {"uv": [15, 4, 15.75, 4.75], "texture": "#texture"},
				"west": {"uv": [14.875, 4.25, 15.625, 5], "texture": "#texture"},
				"up": {"uv": [14.625, 4.375, 15.375, 5.125], "rotation": 90, "texture": "#texture"},
				"down": {"uv": [14.75, 4.125, 15.5, 4.875], "rotation": 270, "texture": "#texture"}
			}
		},
		{
			"name": "safety*",
			"from": [7.125, 11.375, 10.25],
			"to": [7.625, 11.625, 10.75],
			"rotation": {"angle": 0, "axis": "y", "origin": [8, 8, 8]},
			"faces": {
				"north": {"uv": [14.625, 4.125, 15.375, 4.875], "texture": "#texture"},
				"west": {"uv": [14.875, 4.25, 15.625, 5], "texture": "#texture"},
				"up": {"uv": [14.625, 4.375, 15.375, 5.125], "rotation": 90, "texture": "#texture"},
				"down": {"uv": [14.75, 4.125, 15.5, 4.875], "rotation": 270, "texture": "#texture"}
			}
		},
		{
			"name": "safety*",
			"from": [7.125, 8.17711, 12.41942],
			"to": [7.625, 8.70711, 12.59442],
			"rotation": {"angle": -45, "axis": "x", "origin": [8, 8, 8]},
			"faces": {
				"east": {"uv": [14.625, 4.375, 15.375, 5.125], "texture": "#texture"},
				"south": {"uv": [15, 4, 15.75, 4.75], "texture": "#texture"},
				"west": {"uv": [14.875, 4.25, 15.625, 5], "texture": "#texture"},
				"up": {"uv": [14.625, 4.375, 15.375, 5.125], "rotation": 90, "texture": "#texture"},
				"down": {"uv": [14.75, 4.125, 15.5, 4.875], "rotation": 270, "texture": "#texture"}
			}
		},
		{
			"name": "safety*",
			"from": [7.125, 11.25, 10.75],
			"to": [7.625, 11.75, 11],
			"rotation": {"angle": 0, "axis": "y", "origin": [8, 8, 8]},
			"faces": {
				"north": {"uv": [14.625, 4.125, 15.375, 4.875], "texture": "#texture"},
				"south": {"uv": [15, 4, 15.75, 4.75], "texture": "#texture"},
				"west": {"uv": [14.875, 4.25, 15.625, 5], "texture": "#texture"},
				"up": {"uv": [14.625, 4.375, 15.375, 5.125], "rotation": 90, "texture": "#texture"},
				"down": {"uv": [14.75, 4.125, 15.5, 4.875], "rotation": 270, "texture": "#texture"}
			}
		},
		{
			"name": "safety*",
			"from": [7.125, 11.375, 10.625],
			"to": [7.625, 11.625, 11.125],
			"rotation": {"angle": 0, "axis": "y", "origin": [8, 8, 8]},
			"faces": {
				"south": {"uv": [15, 4, 15.75, 4.75], "texture": "#texture"},
				"west": {"uv": [14.875, 4.25, 15.625, 5], "texture": "#texture"},
				"up": {"uv": [14.625, 4.375, 15.375, 5.125], "rotation": 90, "texture": "#texture"},
				"down": {"uv": [14.75, 4.125, 15.5, 4.875], "rotation": 270, "texture": "#texture"}
			}
		},
		{
			"from": [7.25, 9.24659, 12.16115],
			"to": [7.65, 10.12159, 12.66115],
			"rotation": {"angle": -22.5, "axis": "x", "origin": [8, 8, 8]},
			"faces": {
				"north": {"uv": [14.75, 6, 15.5, 6.75], "texture": "#texture"},
				"east": {"uv": [14.75, 5.875, 15.5, 6.625], "texture": "#texture"},
				"south": {"uv": [14.75, 6, 15.5, 6.75], "texture": "#texture"},
				"west": {"uv": [14.625, 5.875, 15.375, 6.625], "texture": "#texture"},
				"down": {"uv": [14.75, 5.875, 15.5, 6.625], "rotation": 270, "texture": "#texture"}
			}
		},
		{
			"from": [8.35, 9.24659, 12.16115],
			"to": [8.75, 10.12159, 12.66115],
			"rotation": {"angle": -22.5, "axis": "x", "origin": [8, 8, 8]},
			"faces": {
				"north": {"uv": [14.75, 6, 15.5, 6.75], "texture": "#texture"},
				"east": {"uv": [14.75, 5.875, 15.5, 6.625], "texture": "#texture"},
				"south": {"uv": [14.75, 6, 15.5, 6.75], "texture": "#texture"},
				"west": {"uv": [14.625, 5.875, 15.375, 6.625], "texture": "#texture"},
				"down": {"uv": [14.75, 5.875, 15.5, 6.625], "rotation": 270, "texture": "#texture"}
			}
		},
		{
			"from": [7.25, 11.625, 11.375],
			"to": [7.65, 11.75, 11.5],
			"rotation": {"angle": 0, "axis": "y", "origin": [8, 8, 8]},
			"faces": {
				"east": {"uv": [14.75, 5.875, 15.5, 6.625], "texture": "#texture"},
				"south": {"uv": [14.75, 6, 15.5, 6.75], "texture": "#texture"},
				"west": {"uv": [14.625, 5.875, 15.375, 6.625], "texture": "#texture"},
				"up": {"uv": [14.75, 5.875, 15.5, 6.625], "rotation": 90, "texture": "#texture"}
			}
		},
		{
			"from": [8.35, 11.625, 11.375],
			"to": [8.75, 11.75, 11.5],
			"rotation": {"angle": 0, "axis": "y", "origin": [8, 8, 8]},
			"faces": {
				"east": {"uv": [14.75, 5.875, 15.5, 6.625], "texture": "#texture"},
				"south": {"uv": [14.75, 6, 15.5, 6.75], "texture": "#texture"},
				"west": {"uv": [14.625, 5.875, 15.375, 6.625], "texture": "#texture"}
			}
		},
		{
			"name": "sight",
			"from": [4.64302, 10.8302, 10.375],
			"to": [4.81802, 11.0052, 10.625],
			"rotation": {"angle": -45, "axis": "z", "origin": [8, 8, 8]},
			"faces": {
				"north": {"uv": [13.125, 2.75, 13.875, 3.5], "texture": "#texture"},
				"south": {"uv": [13.125, 2.5, 13.875, 3.25], "texture": "#texture"},
				"west": {"uv": [13, 2.375, 13.75, 3.125], "texture": "#texture"},
				"up": {"uv": [13.125, 2.5, 13.875, 3.25], "rotation": 90, "texture": "#texture"}
			}
		},
		{
			"name": "sight",
			"from": [7.75, 12, 10.375],
			"to": [8.25, 12.375, 10.625],
			"rotation": {"angle": 0, "axis": "y", "origin": [8, 8, 8]},
			"faces": {
				"north": {"uv": [13.125, 2.75, 13.875, 3.5], "texture": "#texture"},
				"south": {"uv": [13.125, 2.5, 13.875, 3.25], "texture": "#texture"},
				"up": {"uv": [13.125, 2.5, 13.875, 3.25], "rotation": 90, "texture": "#texture"}
			}
		},
		{
			"name": "sight",
			"from": [11.18376, 10.8302, 10.375],
			"to": [11.35876, 11.0052, 10.625],
			"rotation": {"angle": 45, "axis": "z", "origin": [8, 8, 8]},
			"faces": {
				"north": {"uv": [13.125, 2.75, 13.875, 3.5], "texture": "#texture"},
				"south": {"uv": [13.125, 2.5, 13.875, 3.25], "texture": "#texture"},
				"west": {"uv": [13, 2.375, 13.75, 3.125], "texture": "#texture"},
				"up": {"uv": [13.125, 2.5, 13.875, 3.25], "rotation": 90, "texture": "#texture"}
			}
		},
		{
			"name": "sight",
			"from": [8.25, 12.5, 10.25],
			"to": [8.375, 12.625, 10.75],
			"rotation": {"angle": 0, "axis": "y", "origin": [8, 8, 8]},
			"faces": {
				"north": {"uv": [13, 4.25, 13.75, 5], "texture": "#texture"},
				"east": {"uv": [13, 4.25, 13.75, 5], "texture": "#texture"},
				"south": {"uv": [13.25, 4, 14, 4.75], "texture": "#texture"},
				"west": {"uv": [13, 4.25, 13.75, 5], "texture": "#texture"},
				"up": {"uv": [13.25, 4.25, 14, 5], "rotation": 90, "texture": "#texture"}
			}
		},
		{
			"name": "sight",
			"from": [4.99657, 11.36053, 10.25],
			"to": [5.17157, 11.53553, 10.75],
			"rotation": {"angle": -45, "axis": "z", "origin": [8, 8, 8]},
			"faces": {
				"north": {"uv": [13, 4.25, 13.75, 5], "texture": "#texture"},
				"south": {"uv": [13.25, 4, 14, 4.75], "texture": "#texture"},
				"west": {"uv": [13, 4.25, 13.75, 5], "texture": "#texture"},
				"up": {"uv": [13.25, 4.25, 14, 5], "rotation": 90, "texture": "#texture"}
			}
		},
		{
			"name": "sight",
			"from": [7.625, 12.5, 10.25],
			"to": [7.75, 12.625, 10.75],
			"rotation": {"angle": 0, "axis": "y", "origin": [8, 8, 8]},
			"faces": {
				"north": {"uv": [13, 4.25, 13.75, 5], "texture": "#texture"},
				"east": {"uv": [13, 4.25, 13.75, 5], "texture": "#texture"},
				"south": {"uv": [13.25, 4, 14, 4.75], "texture": "#texture"},
				"up": {"uv": [13.25, 4.25, 14, 5], "rotation": 90, "texture": "#texture"}
			}
		},
		{
			"name": "sight",
			"from": [10.8302, 11.36053, 10.25],
			"to": [11.0052, 11.53553, 10.75],
			"rotation": {"angle": 45, "axis": "z", "origin": [8, 8, 8]},
			"faces": {
				"north": {"uv": [13, 4.25, 13.75, 5], "texture": "#texture"},
				"south": {"uv": [13.25, 4, 14, 4.75], "texture": "#texture"},
				"west": {"uv": [13, 4.25, 13.75, 5], "texture": "#texture"},
				"up": {"uv": [13.25, 4.25, 14, 5], "rotation": 90, "texture": "#texture"}
			}
		},
		{
			"name": "sight",
			"from": [7.5, 11.75, 10.25],
			"to": [7.75, 12.5, 10.75],
			"rotation": {"angle": 0, "axis": "y", "origin": [8, 8, 8]},
			"faces": {
				"north": {"uv": [13, 4.25, 13.75, 5], "texture": "#texture"},
				"east": {"uv": [13, 4.25, 13.75, 5], "texture": "#texture"},
				"south": {"uv": [13.25, 4, 14, 4.75], "texture": "#texture"},
				"west": {"uv": [13, 4.25, 13.75, 5], "texture": "#texture"},
				"up": {"uv": [13.25, 4.25, 14, 5], "rotation": 90, "texture": "#texture"},
				"down": {"uv": [13.25, 4.25, 14, 5], "rotation": 270, "texture": "#texture"}
			}
		},
		{
			"name": "sight",
			"from": [8.25, 11.75, 10.25],
			"to": [8.5, 12.5, 10.75],
			"rotation": {"angle": 0, "axis": "y", "origin": [8, 8, 8]},
			"faces": {
				"north": {"uv": [13, 4.25, 13.75, 5], "texture": "#texture"},
				"east": {"uv": [13, 4.25, 13.75, 5], "texture": "#texture"},
				"south": {"uv": [13.25, 4, 14, 4.75], "texture": "#texture"},
				"west": {"uv": [13, 4.25, 13.75, 5], "texture": "#texture"},
				"down": {"uv": [13.25, 4.25, 14, 5], "rotation": 270, "texture": "#texture"}
			}
		},
		{
			"name": "sight",
			"from": [8.3125, 12.375, 10.385],
			"to": [8.4375, 12.5, 10.76],
			"rotation": {"angle": 0, "axis": "y", "origin": [8, 8, 8]},
			"faces": {
				"east": {"uv": [6.625, 14.5, 7.5, 15.375], "texture": "#texture"},
				"south": {"uv": [12, 0.125, 13.875, 2], "texture": "#texture"},
				"west": {"uv": [6.625, 14.5, 7.5, 15.375], "texture": "#texture"},
				"up": {"uv": [6.625, 14.5, 7.5, 15.375], "rotation": 90, "texture": "#texture"},
				"down": {"uv": [6.625, 14.5, 7.5, 15.375], "rotation": 270, "texture": "#texture"}
			}
		},
		{
			"name": "sight",
			"from": [7.5625, 12.375, 10.385],
			"to": [7.6875, 12.5, 10.76],
			"rotation": {"angle": 0, "axis": "y", "origin": [8, 8, 8]},
			"faces": {
				"east": {"uv": [6.625, 14.5, 7.5, 15.375], "texture": "#texture"},
				"south": {"uv": [12, 0.125, 13.875, 2], "texture": "#texture"},
				"west": {"uv": [6.625, 14.5, 7.5, 15.375], "texture": "#texture"},
				"up": {"uv": [6.625, 14.5, 7.5, 15.375], "rotation": 90, "texture": "#texture"},
				"down": {"uv": [6.625, 14.5, 7.5, 15.375], "rotation": 270, "texture": "#texture"}
			}
		},
		{
			"name": "sight",
			"from": [7.9375, 12.3125, 3.01],
			"to": [8.0625, 12.4375, 3.385],
			"rotation": {"angle": 0, "axis": "y", "origin": [8, 8, 8]},
			"faces": {
				"east": {"uv": [6.625, 14.5, 7.5, 15.375], "texture": "#texture"},
				"south": {"uv": [12, 0.125, 13.875, 2], "texture": "#texture"},
				"west": {"uv": [6.625, 14.5, 7.5, 15.375], "texture": "#texture"},
				"up": {"uv": [6.625, 14.5, 7.5, 15.375], "rotation": 90, "texture": "#texture"},
				"down": {"uv": [6.625, 14.5, 7.5, 15.375], "rotation": 270, "texture": "#texture"}
			}
		},
		{
			"name": "sight",
			"from": [7.875, 11.95, 3],
			"to": [8.125, 12.5, 3.375],
			"rotation": {"angle": 0, "axis": "y", "origin": [8, 8, 8]},
			"faces": {
				"east": {"uv": [13, 4.25, 13.75, 5], "texture": "#texture"},
				"south": {"uv": [13.25, 4, 14, 4.75], "texture": "#texture"},
				"west": {"uv": [13, 4.25, 13.75, 5], "texture": "#texture"},
				"up": {"uv": [13.25, 4.25, 14, 5], "rotation": 90, "texture": "#texture"}
			}
		},
		{
			"name": "sight",
			"from": [7.875, 7.14645, 1.28249],
			"to": [8.125, 7.64645, 1.65749],
			"rotation": {"angle": 45, "axis": "x", "origin": [8, 8, 8]},
			"faces": {
				"north": {"uv": [13, 4.25, 13.75, 5], "texture": "#texture"},
				"east": {"uv": [13, 4.25, 13.75, 5], "texture": "#texture"},
				"west": {"uv": [13, 4.25, 13.75, 5], "texture": "#texture"}
			}
		},
		{
			"from": [7.875, 8.93959, 9.05884],
			"to": [8.125, 9.93959, 9.49634],
			"rotation": {"angle": -22.5, "axis": "x", "origin": [8, 8.1875, 8.0625]},
			"faces": {
				"north": {"uv": [13, 5.75, 14, 6.75], "rotation": 90, "texture": "#texture"},
				"east": {"uv": [13, 5.75, 14, 6.75], "rotation": 90, "texture": "#texture"},
				"south": {"uv": [13, 5.75, 14, 6.75], "rotation": 90, "texture": "#texture"},
				"west": {"uv": [13, 5.75, 14, 6.75], "rotation": 90, "texture": "#texture"},
				"up": {"uv": [13, 5.75, 14, 6.75], "rotation": 90, "texture": "#texture"}
			}
		},
		{
			"from": [7.875, 9, 8.6875],
			"to": [8.125, 10.125, 8.875],
			"rotation": {"angle": 0, "axis": "y", "origin": [8, 8.25, 8.0625]},
			"faces": {
				"north": {"uv": [13, 5.75, 14, 6.75], "rotation": 90, "texture": "#texture"},
				"east": {"uv": [13, 5.75, 14, 6.75], "rotation": 90, "texture": "#texture"},
				"south": {"uv": [13, 5.75, 14, 6.75], "rotation": 90, "texture": "#texture"},
				"west": {"uv": [13, 5.75, 14, 6.75], "rotation": 90, "texture": "#texture"},
				"up": {"uv": [13, 5.75, 14, 6.75], "rotation": 90, "texture": "#texture"}
			}
		},
		{
			"from": [7.875, 8.99947, 8.31668],
			"to": [8.125, 10.24947, 8.62918],
			"rotation": {"angle": 22.5, "axis": "x", "origin": [8, 8.25, 8]},
			"faces": {
				"north": {"uv": [13, 5.75, 14, 6.75], "rotation": 90, "texture": "#texture"},
				"east": {"uv": [13, 5.75, 14, 6.75], "rotation": 90, "texture": "#texture"},
				"south": {"uv": [13, 5.75, 14, 6.75], "rotation": 90, "texture": "#texture"},
				"west": {"uv": [13, 5.75, 14, 6.75], "rotation": 90, "texture": "#texture"},
				"up": {"uv": [13, 5.75, 14, 6.75], "rotation": 90, "texture": "#texture"}
			}
		},
		{
			"from": [7.875, 9.48218, 7.32604],
			"to": [8.125, 9.73218, 7.63854],
			"rotation": {"angle": 45, "axis": "x", "origin": [8, 7.7327, 7.00936]},
			"faces": {
				"north": {"uv": [13, 5.75, 14, 6.75], "rotation": 90, "texture": "#texture"},
				"east": {"uv": [13, 5.75, 14, 6.75], "rotation": 90, "texture": "#texture"},
				"south": {"uv": [13, 5.75, 14, 6.75], "rotation": 90, "texture": "#texture"},
				"west": {"uv": [13, 5.75, 14, 6.75], "rotation": 90, "texture": "#texture"}
			}
		},
		{
			"from": [7.875, 8.52487, 8.47035],
			"to": [8.125, 8.74584, 8.69132],
			"rotation": {"angle": 0, "axis": "x", "origin": [8, 9.15405, 6.69185]},
			"faces": {
				"north": {"uv": [13, 5.75, 14, 6.75], "rotation": 90, "texture": "#texture"},
				"east": {"uv": [13, 5.75, 14, 6.75], "rotation": 90, "texture": "#texture"},
				"west": {"uv": [13, 5.75, 14, 6.75], "rotation": 90, "texture": "#texture"},
				"down": {"uv": [13, 5.75, 14, 6.75], "rotation": 90, "texture": "#texture"}
			}
		}
	],
	"gui_light": "front",
	"display": {
		"thirdperson_righthand": {
			"rotation": [10, 5, 5],
			"translation": [0, -1.25, -1],
			"scale": [0.7, 0.7, 0.7]
		},
		"thirdperson_lefthand": {
			"rotation": [10, 5, 5],
			"translation": [0, -1.25, -1],
			"scale": [0.7, 0.7, 0.7]
		},
		"firstperson_righthand": {
			"rotation": [10, 2, 2],
			"translation": [-2, 1.25, -2.75],
			"scale": [0.9, 0.9, 0.9]
		},
		"firstperson_lefthand": {
			"rotation": [5, 2, 1],
			"translation": [-2, 1.25, -2.75],
			"scale": [0.9, 0.9, 0.9]
		},
		"ground": {
			"rotation": [0, 0, -90],
			"translation": [0, 0.5, 0],
			"scale": [0.65, 0.65, 0.65]
		},
		"gui": {
			"rotation": [90, 60, -90],
			"translation": [-1, -0.75, 0],
			"scale": [1.3, 1.3, 1.3]
		},
		"head": {
			"rotation": [-90, -45.5, -90],
			"translation": [4.5, -26, 3.75]
		},
		"fixed": {
			"rotation": [0, 90, 0],
			"translation": [0, -0.5, -0.75],
			"scale": [-1, 1, -1]
		}
	},
	"groups": [
		0,
		1,
		2,
		3,
		4,
		5,
		6,
		7,
		8,
		9,
		10,
		11,
		12,
		13,
		14,
		15,
		16,
		17,
		18,
		19,
		20,
		21,
		22,
		23,
		24,
		25,
		26,
		27,
		28,
		29,
		30,
		31,
		32,
		33,
		34,
		35,
		36,
		37,
		38,
		39,
		40,
		41,
		42,
		43,
		44,
		45,
		46,
		47,
		48,
		49,
		50,
		51,
		52,
		53,
		54,
		55,
		56,
		57,
		58,
		59,
		60,
		61,
		62,
		63,
		64,
		65,
		66,
		67,
		68,
		69,
		70,
		71,
		72,
		73,
		74,
		75,
		{
			"name": "slider",
			"origin": [8, 8, 8],
			"color": 0,
			"children": [
				76,
				77,
				78,
				79,
				80,
				81,
				82,
				83,
				84,
				85,
				86,
				87,
				88,
				89,
				90,
				91,
				92,
				93,
				94,
				95,
				96,
				97,
				98,
				99,
				100,
				101,
				102,
				103,
				104,
				105,
				106,
				107,
				108,
				109,
				110,
				{
					"name": "iron_sights",
					"origin": [3, 12.5, 7.875],
					"color": 0,
					"children": [111, 112, 113, 114, 115, 116, 117, 118, 119, 120, 121, 122, 123, 124]
				}
			]
		},
		{
			"name": "trigger",
			"origin": [8, 8.90405, 6.69185],
			"color": 0,
			"children": [125, 126, 127, 128, 129]
		}
	]
}