{
	"credit": "Made with Blockbench",
	"textures": {
		"0": "custom/black-metal",
		"1": "custom/anvil_top_damaged_0",
		"2": "custom/brushed-metal",
		"3": "custom/red"
	},
	"elements": [
		{
			"from": [8, 1, 7],
			"to": [20, 3, 9],
			"faces": {
				"north": {"uv": [0, 0, 12, 2], "texture": "#0"},
				"east": {"uv": [0, 0, 2, 2], "texture": "#0"},
				"south": {"uv": [0, 0, 12, 2], "texture": "#0"},
				"west": {"uv": [0, 0, 2, 2], "texture": "#0"},
				"up": {"uv": [0, 0, 12, 2], "texture": "#0"},
				"down": {"uv": [0, 0, 12, 2], "texture": "#0"}
			}
		},
		{
			"from": [-16, 0, 7],
			"to": [-8, 2, 9],
			"faces": {
				"north": {"uv": [0, 0, 8, 2], "texture": "#2"},
				"east": {"uv": [0, 0, 2, 2], "texture": "#2"},
				"south": {"uv": [0, 0, 8, 2], "texture": "#2"},
				"west": {"uv": [0, 0, 2, 2], "texture": "#2"},
				"up": {"uv": [0, 0, 8, 2], "texture": "#2"},
				"down": {"uv": [0, 0, 8, 2], "texture": "#2"}
			}
		},
		{
			"from": [-8, -1, 7],
			"to": [8, 3, 9],
			"faces": {
				"north": {"uv": [0, 0, 16, 4], "texture": "#0"},
				"east": {"uv": [0, 0, 2, 4], "texture": "#0"},
				"south": {"uv": [0, 0, 16, 4], "texture": "#0"},
				"west": {"uv": [0, 0, 2, 4], "texture": "#0"},
				"up": {"uv": [0, 0, 16, 2], "texture": "#0"},
				"down": {"uv": [0, 0, 16, 2], "texture": "#0"}
			}
		},
		{
			"from": [-8, 0, 6],
			"to": [8, 2, 10],
			"faces": {
				"north": {"uv": [0, 0, 16, 2], "texture": "#0"},
				"east": {"uv": [0, 0, 4, 2], "texture": "#0"},
				"south": {"uv": [0, 0, 16, 2], "texture": "#0"},
				"west": {"uv": [0, 0, 4, 2], "texture": "#0"},
				"up": {"uv": [0, 0, 16, 4], "texture": "#0"},
				"down": {"uv": [0, 0, 16, 4], "texture": "#0"}
			}
		},
		{
			"from": [-8, 0.2, 5.9],
			"to": [8, 1.8, 10.1],
			"rotation": {"angle": 45, "axis": "x", "origin": [1, 1, 8]},
			"faces": {
				"north": {"uv": [0, 0, 16, 1.6], "texture": "#0"},
				"east": {"uv": [0, 0, 4.2, 1.6], "texture": "#0"},
				"south": {"uv": [0, 0, 16, 1.6], "texture": "#0"},
				"west": {"uv": [0, 0, 4.2, 1.6], "texture": "#0"},
				"up": {"uv": [0, 0, 16, 4.2], "texture": "#0"},
				"down": {"uv": [0, 0, 16, 4.2], "texture": "#0"}
			}
		},
		{
			"from": [-8, 0.2, 5.9],
			"to": [8, 1.7, 10.1],
			"rotation": {"angle": -45, "axis": "x", "origin": [1, 1, 8]},
			"faces": {
				"north": {"uv": [0, 0, 16, 1.5], "texture": "#0"},
				"east": {"uv": [0, 0, 4.2, 1.5], "texture": "#0"},
				"south": {"uv": [0, 0, 16, 1.5], "texture": "#0"},
				"west": {"uv": [0, 0, 4.2, 1.5], "texture": "#0"},
				"up": {"uv": [0, 0, 16, 4.2], "texture": "#0"},
				"down": {"uv": [0, 0, 16, 4.2], "texture": "#0"}
			}
		},
		{
			"from": [22, -1, 6.75],
			"to": [29, 1, 9.25],
			"faces": {
				"north": {"uv": [0, 0, 7, 2], "texture": "#0"},
				"east": {"uv": [0, 0, 2.5, 2], "texture": "#0"},
				"south": {"uv": [0, 0, 7, 2], "texture": "#0"},
				"west": {"uv": [0, 0, 2.5, 2], "texture": "#0"},
				"up": {"uv": [0, 0, 7, 2.5], "texture": "#0"},
				"down": {"uv": [0, 0, 7, 2.5], "texture": "#0"}
			}
		},
		{
			"from": [17.5, -10, 6.5],
			"to": [20.5, -1, 9.5],
			"rotation": {"angle": 22.5, "axis": "z", "origin": [19, -7, 8]},
			"faces": {
				"north": {"uv": [0, 0, 9, 3], "texture": "#0", "rotation": 270},
				"east": {"uv": [0, 0, 9, 3], "texture": "#0", "rotation": 90},
				"south": {"uv": [0, 0, 9, 3], "texture": "#0", "rotation": 90},
				"west": {"uv": [0, 0, 9, 3], "texture": "#0", "rotation": 90},
				"up": {"uv": [0, 0, 3, 3], "texture": "#0", "rotation": 90},
				"down": {"uv": [0, 0, 3, 3], "texture": "#0", "rotation": 90}
			}
		},
		{
			"from": [8, 0, 6.25],
			"to": [20, 1.5, 9],
			"rotation": {"angle": 45, "axis": "x", "origin": [15, 1, 8]},
			"faces": {
				"north": {"uv": [0, 0, 12, 1.5], "texture": "#0"},
				"east": {"uv": [0, 0, 2.75, 1.5], "texture": "#0"},
				"south": {"uv": [0, 0, 12, 1.5], "texture": "#0"},
				"west": {"uv": [0, 0, 2.75, 1.5], "texture": "#0"},
				"up": {"uv": [0, 0, 12, 2.75], "texture": "#0"},
				"down": {"uv": [0, 0, 12, 2.75], "texture": "#0"}
			}
		},
		{
			"from": [8, 0, 7.5],
			"to": [20, 2.75, 9],
			"rotation": {"angle": 45, "axis": "x", "origin": [15, 1, 8]},
			"faces": {
				"north": {"uv": [0, 0, 12, 2.75], "texture": "#0", "rotation": 180},
				"east": {"uv": [0, 0, 2.75, 1.5], "texture": "#0", "rotation": 270},
				"south": {"uv": [0, 0, 12, 2.75], "texture": "#0"},
				"west": {"uv": [0, 0, 2.75, 1.5], "texture": "#0", "rotation": 90},
				"up": {"uv": [0, 0, 12, 1.5], "texture": "#0", "rotation": 180},
				"down": {"uv": [0, 0, 12, 1.5], "texture": "#0"}
			}
		},
		{
			"from": [26, -6, 7.25],
			"to": [30.5, -5, 8.75],
			"faces": {
				"north": {"uv": [0, 12, 4.5, 13], "texture": "#2"},
				"east": {"uv": [1, 13, 2.5, 14], "texture": "#2"},
				"south": {"uv": [0, 14, 4.5, 15], "texture": "#2"},
				"west": {"uv": [1, 14, 2.5, 15], "texture": "#2"},
				"up": {"uv": [0, 13, 4.5, 14.5], "texture": "#2"},
				"down": {"uv": [0, 13, 4.5, 14.5], "texture": "#2"}
			}
		},
		{
			"from": [30.5, -7, 6],
			"to": [32, 1, 10],
			"faces": {
				"north": {"uv": [0, 0, 1.5, 8], "texture": "#0"},
				"east": {"uv": [0, 0, 4, 8], "texture": "#0"},
				"south": {"uv": [0, 0, 1.5, 8], "texture": "#0"},
				"west": {"uv": [0, 0, 4, 8], "texture": "#0"},
				"up": {"uv": [0, 0, 1.5, 4], "texture": "#0"},
				"down": {"uv": [0, 0, 1.5, 4], "texture": "#0"}
			}
		},
		{
			"from": [27, -6.25, 7],
			"to": [28.5, -1, 9],
			"faces": {
				"north": {"uv": [0, 0, 1.5, 5.25], "texture": "#0"},
				"east": {"uv": [0, 0, 2, 5.25], "texture": "#0"},
				"south": {"uv": [0, 0, 1.5, 5.25], "texture": "#0"},
				"west": {"uv": [0, 0, 2, 5.25], "texture": "#0"},
				"up": {"uv": [0, 0, 1.5, 2], "texture": "#0"},
				"down": {"uv": [0, 0, 1.5, 2], "texture": "#0"}
			}
		},
		{
			"from": [22, -2.1, 7.25],
			"to": [30.5, -1.1, 8.75],
			"faces": {
				"north": {"uv": [0, 13, 8.5, 14], "texture": "#2"},
				"east": {"uv": [1, 13, 2.5, 14], "texture": "#2"},
				"south": {"uv": [0, 13, 8.5, 14], "texture": "#2"},
				"west": {"uv": [1, 14, 2.5, 15], "texture": "#2"},
				"up": {"uv": [0, 14, 8.5, 15.5], "texture": "#2"},
				"down": {"uv": [0, 13, 8.5, 14.5], "texture": "#2"}
			}
		},
		{
			"from": [9, -7.5, 7],
			"to": [13, -1.5, 9],
			"faces": {
				"north": {"uv": [0, 0, 4, 6], "texture": "#0"},
				"east": {"uv": [0, 0, 2, 6], "texture": "#0"},
				"south": {"uv": [0, 0, 4, 6], "texture": "#0"},
				"west": {"uv": [0, 0, 2, 6], "texture": "#0"},
				"up": {"uv": [0, 0, 4, 2], "texture": "#0"},
				"down": {"uv": [0, 0, 4, 2], "texture": "#0"}
			}
		},
		{
			"from": [18, -8.5, 6.5],
			"to": [22, -3.5, 9.5],
			"rotation": {"angle": 45, "axis": "z", "origin": [16, -6, 8]},
			"faces": {
				"north": {"uv": [0, 0, 4, 5], "texture": "#0"},
				"east": {"uv": [0, 0, 3, 5], "texture": "#0"},
				"south": {"uv": [0, 0, 4, 5], "texture": "#0"},
				"west": {"uv": [0, 0, 3, 5], "texture": "#0"},
				"up": {"uv": [0, 0, 4, 3], "texture": "#0"},
				"down": {"uv": [0, 0, 4, 3], "texture": "#0"}
			}
		},
		{
			"from": [14, -6.5, 6.75],
			"to": [18, -6, 9.5],
			"faces": {
				"north": {"uv": [0, 0, 4, 0.5], "texture": "#0"},
				"east": {"uv": [0, 0, 2.75, 0.5], "texture": "#0"},
				"south": {"uv": [0, 0, 4, 0.5], "texture": "#0"},
				"west": {"uv": [0, 0, 2.75, 0.5], "texture": "#0"},
				"up": {"uv": [0, 0, 4, 2.75], "texture": "#0"},
				"down": {"uv": [0, 0, 4, 2.75], "texture": "#0"}
			}
		},
		{
			"from": [9, -4.5, 6],
			"to": [14, -1.5, 10],
			"rotation": {"angle": -22.5, "axis": "z", "origin": [11.5, -3.5, 8]},
			"faces": {
				"north": {"uv": [0, 0, 5, 3], "texture": "#0"},
				"east": {"uv": [0, 0, 4, 3], "texture": "#0"},
				"south": {"uv": [0, 0, 5, 3], "texture": "#0"},
				"west": {"uv": [0, 0, 4, 3], "texture": "#0"},
				"up": {"uv": [0, 0, 5, 4], "texture": "#0"},
				"down": {"uv": [0, 0, 5, 4], "texture": "#0"}
			}
		},
		{
			"from": [8, -3.5, 6],
			"to": [22, 1.5, 10],
			"faces": {
				"north": {"uv": [0, 0, 14, 5], "texture": "#0"},
				"east": {"uv": [0, 0, 4, 5], "texture": "#0"},
				"south": {"uv": [0, 0, 14, 5], "texture": "#0"},
				"west": {"uv": [0, 0, 4, 5], "texture": "#0"},
				"up": {"uv": [0, 0, 14, 4], "texture": "#0"},
				"down": {"uv": [0, 0, 14, 4], "texture": "#0"}
			}
		},
		{
			"from": [13, -6.5, 6.75],
			"to": [14, -2, 9.25],
			"rotation": {"angle": 22.5, "axis": "z", "origin": [13.5, -4.25, 8]},
			"faces": {
				"north": {"uv": [0, 0, 1, 4.5], "texture": "#0"},
				"east": {"uv": [0, 0, 2.5, 4.5], "texture": "#0"},
				"south": {"uv": [0, 0, 1, 4.5], "texture": "#0"},
				"west": {"uv": [0, 0, 2.5, 4.5], "texture": "#0"},
				"up": {"uv": [0, 0, 1, 2.5], "texture": "#0"},
				"down": {"uv": [0, 0, 1, 2.5], "texture": "#0"}
			}
		},
		{
			"from": [3.75, -2.25, 6],
			"to": [9.75, 0.25, 10],
			"rotation": {"angle": -22.5, "axis": "z", "origin": [7.25, -1.75, 8]},
			"faces": {
				"north": {"uv": [0, 0, 6, 2.5], "texture": "#0"},
				"east": {"uv": [0, 0, 4, 2.5], "texture": "#0"},
				"south": {"uv": [0, 0, 6, 2.5], "texture": "#0"},
				"west": {"uv": [0, 0, 4, 2.5], "texture": "#0"},
				"up": {"uv": [0, 0, 6, 4], "texture": "#0"},
				"down": {"uv": [0, 0, 6, 4], "texture": "#0"}
			}
		},
		{
			"from": [7.9, -3.5, 6],
			"to": [12, -1.5, 10],
			"rotation": {"angle": 22.5, "axis": "z", "origin": [10, -3, 8]},
			"faces": {
				"north": {"uv": [0, 0, 4.1, 2], "texture": "#0"},
				"east": {"uv": [0, 0, 4, 2], "texture": "#0"},
				"south": {"uv": [0, 0, 4.1, 2], "texture": "#0"},
				"west": {"uv": [0, 0, 4, 2], "texture": "#0"},
				"up": {"uv": [0, 0, 4.1, 4], "texture": "#0"},
				"down": {"uv": [0, 0, 4.1, 4], "texture": "#0"}
			}
		},
		{
			"from": [20, 0.8, 7],
			"to": [21, 3, 9],
			"rotation": {"angle": 45, "axis": "z", "origin": [20.5, 1.8, 8]},
			"faces": {
				"north": {"uv": [0, 0, 1, 2.2], "texture": "#0"},
				"east": {"uv": [0, 0, 2, 2.2], "texture": "#0"},
				"south": {"uv": [0, 0, 1, 2.2], "texture": "#0"},
				"west": {"uv": [0, 0, 2, 2.2], "texture": "#0"},
				"up": {"uv": [0, 0, 1, 2], "texture": "#0"},
				"down": {"uv": [0, 0, 1, 2], "texture": "#0"}
			}
		},
		{
			"from": [15.75, -5.25, 7.75],
			"to": [16.25, -1.25, 8.5],
			"rotation": {"angle": -22.5, "axis": "z", "origin": [16, -3.25, 8.125]},
			"faces": {
				"north": {"uv": [3, 0, 7, 0.5], "texture": "#1", "rotation": 90},
				"east": {"uv": [3, 0, 7, 0.75], "texture": "#1", "rotation": 270},
				"south": {"uv": [3, 0, 7, 0.5], "texture": "#1", "rotation": 270},
				"west": {"uv": [3, 0, 7, 0.75], "texture": "#1", "rotation": 270},
				"up": {"uv": [3, 0, 5.75, 1.5], "texture": "#1", "rotation": 270},
				"down": {"uv": [3, 0, 6, 2], "texture": "#1", "rotation": 270}
			}
		},
		{
			"from": [8, 0.5, 5.75],
			"to": [22, 0.75, 10.25],
			"faces": {
				"north": {"uv": [0, 0, 14, 0.25], "texture": "#0"},
				"east": {"uv": [0, 0, 4.5, 0.25], "texture": "#0"},
				"south": {"uv": [0, 0, 14, 0.25], "texture": "#0"},
				"west": {"uv": [0, 0, 4.5, 0.25], "texture": "#0"},
				"up": {"uv": [0, 0, 14, 4.5], "texture": "#0"},
				"down": {"uv": [0, 0, 14, 4.5], "texture": "#0"}
			}
		},
		{
			"from": [23, -1, 6.5],
			"to": [27.75, 1.25, 9.5],
			"faces": {
				"north": {"uv": [0, 0, 4.75, 2.25], "texture": "#0"},
				"east": {"uv": [0, 0, 3, 2.25], "texture": "#0"},
				"south": {"uv": [0, 0, 4.75, 2.25], "texture": "#0"},
				"west": {"uv": [0, 0, 3, 2.25], "texture": "#0"},
				"up": {"uv": [0, 0, 4.75, 3], "texture": "#0"},
				"down": {"uv": [0, 0, 4.75, 3], "texture": "#0"}
			}
		},
		{
			"from": [25, -4, 6.5],
			"to": [27.75, -0.75, 9.5],
			"faces": {
				"north": {"uv": [0, 0, 2.75, 3.25], "texture": "#0"},
				"east": {"uv": [0, 0, 3, 3.25], "texture": "#0"},
				"south": {"uv": [0, 0, 2.75, 3.25], "texture": "#0"},
				"west": {"uv": [0, 0, 3, 3.25], "texture": "#0"},
				"up": {"uv": [0, 0, 2.75, 3], "texture": "#0"},
				"down": {"uv": [0, 0, 2.75, 3], "texture": "#0"}
			}
		},
		{
			"from": [8, 3, 7],
			"to": [12, 3.7, 9],
			"faces": {
				"north": {"uv": [0, 0, 4, 0.7], "texture": "#0"},
				"east": {"uv": [0, 0, 2, 0.7], "texture": "#0"},
				"south": {"uv": [0, 0, 4, 0.7], "texture": "#0"},
				"west": {"uv": [0, 0, 2, 0.7], "texture": "#0"},
				"up": {"uv": [0, 0, 4, 2], "texture": "#0"},
				"down": {"uv": [0, 0, 4, 2], "texture": "#0"}
			}
		},
		{
			"from": [8, 5.125, 7.975],
			"to": [12, 5.15, 8],
			"faces": {
				"north": {"uv": [0, 0, 4, 0.05], "texture": "#3"},
				"east": {"uv": [0, 0, 0.05, 0.05], "texture": "#3"},
				"south": {"uv": [0, 0, 4, 0.05], "texture": "#3"},
				"west": {"uv": [0, 0, 0.05, 0.05], "texture": "#3"},
				"up": {"uv": [0, 0, 4, 0.05], "texture": "#3"},
				"down": {"uv": [0, 0, 4, 0.05], "texture": "#3"}
			}
		},
		{
			"from": [2, 4.475, 6.375],
			"to": [15, 5.625, 6.625],
			"rotation": {"angle": 0, "axis": "x", "origin": [10, 5.125, 6.5]},
			"faces": {
				"north": {"uv": [0, 0, 13, 1.15], "texture": "#0", "rotation": 180},
				"east": {"uv": [0, 0, 1.15, 0.25], "texture": "#0", "rotation": 270},
				"south": {"uv": [0, 0, 13, 1.15], "texture": "#0"},
				"west": {"uv": [0, 0, 1.15, 0.25], "texture": "#0", "rotation": 90},
				"up": {"uv": [0, 0, 13, 0.25], "texture": "#0", "rotation": 180},
				"down": {"uv": [0, 0, 13, 0.25], "texture": "#0"}
			}
		},
		{
			"from": [2, 4.475, 9.375],
			"to": [15, 5.625, 9.625],
			"rotation": {"angle": 0, "axis": "x", "origin": [10, 5.125, 9.5]},
			"faces": {
				"north": {"uv": [0, 0, 13, 1.15], "texture": "#0", "rotation": 180},
				"east": {"uv": [0, 0, 1.15, 0.25], "texture": "#0", "rotation": 270},
				"south": {"uv": [0, 0, 13, 1.15], "texture": "#0"},
				"west": {"uv": [0, 0, 1.15, 0.25], "texture": "#0", "rotation": 90},
				"up": {"uv": [0, 0, 13, 0.25], "texture": "#0", "rotation": 180},
				"down": {"uv": [0, 0, 13, 0.25], "texture": "#0"}
			}
		},
		{
			"from": [2, 6.25, 7.25],
			"to": [15, 6.5, 8.75],
			"faces": {
				"north": {"uv": [0, 0, 13, 0.25], "texture": "#0"},
				"east": {"uv": [0, 0, 1.5, 0.25], "texture": "#0"},
				"south": {"uv": [0, 0, 13, 0.25], "texture": "#0"},
				"west": {"uv": [0, 0, 1.5, 0.25], "texture": "#0"},
				"up": {"uv": [0, 0, 13, 1.5], "texture": "#0"},
				"down": {"uv": [0, 0, 13, 1.5], "texture": "#0"}
			}
		},
		{
			"from": [2, 5.85, 8.45],
			"to": [15, 6.1, 9.75],
			"rotation": {"angle": 45, "axis": "x", "origin": [10, 5.975, 9.1]},
			"faces": {
				"north": {"uv": [0, 0, 13, 0.25], "texture": "#0"},
				"east": {"uv": [0, 0, 1.3, 0.25], "texture": "#0"},
				"south": {"uv": [0, 0, 13, 0.25], "texture": "#0"},
				"west": {"uv": [0, 0, 1.3, 0.25], "texture": "#0"},
				"up": {"uv": [0, 0, 13, 1.3], "texture": "#0"},
				"down": {"uv": [0, 0, 13, 1.3], "texture": "#0"}
			}
		},
		{
			"from": [2, 5.85, 6.25],
			"to": [15, 6.1, 7.55],
			"rotation": {"angle": -45, "axis": "x", "origin": [10, 5.975, 6.9]},
			"faces": {
				"north": {"uv": [0, 0, 13, 0.25], "texture": "#0"},
				"east": {"uv": [0, 0, 1.3, 0.25], "texture": "#0"},
				"south": {"uv": [0, 0, 13, 0.25], "texture": "#0"},
				"west": {"uv": [0, 0, 1.3, 0.25], "texture": "#0"},
				"up": {"uv": [0, 0, 13, 1.3], "texture": "#0"},
				"down": {"uv": [0, 0, 13, 1.3], "texture": "#0"}
			}
		},
		{
			"from": [2, 4, 6.25],
			"to": [15, 4.25, 7.65],
			"rotation": {"angle": 45, "axis": "x", "origin": [10, 4.125, 6.9]},
			"faces": {
				"north": {"uv": [0, 0, 13, 0.25], "texture": "#0"},
				"east": {"uv": [0, 0, 1.4, 0.25], "texture": "#0"},
				"south": {"uv": [0, 0, 13, 0.25], "texture": "#0"},
				"west": {"uv": [0, 0, 1.4, 0.25], "texture": "#0"},
				"up": {"uv": [0, 0, 13, 1.4], "texture": "#0"},
				"down": {"uv": [0, 0, 13, 1.4], "texture": "#0"}
			}
		},
		{
			"from": [2, 4, 8.35],
			"to": [15, 4.25, 9.75],
			"rotation": {"angle": -45, "axis": "x", "origin": [10, 4.125, 9.1]},
			"faces": {
				"north": {"uv": [0, 0, 13, 0.25], "texture": "#0"},
				"east": {"uv": [0, 0, 1.4, 0.25], "texture": "#0"},
				"south": {"uv": [0, 0, 13, 0.25], "texture": "#0"},
				"west": {"uv": [0, 0, 1.4, 0.25], "texture": "#0"},
				"up": {"uv": [0, 0, 13, 1.4], "texture": "#0"},
				"down": {"uv": [0, 0, 13, 1.4], "texture": "#0"}
			}
		},
		{
			"from": [9, 6.25, 7],
			"to": [11, 6.95, 9],
			"faces": {
				"north": {"uv": [0, 0, 2, 0.7], "texture": "#0"},
				"east": {"uv": [0, 0, 2, 0.7], "texture": "#0"},
				"south": {"uv": [0, 0, 2, 0.7], "texture": "#0"},
				"west": {"uv": [0, 0, 2, 0.7], "texture": "#0"},
				"up": {"uv": [0, 0, 2, 2], "texture": "#0"},
				"down": {"uv": [0, 0, 2, 2], "texture": "#0"}
			}
		},
		{
			"from": [2, 3.45, 7.25],
			"to": [15, 3.7, 8.75],
			"faces": {
				"north": {"uv": [0, 0, 13, 0.25], "texture": "#0"},
				"east": {"uv": [0, 0, 1.5, 0.25], "texture": "#0"},
				"south": {"uv": [0, 0, 13, 0.25], "texture": "#0"},
				"west": {"uv": [0, 0, 1.5, 0.25], "texture": "#0"},
				"up": {"uv": [0, 0, 13, 1.5], "texture": "#0"},
				"down": {"uv": [0, 0, 13, 1.5], "texture": "#0"}
			}
		},
		{
			"from": [9.65, 4.75, 9.5],
			"to": [10.4, 5.45, 10.25],
			"faces": {
				"north": {"uv": [0, 0, 0.75, 0.7], "texture": "#0"},
				"east": {"uv": [0, 0, 0.75, 0.7], "texture": "#0"},
				"south": {"uv": [0, 0, 0.75, 0.7], "texture": "#0"},
				"west": {"uv": [0, 0, 0.75, 0.7], "texture": "#0"},
				"up": {"uv": [0, 0, 0.75, 0.75], "texture": "#0"},
				"down": {"uv": [0, 0, 0.75, 0.75], "texture": "#0"}
			}
		}
	],
	"display": {
		"thirdperson_righthand": {
			"scale": [0.75, 0.5, 0.5],
			"rotation": [0, -90, 0],
			"translation": [0, 6, -4.5]
		},
		"thirdperson_lefthand": {
			"scale": [0.75, 0.5, 0.5],
			"rotation": [0, 90, 0],
			"translation": [0, 6, -4.5]
		},
		"firstperson_righthand": {
			"rotation": [0, -75, 0],
			"translation": [1.5, 5.5, -5]
		},
		"firstperson_lefthand": {
			"rotation": [0, 95, 0],
			"translation": [1.5, 5.5, -5]
		},
		"ground": {
			"scale": [0.6, 0.4, 0.4],
			"translation": [0, 6.5, 0]
		},
		"gui": {
			"scale": [0.51, 0.34, 0.34],
			"translation": [0, 3.5, 0],
			"rotation": [12, -121, 0]
		},
		"fixed": {
			"scale": [0.75, 0.5, 0.5],
			"translation": [-1, 5, -1.5]
		},
		"head": {
			"rotation": [0, 0, 66.5],
			"translation": [-9, -12.5, 5]
		}
	}
}