{
	"credit": "Made with Blockbench",
	"textures": {
		"0": "custom/black-metal",
		"1": "custom/anvil_top_damaged_0",
		"2": "custom/middle"
	},
	"elements": [
		{
			"from": [-4, 9, 7],
			"to": [32, 14, 13],
			"faces": {
				"north": {"uv": [0, 0, 16, 5], "texture": "#0"},
				"east": {"uv": [0, 0, 6, 5], "texture": "#0"},
				"south": {"uv": [0, 0, 16, 5], "texture": "#0"},
				"west": {"uv": [0, 0, 6, 5], "texture": "#0"},
				"up": {"uv": [0, 0, 16, 6], "texture": "#0"},
				"down": {"uv": [0, 0, 16, 6], "texture": "#0"}
			}
		},
		{
			"from": [-4, 5, 7],
			"to": [16, 9, 13],
			"faces": {
				"north": {"uv": [0, 0, 5, 1], "texture": "#2"},
				"east": {"uv": [0, 0, 1.5, 1], "texture": "#2"},
				"south": {"uv": [0, 0, 5, 1], "texture": "#2"},
				"west": {"uv": [0, 0, 1.5, 1], "texture": "#2"},
				"up": {"uv": [0, 0, 5, 1.5], "texture": "#2"},
				"down": {"uv": [0, 0, 5, 1.5], "texture": "#2"}
			}
		},
		{
			"from": [-4, 1, 7.4],
			"to": [7, 5, 12.6],
			"rotation": {"angle": -22.5, "axis": "z", "origin": [6.5, 3, 10]},
			"faces": {
				"north": {"uv": [0, 0, 11, 4], "texture": "#2"},
				"east": {"uv": [0, 0, 5.2, 4], "texture": "#2"},
				"south": {"uv": [0, 0, 11, 4], "texture": "#2"},
				"west": {"uv": [0, 0, 5.2, 4], "texture": "#2"},
				"up": {"uv": [0, 0, 11, 5.2], "texture": "#2"},
				"down": {"uv": [0, 0, 11, 5.2], "texture": "#2"}
			}
		},
		{
			"from": [0.5, -10.5, 7.4],
			"to": [7.5, 8.5, 12.6],
			"rotation": {"angle": -22.5, "axis": "z", "origin": [2.5, -1, 10]},
			"faces": {
				"north": {"uv": [0, 0, 16, 7], "texture": "#2", "rotation": 90},
				"east": {"uv": [0, 0, 16, 5.2], "texture": "#2", "rotation": 270},
				"south": {"uv": [0, 0, 16, 7], "texture": "#2", "rotation": 270},
				"west": {"uv": [0, 0, 16, 5.2], "texture": "#2", "rotation": 270},
				"up": {"uv": [0, 0, 5.2, 7], "texture": "#2", "rotation": 270},
				"down": {"uv": [0, 0, 5.2, 7], "texture": "#2", "rotation": 270}
			}
		},
		{
			"from": [0.5, -10.9, 8],
			"to": [6.5, 8.1, 12],
			"rotation": {"angle": -22.5, "axis": "z", "origin": [2.5, -3, 10]},
			"faces": {
				"north": {"uv": [0, 0, 16, 6], "texture": "#2", "rotation": 90},
				"east": {"uv": [0, 0, 16, 4], "texture": "#2", "rotation": 270},
				"south": {"uv": [0, 0, 16, 6], "texture": "#2", "rotation": 270},
				"west": {"uv": [0, 0, 16, 4], "texture": "#2", "rotation": 270},
				"up": {"uv": [0, 0, 4, 6], "texture": "#2", "rotation": 270},
				"down": {"uv": [0, 0, 4, 6], "texture": "#2", "rotation": 270}
			}
		},
		{
			"from": [8, -1, 8],
			"to": [16.2, -0.6, 12],
			"rotation": {"angle": 0, "axis": "z", "origin": [18.5, 1, 10]},
			"faces": {
				"north": {"uv": [0, 0, 8.2, 0.4], "texture": "#2"},
				"east": {"uv": [0, 0, 4, 0.4], "texture": "#2"},
				"south": {"uv": [0, 0, 8.2, 0.4], "texture": "#2"},
				"west": {"uv": [0, 0, 4, 0.4], "texture": "#2"},
				"up": {"uv": [0, 0, 8.2, 4], "texture": "#2"},
				"down": {"uv": [0, 0, 8.2, 4], "texture": "#2"}
			}
		},
		{
			"from": [14, 0.6, 8],
			"to": [15, 3.4, 12],
			"rotation": {"angle": 22.5, "axis": "z", "origin": [18.5, 3, 10]},
			"faces": {
				"north": {"uv": [0, 0, 1, 2.8], "texture": "#2"},
				"east": {"uv": [0, 0, 4, 2.8], "texture": "#2"},
				"south": {"uv": [0, 0, 1, 2.8], "texture": "#2"},
				"west": {"uv": [0, 0, 4, 2.8], "texture": "#2"},
				"up": {"uv": [0, 0, 1, 4], "texture": "#2"},
				"down": {"uv": [0, 0, 1, 4], "texture": "#2"}
			}
		},
		{
			"from": [14.2, 1.6, 8],
			"to": [15.1, 5.4, 12],
			"rotation": {"angle": 0, "axis": "z", "origin": [18.6, 5.1, 10]},
			"faces": {
				"north": {"uv": [0, 0, 0.9, 3.8], "texture": "#2"},
				"east": {"uv": [0, 0, 4, 3.8], "texture": "#2"},
				"south": {"uv": [0, 0, 0.9, 3.8], "texture": "#2"},
				"west": {"uv": [0, 0, 4, 3.8], "texture": "#2"},
				"up": {"uv": [0, 0, 0.9, 4], "texture": "#2"},
				"down": {"uv": [0, 0, 0.9, 4], "texture": "#2"}
			}
		},
		{
			"from": [10.2, 3.6, 8.3],
			"to": [11.1, 7.4, 11.7],
			"rotation": {"angle": 22.5, "axis": "z", "origin": [14.6, 7.1, 10]},
			"faces": {
				"north": {"uv": [3, 0, 3.9, 3.8], "texture": "#1"},
				"east": {"uv": [3, 0, 6.4, 3.8], "texture": "#1"},
				"south": {"uv": [3, 0, 3.9, 3.8], "texture": "#1"},
				"west": {"uv": [3, 0, 6.4, 3.8], "texture": "#1"},
				"up": {"uv": [3, 0, 3.9, 3.4], "texture": "#1"},
				"down": {"uv": [3, 0, 3.9, 3.4], "texture": "#1"}
			}
		},
		{
			"from": [16, 6, 7],
			"to": [32, 9, 13],
			"faces": {
				"north": {"uv": [0, 0, 4, 0.75], "texture": "#2"},
				"east": {"uv": [0, 0, 1.5, 0.75], "texture": "#2"},
				"south": {"uv": [0, 0, 4, 0.75], "texture": "#2"},
				"west": {"uv": [0, 0, 1.5, 0.75], "texture": "#2"},
				"up": {"uv": [0, 0, 4, 1.5], "texture": "#2"},
				"down": {"uv": [0, 0, 4, 1.5], "texture": "#2"}
			}
		},
		{
			"from": [16, 5, 8],
			"to": [32, 6, 12],
			"faces": {
				"north": {"uv": [0, 0, 4, 0.25], "texture": "#2"},
				"east": {"uv": [0, 0, 1, 0.25], "texture": "#2"},
				"south": {"uv": [0, 0, 4, 0.25], "texture": "#2"},
				"west": {"uv": [0, 0, 1, 0.25], "texture": "#2"},
				"up": {"uv": [0, 0, 4, 1], "texture": "#2"},
				"down": {"uv": [0, 0, 4, 1], "texture": "#2"}
			}
		},
		{
			"from": [16, 5.5, 7.2],
			"to": [32, 7.5, 8.6],
			"rotation": {"angle": 45, "axis": "x", "origin": [24, 6, 7.7]},
			"faces": {
				"north": {"uv": [0, 0, 4, 0.5], "texture": "#2"},
				"east": {"uv": [0, 0, 0.35, 0.5], "texture": "#2"},
				"south": {"uv": [0, 0, 4, 0.5], "texture": "#2"},
				"west": {"uv": [0, 0, 0.35, 0.5], "texture": "#2"},
				"up": {"uv": [0, 0, 4, 0.35], "texture": "#2"},
				"down": {"uv": [0, 0, 4, 0.35], "texture": "#2"}
			}
		},
		{
			"from": [16, 5.2, 11.5],
			"to": [32, 7.2, 12.9],
			"rotation": {"angle": -45, "axis": "x", "origin": [24, 5.7, 12]},
			"faces": {
				"north": {"uv": [0, 0, 4, 0.5], "texture": "#2"},
				"east": {"uv": [0, 0, 0.35, 0.5], "texture": "#2"},
				"south": {"uv": [0, 0, 4, 0.5], "texture": "#2"},
				"west": {"uv": [0, 0, 0.35, 0.5], "texture": "#2"},
				"up": {"uv": [0, 0, 4, 0.35], "texture": "#2"},
				"down": {"uv": [0, 0, 4, 0.35], "texture": "#2"}
			}
		},
		{
			"from": [0.5, -1.5, 7.4],
			"to": [4.5, 3.5, 12.6],
			"rotation": {"angle": 0, "axis": "z", "origin": [2.5, -1, 10]},
			"faces": {
				"north": {"uv": [0, 0, 1.25, 1], "texture": "#2", "rotation": 270},
				"east": {"uv": [0, 0, 1.25, 1.3], "texture": "#2", "rotation": 90},
				"south": {"uv": [0, 0, 1.25, 1], "texture": "#2", "rotation": 90},
				"west": {"uv": [0, 0, 1.25, 1.3], "texture": "#2", "rotation": 90},
				"up": {"uv": [0, 0, 1.3, 1], "texture": "#2", "rotation": 90},
				"down": {"uv": [0, 0, 1.3, 1], "texture": "#2", "rotation": 90}
			}
		},
		{
			"from": [-3, 13, 7.3],
			"to": [-1, 15, 9.3],
			"rotation": {"angle": -45, "axis": "x", "origin": [-2.5, 14.5, 8.8]},
			"faces": {
				"north": {"uv": [3, 0, 5, 2], "texture": "#1"},
				"east": {"uv": [3, 0, 5, 2], "texture": "#1"},
				"south": {"uv": [3, 0, 5, 2], "texture": "#1"},
				"west": {"uv": [3, 0, 5, 2], "texture": "#1"},
				"up": {"uv": [3, 0, 5, 2], "texture": "#1"},
				"down": {"uv": [3, 0, 5, 2], "texture": "#1"}
			}
		},
		{
			"from": [-3, 13, 9.7],
			"to": [-1, 15, 11.7],
			"rotation": {"angle": -45, "axis": "x", "origin": [-2.5, 14.5, 11.2]},
			"faces": {
				"north": {"uv": [3, 0, 5, 2], "texture": "#1"},
				"east": {"uv": [3, 0, 5, 2], "texture": "#1"},
				"south": {"uv": [3, 0, 5, 2], "texture": "#1"},
				"west": {"uv": [3, 0, 5, 2], "texture": "#1"},
				"up": {"uv": [3, 0, 5, 2], "texture": "#1"},
				"down": {"uv": [3, 0, 5, 2], "texture": "#1"}
			}
		},
		{
			"from": [29, 13, 9.7],
			"to": [31, 15, 10.2],
			"rotation": {"angle": 45, "axis": "z", "origin": [30, 14, 9.95]},
			"faces": {
				"north": {"uv": [3, 0, 5, 2], "texture": "#1"},
				"east": {"uv": [3, 0, 3.5, 2], "texture": "#1"},
				"south": {"uv": [3, 0, 5, 2], "texture": "#1"},
				"west": {"uv": [3, 0, 3.5, 2], "texture": "#1"},
				"up": {"uv": [3, 0, 5, 1], "texture": "#1"},
				"down": {"uv": [3, 0, 5, 0.5], "texture": "#1"}
			}
		}
	],
	"display": {
		"thirdperson_righthand": {
			"scale": [0.2, 0.2, 0.2],
			"rotation": [0, 90, 0],
			"translation": [-0.5, 1, 1.5]
		},
		"thirdperson_lefthand": {
			"scale": [0.2, 0.2, 0.2],
			"rotation": [0, -90, 0],
			"translation": [0, 1, 1.5]
		},
		"firstperson_righthand": {
			"scale": [0.825, 0.825, 0.825],
			"rotation": [-1, 90, 0],
			"translation": [-10.7, 2.5, -7]
		},
		"firstperson_lefthand": {
			"scale": [0.825, 0.825, 0.825],
			"rotation": [3, -90, 0],
			"translation": [-7.35, 3.5, -7]
		},
		"ground": {
			"scale": [0.4, 0.4, 0.4],
			"translation": [0, 2, 0]
		},
		"gui": {
			"scale": [0.425, 0.425, 0.425],
			"rotation": [13, -140, 0],
			"translation": [2.5, 1, 0]
		}
	}
}