{
	"credit": "Made with Blockbench",
	"textures": {
		"0": "custom/wood",
		"1": "custom/wall",
		"particle": "custom/wood"
	},
	"elements": [
		{
			"from": [7, -0.5, 10],
			"to": [9, 1, 20],
			"faces": {
				"north": {"uv": [0, 0, 2, 1.5], "texture": "#0"},
				"east": {"uv": [0, 0, 10, 1.5], "texture": "#0"},
				"south": {"uv": [0, 0, 2, 1.5], "texture": "#0"},
				"west": {"uv": [0, 0, 10, 1.5], "texture": "#0"},
				"up": {"uv": [0, 0, 2, 10], "texture": "#0"},
				"down": {"uv": [0, 0, 2, 10], "texture": "#0"}
			}
		},
		{
			"from": [7, 1, 0],
			"to": [9, 2.5, 19],
			"faces": {
				"north": {"uv": [0, 0, 2, 1.5], "texture": "#0"},
				"east": {"uv": [0, 0, 16, 1.5], "texture": "#0"},
				"south": {"uv": [0, 0, 2, 1.5], "texture": "#0"},
				"west": {"uv": [0, 0, 16, 1.5], "texture": "#0"},
				"up": {"uv": [0, 0, 2, 16], "texture": "#0"},
				"down": {"uv": [0, 0, 2, 16], "texture": "#0"}
			}
		},
		{
			"from": [7, 0.80133, 6.45776],
			"to": [9, 2.30133, 10.45776],
			"rotation": {"angle": 22.5, "axis": "x", "origin": [8, 1.30133, 6.95776]},
			"faces": {
				"north": {"uv": [0, 0, 2, 1.5], "texture": "#0"},
				"east": {"uv": [0, 0, 4, 1.5], "texture": "#0"},
				"south": {"uv": [0, 0, 2, 1.5], "texture": "#0"},
				"west": {"uv": [0, 0, 4, 1.5], "texture": "#0"},
				"up": {"uv": [0, 0, 2, 4], "texture": "#0"},
				"down": {"uv": [0, 0, 2, 4], "texture": "#0"}
			}
		},
		{
			"from": [7, 0.26784, 18.67534],
			"to": [9, 1.96784, 23.07534],
			"rotation": {"angle": 22.5, "axis": "x", "origin": [8, 1.41784, 20.17534]},
			"faces": {
				"north": {"uv": [0, 0, 2, 1.1], "texture": "#0"},
				"east": {"uv": [0, 0, 3, 1.1], "texture": "#0"},
				"south": {"uv": [0, 0, 2, 1.1], "texture": "#0"},
				"west": {"uv": [0, 0, 3, 1.1], "texture": "#0"},
				"up": {"uv": [0, 0, 2, 3], "texture": "#0"},
				"down": {"uv": [0, 0, 2, 3], "texture": "#0"}
			}
		},
		{
			"from": [7, -0.5, 20],
			"to": [9, 0.9, 31.9],
			"faces": {
				"north": {"uv": [0, 0, 2, 1], "texture": "#0"},
				"east": {"uv": [0, 0, 16, 1], "texture": "#0"},
				"south": {"uv": [0, 0, 2, 1], "texture": "#0"},
				"west": {"uv": [0, 0, 16, 1], "texture": "#0"},
				"up": {"uv": [0, 0, 2, 16], "texture": "#0"},
				"down": {"uv": [0, 0, 2, 16], "texture": "#0"}
			}
		},
		{
			"from": [7, -4.04975, 15.74264],
			"to": [9, -2.94975, 19.74264],
			"rotation": {"angle": 45, "axis": "x", "origin": [8, -4.44975, 22.24264]},
			"faces": {
				"north": {"uv": [0, 0, 2, 1.1], "texture": "#0"},
				"east": {"uv": [0, 0, 4, 1.1], "texture": "#0"},
				"south": {"uv": [0, 0, 2, 1.1], "texture": "#0"},
				"west": {"uv": [0, 0, 4, 1.1], "texture": "#0"},
				"up": {"uv": [0, 0, 2, 4], "texture": "#0"},
				"down": {"uv": [0, 0, 2, 4], "texture": "#0"}
			}
		},
		{
			"from": [7, -2.00006, 20.61177],
			"to": [9, -0.03275, 23.18789],
			"rotation": {"angle": -22.5, "axis": "x", "origin": [8, -1.83275, 21.68789]},
			"faces": {
				"north": {"uv": [0, 0, 2, 2.85], "texture": "#0"},
				"east": {"uv": [0, 0, 2.5, 2.85], "texture": "#0"},
				"south": {"uv": [0, 0, 2, 2.85], "texture": "#0"},
				"west": {"uv": [0, 0, 2.5, 2.85], "texture": "#0"},
				"up": {"uv": [0, 0, 2, 2.5], "texture": "#0"},
				"down": {"uv": [0, 0, 2, 2.5], "texture": "#0"}
			}
		},
		{
			"from": [7, -2.02387, 20.81605],
			"to": [9, -0.25682, 31.69349],
			"rotation": {"angle": 22.5, "axis": "x", "origin": [8, -2.77387, 23.06605]},
			"faces": {
				"north": {"uv": [0, 0, 2, 3.06705], "texture": "#0"},
				"east": {"uv": [0, 0, 10.87745, 3.06705], "texture": "#0"},
				"south": {"uv": [0, 0, 2, 3.06705], "texture": "#0"},
				"west": {"uv": [0, 0, 10.87745, 3.06705], "texture": "#0"},
				"up": {"uv": [0, 0, 2, 10.87745], "texture": "#0"},
				"down": {"uv": [0, 0, 2, 10.87745], "texture": "#0"}
			}
		},
		{
			"from": [7, -2.25, 24],
			"to": [9, -0.5, 31.9],
			"faces": {
				"north": {"uv": [0, 0, 2, 3.25], "texture": "#0"},
				"east": {"uv": [0, 0, 8, 3.25], "texture": "#0"},
				"south": {"uv": [0, 0, 2, 3.25], "texture": "#0"},
				"west": {"uv": [0, 0, 8, 3.25], "texture": "#0"},
				"up": {"uv": [0, 0, 2, 8], "texture": "#0"},
				"down": {"uv": [0, 0, 2, 8], "texture": "#0"}
			}
		},
		{
			"from": [7, -5.38254, 31.32378],
			"to": [9, -2.25, 31.9],
			"faces": {
				"north": {"uv": [0, 0, 2, 2.25], "texture": "#0"},
				"east": {"uv": [0, 0, 1.17371, 2.25], "texture": "#0"},
				"south": {"uv": [0, 0, 2, 2.25], "texture": "#0"},
				"west": {"uv": [0, 0, 1.17371, 2.25], "texture": "#0"},
				"up": {"uv": [0, 0, 2, 1.17371], "texture": "#0"},
				"down": {"uv": [0, 0, 2, 1.17371], "texture": "#0"}
			}
		},
		{
			"from": [7.1, 2, 0],
			"to": [8.9, 3.5, 8],
			"faces": {
				"north": {"uv": [0, 0, 2, 1.5], "texture": "#0"},
				"east": {"uv": [0, 0, 8, 1.5], "texture": "#0"},
				"south": {"uv": [0, 0, 2, 1.5], "texture": "#0"},
				"west": {"uv": [0, 0, 8, 1.5], "texture": "#0"},
				"up": {"uv": [0, 0, 2, 8], "texture": "#0"},
				"down": {"uv": [0, 0, 2, 8], "texture": "#0"}
			}
		},
		{
			"from": [7.25, 2.5, 8],
			"to": [8.75, 3.5, 19],
			"faces": {
				"north": {"uv": [0, 0, 1.5, 1], "texture": "#1"},
				"east": {"uv": [0, 0, 11, 1], "texture": "#1"},
				"south": {"uv": [0, 0, 1.5, 1], "texture": "#1"},
				"west": {"uv": [0, 0, 11, 1], "texture": "#1"},
				"up": {"uv": [0, 0, 1.5, 11], "texture": "#1"},
				"down": {"uv": [0, 0, 1.5, 11], "texture": "#1"}
			}
		},
		{
			"name": "hexadecagon",
			"from": [7.25, 3.07582, -14],
			"to": [7.55, 3.37418, -12.75],
			"rotation": {"angle": 22.5, "axis": "z", "origin": [8, 3.225, -14]},
			"faces": {
				"north": {"uv": [0, 0, 1, 1], "rotation": 90, "texture": "#1"},
				"east": {"uv": [0, 0, 1, 1], "rotation": 90, "texture": "#1"},
				"south": {"uv": [0, 0, 1, 1], "rotation": 270, "texture": "#1"},
				"west": {"uv": [0, 0, 1, 1], "rotation": 270, "texture": "#1"},
				"up": {"uv": [0, 0, 1, 1], "texture": "#1"},
				"down": {"uv": [0, 0, 1, 1], "rotation": 180, "texture": "#1"}
			}
		},
		{
			"name": "hexadecagon",
			"from": [7.25, 3.07582, -14],
			"to": [7.55, 3.37418, -12.75],
			"faces": {
				"north": {"uv": [0, 0, 1, 1], "rotation": 90, "texture": "#1"},
				"east": {"uv": [0, 0, 1, 1], "rotation": 90, "texture": "#1"},
				"south": {"uv": [0, 0, 1, 1], "rotation": 270, "texture": "#1"},
				"west": {"uv": [0, 0, 1, 1], "rotation": 270, "texture": "#1"},
				"up": {"uv": [0, 0, 1, 1], "texture": "#1"},
				"down": {"uv": [0, 0, 1, 1], "rotation": 180, "texture": "#1"}
			}
		},
		{
			"name": "hexadecagon",
			"from": [7.25, 3.07582, -14],
			"to": [7.55, 3.37418, -12.75],
			"rotation": {"angle": -22.5, "axis": "z", "origin": [8, 3.225, -14]},
			"faces": {
				"north": {"uv": [0, 0, 1, 1], "rotation": 90, "texture": "#1"},
				"east": {"uv": [0, 0, 1, 1], "rotation": 90, "texture": "#1"},
				"south": {"uv": [0, 0, 1, 1], "rotation": 270, "texture": "#1"},
				"west": {"uv": [0, 0, 1, 1], "rotation": 270, "texture": "#1"},
				"up": {"uv": [0, 0, 1, 1], "texture": "#1"},
				"down": {"uv": [0, 0, 1, 1], "rotation": 180, "texture": "#1"}
			}
		},
		{
			"name": "hexadecagon",
			"from": [7.25, 3.07582, -14],
			"to": [7.55, 3.37418, -12.75],
			"rotation": {"angle": -45, "axis": "z", "origin": [8, 3.225, -14]},
			"faces": {
				"north": {"uv": [0, 0, 1, 1], "rotation": 90, "texture": "#1"},
				"east": {"uv": [0, 0, 1, 1], "rotation": 90, "texture": "#1"},
				"south": {"uv": [0, 0, 1, 1], "rotation": 270, "texture": "#1"},
				"west": {"uv": [0, 0, 1, 1], "rotation": 270, "texture": "#1"},
				"up": {"uv": [0, 0, 1, 1], "texture": "#1"},
				"down": {"uv": [0, 0, 1, 1], "rotation": 180, "texture": "#1"}
			}
		},
		{
			"name": "hexadecagon",
			"from": [7.85082, 2.475, -14],
			"to": [8.14918, 2.775, -12.75],
			"rotation": {"angle": 22.5, "axis": "z", "origin": [8, 3.225, -14]},
			"faces": {
				"north": {"uv": [0, 0, 1, 1], "rotation": 90, "texture": "#1"},
				"east": {"uv": [0, 0, 1, 1], "rotation": 90, "texture": "#1"},
				"south": {"uv": [0, 0, 1, 1], "rotation": 270, "texture": "#1"},
				"west": {"uv": [0, 0, 1, 1], "rotation": 270, "texture": "#1"},
				"up": {"uv": [0, 0, 1, 1], "texture": "#1"},
				"down": {"uv": [0, 0, 1, 1], "rotation": 180, "texture": "#1"}
			}
		},
		{
			"name": "hexadecagon",
			"from": [7.85082, 2.475, -14],
			"to": [8.14918, 2.775, -12.75],
			"faces": {
				"north": {"uv": [0, 0, 1, 1], "rotation": 90, "texture": "#1"},
				"east": {"uv": [0, 0, 1, 1], "rotation": 90, "texture": "#1"},
				"south": {"uv": [0, 0, 1, 1], "rotation": 270, "texture": "#1"},
				"west": {"uv": [0, 0, 1, 1], "rotation": 270, "texture": "#1"},
				"up": {"uv": [0, 0, 1, 1], "texture": "#1"},
				"down": {"uv": [0, 0, 1, 1], "rotation": 180, "texture": "#1"}
			}
		},
		{
			"name": "hexadecagon",
			"from": [7.85082, 2.475, -14],
			"to": [8.14918, 2.775, -12.75],
			"rotation": {"angle": -22.5, "axis": "z", "origin": [8, 3.225, -14]},
			"faces": {
				"north": {"uv": [0, 0, 1, 1], "rotation": 90, "texture": "#1"},
				"east": {"uv": [0, 0, 1, 1], "rotation": 90, "texture": "#1"},
				"south": {"uv": [0, 0, 1, 1], "rotation": 270, "texture": "#1"},
				"west": {"uv": [0, 0, 1, 1], "rotation": 270, "texture": "#1"},
				"up": {"uv": [0, 0, 1, 1], "texture": "#1"},
				"down": {"uv": [0, 0, 1, 1], "rotation": 180, "texture": "#1"}
			}
		},
		{
			"name": "hexadecagon",
			"from": [7.85082, 3.675, -14],
			"to": [8.14918, 3.975, -12.75],
			"rotation": {"angle": 22.5, "axis": "z", "origin": [8, 3.225, -14]},
			"faces": {
				"north": {"uv": [0, 0, 1, 1], "rotation": 90, "texture": "#1"},
				"east": {"uv": [0, 0, 1, 1], "rotation": 90, "texture": "#1"},
				"south": {"uv": [0, 0, 1, 1], "rotation": 270, "texture": "#1"},
				"west": {"uv": [0, 0, 1, 1], "rotation": 270, "texture": "#1"},
				"up": {"uv": [0, 0, 1, 1], "texture": "#1"},
				"down": {"uv": [0, 0, 1, 1], "rotation": 180, "texture": "#1"}
			}
		},
		{
			"name": "hexadecagon",
			"from": [7.60082, 3.675, -14],
			"to": [8.39918, 4.125, -12.75],
			"faces": {
				"north": {"uv": [0, 0, 1, 1], "rotation": 90, "texture": "#1"},
				"east": {"uv": [0, 0, 1, 1], "rotation": 90, "texture": "#1"},
				"south": {"uv": [0, 0, 1, 1], "rotation": 270, "texture": "#1"},
				"west": {"uv": [0, 0, 1, 1], "rotation": 270, "texture": "#1"},
				"up": {"uv": [0, 0, 1, 1], "texture": "#1"},
				"down": {"uv": [0, 0, 1, 1], "rotation": 180, "texture": "#1"}
			}
		},
		{
			"name": "hexadecagon",
			"from": [7.85082, 3.675, -14],
			"to": [8.14918, 3.975, -12.75],
			"rotation": {"angle": -22.5, "axis": "z", "origin": [8, 3.225, -14]},
			"faces": {
				"north": {"uv": [0, 0, 1, 1], "rotation": 90, "texture": "#1"},
				"east": {"uv": [0, 0, 1, 1], "rotation": 90, "texture": "#1"},
				"south": {"uv": [0, 0, 1, 1], "rotation": 270, "texture": "#1"},
				"west": {"uv": [0, 0, 1, 1], "rotation": 270, "texture": "#1"},
				"up": {"uv": [0, 0, 1, 1], "texture": "#1"},
				"down": {"uv": [0, 0, 1, 1], "rotation": 180, "texture": "#1"}
			}
		},
		{
			"name": "hexadecagon",
			"from": [8.45, 3.07582, -14],
			"to": [8.75, 3.37418, -12.75],
			"rotation": {"angle": -45, "axis": "z", "origin": [8, 3.225, -14]},
			"faces": {
				"north": {"uv": [0, 0, 1, 1], "rotation": 90, "texture": "#1"},
				"east": {"uv": [0, 0, 1, 1], "rotation": 90, "texture": "#1"},
				"south": {"uv": [0, 0, 1, 1], "rotation": 270, "texture": "#1"},
				"west": {"uv": [0, 0, 1, 1], "rotation": 270, "texture": "#1"},
				"up": {"uv": [0, 0, 1, 1], "texture": "#1"},
				"down": {"uv": [0, 0, 1, 1], "rotation": 180, "texture": "#1"}
			}
		},
		{
			"name": "hexadecagon",
			"from": [8.45, 3.07582, -14],
			"to": [8.75, 3.37418, -12.75],
			"rotation": {"angle": -22.5, "axis": "z", "origin": [8, 3.225, -14]},
			"faces": {
				"north": {"uv": [0, 0, 1, 1], "rotation": 90, "texture": "#1"},
				"east": {"uv": [0, 0, 1, 1], "rotation": 90, "texture": "#1"},
				"south": {"uv": [0, 0, 1, 1], "rotation": 270, "texture": "#1"},
				"west": {"uv": [0, 0, 1, 1], "rotation": 270, "texture": "#1"},
				"up": {"uv": [0, 0, 1, 1], "texture": "#1"},
				"down": {"uv": [0, 0, 1, 1], "rotation": 180, "texture": "#1"}
			}
		},
		{
			"name": "hexadecagon",
			"from": [7.25, 3.07582, -14],
			"to": [7.55, 3.37418, -12.75],
			"rotation": {"angle": 45, "axis": "z", "origin": [8, 3.225, -14]},
			"faces": {
				"north": {"uv": [0, 0, 1, 1], "rotation": 90, "texture": "#1"},
				"east": {"uv": [0, 0, 1, 1], "rotation": 90, "texture": "#1"},
				"south": {"uv": [0, 0, 1, 1], "rotation": 270, "texture": "#1"},
				"west": {"uv": [0, 0, 1, 1], "rotation": 270, "texture": "#1"},
				"up": {"uv": [0, 0, 1, 1], "texture": "#1"},
				"down": {"uv": [0, 0, 1, 1], "rotation": 180, "texture": "#1"}
			}
		},
		{
			"name": "hexadecagon",
			"from": [8.45, 3.07582, -14],
			"to": [8.75, 3.37418, -12.75],
			"faces": {
				"north": {"uv": [0, 0, 1, 1], "rotation": 90, "texture": "#1"},
				"east": {"uv": [0, 0, 1, 1], "rotation": 90, "texture": "#1"},
				"south": {"uv": [0, 0, 1, 1], "rotation": 270, "texture": "#1"},
				"west": {"uv": [0, 0, 1, 1], "rotation": 270, "texture": "#1"},
				"up": {"uv": [0, 0, 1, 1], "texture": "#1"},
				"down": {"uv": [0, 0, 1, 1], "rotation": 180, "texture": "#1"}
			}
		},
		{
			"name": "hexadecagon",
			"from": [8.45, 3.07582, -14],
			"to": [8.75, 3.37418, -12.75],
			"rotation": {"angle": 22.5, "axis": "z", "origin": [8, 3.225, -14]},
			"faces": {
				"north": {"uv": [0, 0, 1, 1], "rotation": 90, "texture": "#1"},
				"east": {"uv": [0, 0, 1, 1], "rotation": 90, "texture": "#1"},
				"south": {"uv": [0, 0, 1, 1], "rotation": 270, "texture": "#1"},
				"west": {"uv": [0, 0, 1, 1], "rotation": 270, "texture": "#1"},
				"up": {"uv": [0, 0, 1, 1], "texture": "#1"},
				"down": {"uv": [0, 0, 1, 1], "rotation": 180, "texture": "#1"}
			}
		},
		{
			"name": "hexadecagon",
			"from": [8.45, 3.07582, -14],
			"to": [8.75, 3.37418, -12.75],
			"rotation": {"angle": 45, "axis": "z", "origin": [8, 3.225, -14]},
			"faces": {
				"north": {"uv": [0, 0, 1, 1], "rotation": 90, "texture": "#1"},
				"east": {"uv": [0, 0, 1, 1], "rotation": 90, "texture": "#1"},
				"south": {"uv": [0, 0, 1, 1], "rotation": 270, "texture": "#1"},
				"west": {"uv": [0, 0, 1, 1], "rotation": 270, "texture": "#1"},
				"up": {"uv": [0, 0, 1, 1], "texture": "#1"},
				"down": {"uv": [0, 0, 1, 1], "rotation": 180, "texture": "#1"}
			}
		},
		{
			"name": "hexadecagon",
			"from": [7.60082, 4.125, -14],
			"to": [7.79918, 4.575, -12.75],
			"faces": {
				"north": {"uv": [0, 0, 1, 1], "rotation": 90, "texture": "#1"},
				"east": {"uv": [0, 0, 1, 1], "rotation": 90, "texture": "#1"},
				"south": {"uv": [0, 0, 1, 1], "rotation": 270, "texture": "#1"},
				"west": {"uv": [0, 0, 1, 1], "rotation": 270, "texture": "#1"},
				"up": {"uv": [0, 0, 1, 1], "texture": "#1"},
				"down": {"uv": [0, 0, 1, 1], "rotation": 180, "texture": "#1"}
			}
		},
		{
			"name": "hexadecagon",
			"from": [8.20082, 4.125, -14],
			"to": [8.39918, 4.575, -12.75],
			"faces": {
				"north": {"uv": [0, 0, 1, 1], "rotation": 90, "texture": "#1"},
				"east": {"uv": [0, 0, 1, 1], "rotation": 90, "texture": "#1"},
				"south": {"uv": [0, 0, 1, 1], "rotation": 270, "texture": "#1"},
				"west": {"uv": [0, 0, 1, 1], "rotation": 270, "texture": "#1"},
				"up": {"uv": [0, 0, 1, 1], "texture": "#1"},
				"down": {"uv": [0, 0, 1, 1], "rotation": 180, "texture": "#1"}
			}
		},
		{
			"name": "hexadecagon",
			"from": [7.95082, 4.075, -14],
			"to": [8.04918, 4.325, -12.75],
			"faces": {
				"north": {"uv": [0, 0, 1, 1], "rotation": 90, "texture": "#1"},
				"east": {"uv": [0, 0, 1, 1], "rotation": 90, "texture": "#1"},
				"south": {"uv": [0, 0, 1, 1], "rotation": 270, "texture": "#1"},
				"west": {"uv": [0, 0, 1, 1], "rotation": 270, "texture": "#1"},
				"up": {"uv": [0, 0, 1, 1], "texture": "#1"},
				"down": {"uv": [0, 0, 1, 1], "rotation": 180, "texture": "#1"}
			}
		},
		{
			"name": "hexadecagon",
			"from": [8.3, 2.15054, -14.1],
			"to": [8.5, 2.34946, -7.9],
			"rotation": {"angle": 45, "axis": "z", "origin": [8, 2.25, -8]},
			"faces": {
				"north": {"uv": [0, 0, 1, 1], "rotation": 90, "texture": "#1"},
				"east": {"uv": [0, 0, 1, 1], "rotation": 90, "texture": "#1"},
				"south": {"uv": [0, 0, 1, 1], "rotation": 270, "texture": "#1"},
				"west": {"uv": [0, 0, 1, 1], "rotation": 270, "texture": "#1"},
				"up": {"uv": [0, 0, 1, 1], "texture": "#1"},
				"down": {"uv": [0, 0, 1, 1], "rotation": 180, "texture": "#1"}
			}
		},
		{
			"name": "hexadecagon",
			"from": [8.3, 2.15054, -14.1],
			"to": [8.5, 2.34946, -7.9],
			"rotation": {"angle": 22.5, "axis": "z", "origin": [8, 2.25, -8]},
			"faces": {
				"north": {"uv": [0, 0, 1, 1], "rotation": 90, "texture": "#1"},
				"east": {"uv": [0, 0, 1, 1], "rotation": 90, "texture": "#1"},
				"south": {"uv": [0, 0, 1, 1], "rotation": 270, "texture": "#1"},
				"west": {"uv": [0, 0, 1, 1], "rotation": 270, "texture": "#1"},
				"up": {"uv": [0, 0, 1, 1], "texture": "#1"},
				"down": {"uv": [0, 0, 1, 1], "rotation": 180, "texture": "#1"}
			}
		},
		{
			"name": "hexadecagon",
			"from": [8.3, 2.15054, -14.1],
			"to": [8.5, 2.34946, -7.9],
			"faces": {
				"north": {"uv": [0, 0, 1, 1], "rotation": 90, "texture": "#1"},
				"east": {"uv": [0, 0, 1, 1], "rotation": 90, "texture": "#1"},
				"south": {"uv": [0, 0, 1, 1], "rotation": 270, "texture": "#1"},
				"west": {"uv": [0, 0, 1, 1], "rotation": 270, "texture": "#1"},
				"up": {"uv": [0, 0, 1, 1], "texture": "#1"},
				"down": {"uv": [0, 0, 1, 1], "rotation": 180, "texture": "#1"}
			}
		},
		{
			"name": "hexadecagon",
			"from": [8.3, 2.15054, -14.1],
			"to": [8.5, 2.34946, -7.9],
			"rotation": {"angle": -22.5, "axis": "z", "origin": [8, 2.25, -8]},
			"faces": {
				"north": {"uv": [0, 0, 1, 1], "rotation": 90, "texture": "#1"},
				"east": {"uv": [0, 0, 1, 1], "rotation": 90, "texture": "#1"},
				"south": {"uv": [0, 0, 1, 1], "rotation": 270, "texture": "#1"},
				"west": {"uv": [0, 0, 1, 1], "rotation": 270, "texture": "#1"},
				"up": {"uv": [0, 0, 1, 1], "texture": "#1"},
				"down": {"uv": [0, 0, 1, 1], "rotation": 180, "texture": "#1"}
			}
		},
		{
			"name": "hexadecagon",
			"from": [8.3, 2.15054, -14.1],
			"to": [8.5, 2.34946, -7.9],
			"rotation": {"angle": -45, "axis": "z", "origin": [8, 2.25, -8]},
			"faces": {
				"north": {"uv": [0, 0, 1, 1], "rotation": 90, "texture": "#1"},
				"east": {"uv": [0, 0, 1, 1], "rotation": 90, "texture": "#1"},
				"south": {"uv": [0, 0, 1, 1], "rotation": 270, "texture": "#1"},
				"west": {"uv": [0, 0, 1, 1], "rotation": 270, "texture": "#1"},
				"up": {"uv": [0, 0, 1, 1], "texture": "#1"},
				"down": {"uv": [0, 0, 1, 1], "rotation": 180, "texture": "#1"}
			}
		},
		{
			"name": "hexadecagon",
			"from": [7.5, 2.15054, -14.1],
			"to": [7.7, 2.34946, -7.9],
			"rotation": {"angle": 45, "axis": "z", "origin": [8, 2.25, -8]},
			"faces": {
				"north": {"uv": [0, 0, 1, 1], "rotation": 90, "texture": "#1"},
				"east": {"uv": [0, 0, 1, 1], "rotation": 90, "texture": "#1"},
				"south": {"uv": [0, 0, 1, 1], "rotation": 270, "texture": "#1"},
				"west": {"uv": [0, 0, 1, 1], "rotation": 270, "texture": "#1"},
				"up": {"uv": [0, 0, 1, 1], "texture": "#1"},
				"down": {"uv": [0, 0, 1, 1], "rotation": 180, "texture": "#1"}
			}
		},
		{
			"name": "hexadecagon",
			"from": [7.5, 2.15054, -14.1],
			"to": [7.7, 2.34946, -7.9],
			"rotation": {"angle": 22.5, "axis": "z", "origin": [8, 2.25, -8]},
			"faces": {
				"north": {"uv": [0, 0, 1, 1], "rotation": 90, "texture": "#1"},
				"east": {"uv": [0, 0, 1, 1], "rotation": 90, "texture": "#1"},
				"south": {"uv": [0, 0, 1, 1], "rotation": 270, "texture": "#1"},
				"west": {"uv": [0, 0, 1, 1], "rotation": 270, "texture": "#1"},
				"up": {"uv": [0, 0, 1, 1], "texture": "#1"},
				"down": {"uv": [0, 0, 1, 1], "rotation": 180, "texture": "#1"}
			}
		},
		{
			"name": "hexadecagon",
			"from": [7.5, 2.15054, -14.1],
			"to": [7.7, 2.34946, -7.9],
			"faces": {
				"north": {"uv": [0, 0, 1, 1], "rotation": 90, "texture": "#1"},
				"east": {"uv": [0, 0, 1, 1], "rotation": 90, "texture": "#1"},
				"south": {"uv": [0, 0, 1, 1], "rotation": 270, "texture": "#1"},
				"west": {"uv": [0, 0, 1, 1], "rotation": 270, "texture": "#1"},
				"up": {"uv": [0, 0, 1, 1], "texture": "#1"},
				"down": {"uv": [0, 0, 1, 1], "rotation": 180, "texture": "#1"}
			}
		},
		{
			"name": "hexadecagon",
			"from": [7.5, 2.15054, -14.1],
			"to": [7.7, 2.34946, -7.9],
			"rotation": {"angle": -22.5, "axis": "z", "origin": [8, 2.25, -8]},
			"faces": {
				"north": {"uv": [0, 0, 1, 1], "rotation": 90, "texture": "#1"},
				"east": {"uv": [0, 0, 1, 1], "rotation": 90, "texture": "#1"},
				"south": {"uv": [0, 0, 1, 1], "rotation": 270, "texture": "#1"},
				"west": {"uv": [0, 0, 1, 1], "rotation": 270, "texture": "#1"},
				"up": {"uv": [0, 0, 1, 1], "texture": "#1"},
				"down": {"uv": [0, 0, 1, 1], "rotation": 180, "texture": "#1"}
			}
		},
		{
			"name": "hexadecagon",
			"from": [7.5, 2.15054, -14.1],
			"to": [7.7, 2.34946, -7.9],
			"rotation": {"angle": -45, "axis": "z", "origin": [8, 2.25, -8]},
			"faces": {
				"north": {"uv": [0, 0, 1, 1], "rotation": 90, "texture": "#1"},
				"east": {"uv": [0, 0, 1, 1], "rotation": 90, "texture": "#1"},
				"south": {"uv": [0, 0, 1, 1], "rotation": 270, "texture": "#1"},
				"west": {"uv": [0, 0, 1, 1], "rotation": 270, "texture": "#1"},
				"up": {"uv": [0, 0, 1, 1], "texture": "#1"},
				"down": {"uv": [0, 0, 1, 1], "rotation": 180, "texture": "#1"}
			}
		},
		{
			"name": "hexadecagon",
			"from": [7.90054, 1.75, -14.1],
			"to": [8.09946, 1.95, -7.9],
			"rotation": {"angle": 22.5, "axis": "z", "origin": [8, 2.25, -8]},
			"faces": {
				"north": {"uv": [0, 0, 1, 1], "rotation": 90, "texture": "#1"},
				"east": {"uv": [0, 0, 1, 1], "rotation": 90, "texture": "#1"},
				"south": {"uv": [0, 0, 1, 1], "rotation": 270, "texture": "#1"},
				"west": {"uv": [0, 0, 1, 1], "rotation": 270, "texture": "#1"},
				"up": {"uv": [0, 0, 1, 1], "texture": "#1"},
				"down": {"uv": [0, 0, 1, 1], "rotation": 180, "texture": "#1"}
			}
		},
		{
			"name": "hexadecagon",
			"from": [7.90054, 1.75, -14.1],
			"to": [8.09946, 1.95, -7.9],
			"faces": {
				"north": {"uv": [0, 0, 1, 1], "rotation": 90, "texture": "#1"},
				"east": {"uv": [0, 0, 1, 1], "rotation": 90, "texture": "#1"},
				"south": {"uv": [0, 0, 1, 1], "rotation": 270, "texture": "#1"},
				"west": {"uv": [0, 0, 1, 1], "rotation": 270, "texture": "#1"},
				"up": {"uv": [0, 0, 1, 1], "texture": "#1"},
				"down": {"uv": [0, 0, 1, 1], "rotation": 180, "texture": "#1"}
			}
		},
		{
			"name": "hexadecagon",
			"from": [7.90054, 1.75, -14.1],
			"to": [8.09946, 1.95, -7.9],
			"rotation": {"angle": -22.5, "axis": "z", "origin": [8, 2.25, -8]},
			"faces": {
				"north": {"uv": [0, 0, 1, 1], "rotation": 90, "texture": "#1"},
				"east": {"uv": [0, 0, 1, 1], "rotation": 90, "texture": "#1"},
				"south": {"uv": [0, 0, 1, 1], "rotation": 270, "texture": "#1"},
				"west": {"uv": [0, 0, 1, 1], "rotation": 270, "texture": "#1"},
				"up": {"uv": [0, 0, 1, 1], "texture": "#1"},
				"down": {"uv": [0, 0, 1, 1], "rotation": 180, "texture": "#1"}
			}
		},
		{
			"name": "hexadecagon",
			"from": [7.90054, 2.55, -14.1],
			"to": [8.09946, 2.75, -7.9],
			"rotation": {"angle": 22.5, "axis": "z", "origin": [8, 2.25, -8]},
			"faces": {
				"north": {"uv": [0, 0, 1, 1], "rotation": 90, "texture": "#1"},
				"east": {"uv": [0, 0, 1, 1], "rotation": 90, "texture": "#1"},
				"south": {"uv": [0, 0, 1, 1], "rotation": 270, "texture": "#1"},
				"west": {"uv": [0, 0, 1, 1], "rotation": 270, "texture": "#1"},
				"up": {"uv": [0, 0, 1, 1], "texture": "#1"},
				"down": {"uv": [0, 0, 1, 1], "rotation": 180, "texture": "#1"}
			}
		},
		{
			"name": "hexadecagon",
			"from": [7.90054, 2.55, -14.1],
			"to": [8.09946, 2.75, -7.9],
			"faces": {
				"north": {"uv": [0, 0, 1, 1], "rotation": 90, "texture": "#1"},
				"east": {"uv": [0, 0, 1, 1], "rotation": 90, "texture": "#1"},
				"south": {"uv": [0, 0, 1, 1], "rotation": 270, "texture": "#1"},
				"west": {"uv": [0, 0, 1, 1], "rotation": 270, "texture": "#1"},
				"up": {"uv": [0, 0, 1, 1], "texture": "#1"},
				"down": {"uv": [0, 0, 1, 1], "rotation": 180, "texture": "#1"}
			}
		},
		{
			"name": "hexadecagon",
			"from": [7.90054, 2.55, -14.1],
			"to": [8.09946, 2.75, -7.9],
			"rotation": {"angle": -22.5, "axis": "z", "origin": [8, 2.25, -8]},
			"faces": {
				"north": {"uv": [0, 0, 1, 1], "rotation": 90, "texture": "#1"},
				"east": {"uv": [0, 0, 1, 1], "rotation": 90, "texture": "#1"},
				"south": {"uv": [0, 0, 1, 1], "rotation": 270, "texture": "#1"},
				"west": {"uv": [0, 0, 1, 1], "rotation": 270, "texture": "#1"},
				"up": {"uv": [0, 0, 1, 1], "texture": "#1"},
				"down": {"uv": [0, 0, 1, 1], "rotation": 180, "texture": "#1"}
			}
		},
		{
			"name": "hexadecagon",
			"from": [8.3, 3.15054, -15.1],
			"to": [8.5, 3.34946, -7.9],
			"rotation": {"angle": 45, "axis": "z", "origin": [8, 3.25, -8]},
			"faces": {
				"north": {"uv": [0, 0, 1, 1], "rotation": 90, "texture": "#1"},
				"east": {"uv": [0, 0, 1, 1], "rotation": 90, "texture": "#1"},
				"south": {"uv": [0, 0, 1, 1], "rotation": 270, "texture": "#1"},
				"west": {"uv": [0, 0, 1, 1], "rotation": 270, "texture": "#1"},
				"up": {"uv": [0, 0, 1, 1], "texture": "#1"},
				"down": {"uv": [0, 0, 1, 1], "rotation": 180, "texture": "#1"}
			}
		},
		{
			"name": "hexadecagon",
			"from": [8.3, 3.15054, -15.1],
			"to": [8.5, 3.34946, -7.9],
			"rotation": {"angle": 22.5, "axis": "z", "origin": [8, 3.25, -8]},
			"faces": {
				"north": {"uv": [0, 0, 1, 1], "rotation": 90, "texture": "#1"},
				"east": {"uv": [0, 0, 1, 1], "rotation": 90, "texture": "#1"},
				"south": {"uv": [0, 0, 1, 1], "rotation": 270, "texture": "#1"},
				"west": {"uv": [0, 0, 1, 1], "rotation": 270, "texture": "#1"},
				"up": {"uv": [0, 0, 1, 1], "texture": "#1"},
				"down": {"uv": [0, 0, 1, 1], "rotation": 180, "texture": "#1"}
			}
		},
		{
			"name": "hexadecagon",
			"from": [8.3, 3.15054, -15.1],
			"to": [8.5, 3.34946, -7.9],
			"faces": {
				"north": {"uv": [0, 0, 1, 1], "rotation": 90, "texture": "#1"},
				"east": {"uv": [0, 0, 1, 1], "rotation": 90, "texture": "#1"},
				"south": {"uv": [0, 0, 1, 1], "rotation": 270, "texture": "#1"},
				"west": {"uv": [0, 0, 1, 1], "rotation": 270, "texture": "#1"},
				"up": {"uv": [0, 0, 1, 1], "texture": "#1"},
				"down": {"uv": [0, 0, 1, 1], "rotation": 180, "texture": "#1"}
			}
		},
		{
			"name": "hexadecagon",
			"from": [8.3, 3.15054, -15.1],
			"to": [8.5, 3.34946, -7.9],
			"rotation": {"angle": -22.5, "axis": "z", "origin": [8, 3.25, -8]},
			"faces": {
				"north": {"uv": [0, 0, 1, 1], "rotation": 90, "texture": "#1"},
				"east": {"uv": [0, 0, 1, 1], "rotation": 90, "texture": "#1"},
				"south": {"uv": [0, 0, 1, 1], "rotation": 270, "texture": "#1"},
				"west": {"uv": [0, 0, 1, 1], "rotation": 270, "texture": "#1"},
				"up": {"uv": [0, 0, 1, 1], "texture": "#1"},
				"down": {"uv": [0, 0, 1, 1], "rotation": 180, "texture": "#1"}
			}
		},
		{
			"name": "hexadecagon",
			"from": [8.3, 3.15054, -15.1],
			"to": [8.5, 3.34946, -7.9],
			"rotation": {"angle": -45, "axis": "z", "origin": [8, 3.25, -8]},
			"faces": {
				"north": {"uv": [0, 0, 1, 1], "rotation": 90, "texture": "#1"},
				"east": {"uv": [0, 0, 1, 1], "rotation": 90, "texture": "#1"},
				"south": {"uv": [0, 0, 1, 1], "rotation": 270, "texture": "#1"},
				"west": {"uv": [0, 0, 1, 1], "rotation": 270, "texture": "#1"},
				"up": {"uv": [0, 0, 1, 1], "texture": "#1"},
				"down": {"uv": [0, 0, 1, 1], "rotation": 180, "texture": "#1"}
			}
		},
		{
			"name": "hexadecagon",
			"from": [7.5, 3.15054, -15.1],
			"to": [7.7, 3.34946, -7.9],
			"rotation": {"angle": 45, "axis": "z", "origin": [8, 3.25, -8]},
			"faces": {
				"north": {"uv": [0, 0, 1, 1], "rotation": 90, "texture": "#1"},
				"east": {"uv": [0, 0, 1, 1], "rotation": 90, "texture": "#1"},
				"south": {"uv": [0, 0, 1, 1], "rotation": 270, "texture": "#1"},
				"west": {"uv": [0, 0, 1, 1], "rotation": 270, "texture": "#1"},
				"up": {"uv": [0, 0, 1, 1], "texture": "#1"},
				"down": {"uv": [0, 0, 1, 1], "rotation": 180, "texture": "#1"}
			}
		},
		{
			"name": "hexadecagon",
			"from": [7.5, 3.15054, -15.1],
			"to": [7.7, 3.34946, -7.9],
			"rotation": {"angle": 22.5, "axis": "z", "origin": [8, 3.25, -8]},
			"faces": {
				"north": {"uv": [0, 0, 1, 1], "rotation": 90, "texture": "#1"},
				"east": {"uv": [0, 0, 1, 1], "rotation": 90, "texture": "#1"},
				"south": {"uv": [0, 0, 1, 1], "rotation": 270, "texture": "#1"},
				"west": {"uv": [0, 0, 1, 1], "rotation": 270, "texture": "#1"},
				"up": {"uv": [0, 0, 1, 1], "texture": "#1"},
				"down": {"uv": [0, 0, 1, 1], "rotation": 180, "texture": "#1"}
			}
		},
		{
			"name": "hexadecagon",
			"from": [7.5, 3.15054, -15.1],
			"to": [7.7, 3.34946, -7.9],
			"faces": {
				"north": {"uv": [0, 0, 1, 1], "rotation": 90, "texture": "#1"},
				"east": {"uv": [0, 0, 1, 1], "rotation": 90, "texture": "#1"},
				"south": {"uv": [0, 0, 1, 1], "rotation": 270, "texture": "#1"},
				"west": {"uv": [0, 0, 1, 1], "rotation": 270, "texture": "#1"},
				"up": {"uv": [0, 0, 1, 1], "texture": "#1"},
				"down": {"uv": [0, 0, 1, 1], "rotation": 180, "texture": "#1"}
			}
		},
		{
			"name": "hexadecagon",
			"from": [7.5, 3.15054, -15.1],
			"to": [7.7, 3.34946, -7.9],
			"rotation": {"angle": -22.5, "axis": "z", "origin": [8, 3.25, -8]},
			"faces": {
				"north": {"uv": [0, 0, 1, 1], "rotation": 90, "texture": "#1"},
				"east": {"uv": [0, 0, 1, 1], "rotation": 90, "texture": "#1"},
				"south": {"uv": [0, 0, 1, 1], "rotation": 270, "texture": "#1"},
				"west": {"uv": [0, 0, 1, 1], "rotation": 270, "texture": "#1"},
				"up": {"uv": [0, 0, 1, 1], "texture": "#1"},
				"down": {"uv": [0, 0, 1, 1], "rotation": 180, "texture": "#1"}
			}
		},
		{
			"name": "hexadecagon",
			"from": [7.5, 3.15054, -15.1],
			"to": [7.7, 3.34946, -7.9],
			"rotation": {"angle": -45, "axis": "z", "origin": [8, 3.25, -8]},
			"faces": {
				"north": {"uv": [0, 0, 1, 1], "rotation": 90, "texture": "#1"},
				"east": {"uv": [0, 0, 1, 1], "rotation": 90, "texture": "#1"},
				"south": {"uv": [0, 0, 1, 1], "rotation": 270, "texture": "#1"},
				"west": {"uv": [0, 0, 1, 1], "rotation": 270, "texture": "#1"},
				"up": {"uv": [0, 0, 1, 1], "texture": "#1"},
				"down": {"uv": [0, 0, 1, 1], "rotation": 180, "texture": "#1"}
			}
		},
		{
			"name": "hexadecagon",
			"from": [7.90054, 2.75, -15.1],
			"to": [8.09946, 2.95, -7.9],
			"rotation": {"angle": 22.5, "axis": "z", "origin": [8, 3.25, -8]},
			"faces": {
				"north": {"uv": [0, 0, 1, 1], "rotation": 90, "texture": "#1"},
				"east": {"uv": [0, 0, 1, 1], "rotation": 90, "texture": "#1"},
				"south": {"uv": [0, 0, 1, 1], "rotation": 270, "texture": "#1"},
				"west": {"uv": [0, 0, 1, 1], "rotation": 270, "texture": "#1"},
				"up": {"uv": [0, 0, 1, 1], "texture": "#1"},
				"down": {"uv": [0, 0, 1, 1], "rotation": 180, "texture": "#1"}
			}
		},
		{
			"name": "hexadecagon",
			"from": [7.90054, 2.75, -15.1],
			"to": [8.09946, 2.95, -7.9],
			"faces": {
				"north": {"uv": [0, 0, 1, 1], "rotation": 90, "texture": "#1"},
				"east": {"uv": [0, 0, 1, 1], "rotation": 90, "texture": "#1"},
				"south": {"uv": [0, 0, 1, 1], "rotation": 270, "texture": "#1"},
				"west": {"uv": [0, 0, 1, 1], "rotation": 270, "texture": "#1"},
				"up": {"uv": [0, 0, 1, 1], "texture": "#1"},
				"down": {"uv": [0, 0, 1, 1], "rotation": 180, "texture": "#1"}
			}
		},
		{
			"name": "hexadecagon",
			"from": [7.90054, 2.75, -15.1],
			"to": [8.09946, 2.95, -7.9],
			"rotation": {"angle": -22.5, "axis": "z", "origin": [8, 3.25, -8]},
			"faces": {
				"north": {"uv": [0, 0, 1, 1], "rotation": 90, "texture": "#1"},
				"east": {"uv": [0, 0, 1, 1], "rotation": 90, "texture": "#1"},
				"south": {"uv": [0, 0, 1, 1], "rotation": 270, "texture": "#1"},
				"west": {"uv": [0, 0, 1, 1], "rotation": 270, "texture": "#1"},
				"up": {"uv": [0, 0, 1, 1], "texture": "#1"},
				"down": {"uv": [0, 0, 1, 1], "rotation": 180, "texture": "#1"}
			}
		},
		{
			"name": "hexadecagon",
			"from": [7.90054, 3.55, -15.1],
			"to": [8.09946, 3.75, -7.9],
			"rotation": {"angle": 22.5, "axis": "z", "origin": [8, 3.25, -8]},
			"faces": {
				"north": {"uv": [0, 0, 1, 1], "rotation": 90, "texture": "#1"},
				"east": {"uv": [0, 0, 1, 1], "rotation": 90, "texture": "#1"},
				"south": {"uv": [0, 0, 1, 1], "rotation": 270, "texture": "#1"},
				"west": {"uv": [0, 0, 1, 1], "rotation": 270, "texture": "#1"},
				"up": {"uv": [0, 0, 1, 1], "texture": "#1"},
				"down": {"uv": [0, 0, 1, 1], "rotation": 180, "texture": "#1"}
			}
		},
		{
			"name": "hexadecagon",
			"from": [7.90054, 3.55, -15.1],
			"to": [8.09946, 3.75, -7.9],
			"faces": {
				"north": {"uv": [0, 0, 1, 1], "rotation": 90, "texture": "#1"},
				"east": {"uv": [0, 0, 1, 1], "rotation": 90, "texture": "#1"},
				"south": {"uv": [0, 0, 1, 1], "rotation": 270, "texture": "#1"},
				"west": {"uv": [0, 0, 1, 1], "rotation": 270, "texture": "#1"},
				"up": {"uv": [0, 0, 1, 1], "texture": "#1"},
				"down": {"uv": [0, 0, 1, 1], "rotation": 180, "texture": "#1"}
			}
		},
		{
			"name": "hexadecagon",
			"from": [7.90054, 3.55, -15.1],
			"to": [8.09946, 3.75, -7.9],
			"rotation": {"angle": -22.5, "axis": "z", "origin": [8, 3.25, -8]},
			"faces": {
				"north": {"uv": [0, 0, 1, 1], "rotation": 90, "texture": "#1"},
				"east": {"uv": [0, 0, 1, 1], "rotation": 90, "texture": "#1"},
				"south": {"uv": [0, 0, 1, 1], "rotation": 270, "texture": "#1"},
				"west": {"uv": [0, 0, 1, 1], "rotation": 270, "texture": "#1"},
				"up": {"uv": [0, 0, 1, 1], "texture": "#1"},
				"down": {"uv": [0, 0, 1, 1], "rotation": 180, "texture": "#1"}
			}
		},
		{
			"from": [7.31339, 3.48483, 0],
			"to": [8.68661, 4.01517, 8],
			"faces": {
				"north": {"uv": [0, 0, 2, 2.5], "texture": "#0"},
				"east": {"uv": [0, 0, 8, 2.5], "texture": "#0"},
				"south": {"uv": [0, 0, 2, 2.5], "texture": "#0"},
				"west": {"uv": [0, 0, 8, 2.5], "texture": "#0"},
				"up": {"uv": [0, 0, 2, 8], "texture": "#0"},
				"down": {"uv": [0, 0, 2, 8], "texture": "#0"}
			}
		},
		{
			"from": [7, 2, -7.9],
			"to": [9, 3.5, -0.2],
			"faces": {
				"north": {"uv": [0, 0, 2, 2.5], "texture": "#0"},
				"east": {"uv": [0, 0, 8, 2.5], "texture": "#0"},
				"south": {"uv": [0, 0, 2, 2.5], "texture": "#0"},
				"west": {"uv": [0, 0, 8, 2.5], "texture": "#0"},
				"up": {"uv": [0, 0, 2, 8], "texture": "#0"},
				"down": {"uv": [0, 0, 2, 8], "texture": "#0"}
			}
		},
		{
			"from": [6.75028, 3.28055, -7.9],
			"to": [7.17678, 3.83816, -0.2],
			"rotation": {"angle": -22.5, "axis": "z", "origin": [7.42678, 2.76256, -4]},
			"faces": {
				"north": {"uv": [0, 0, 2, 2.5], "texture": "#0"},
				"east": {"uv": [0, 0, 8, 2.5], "texture": "#0"},
				"south": {"uv": [0, 0, 2, 2.5], "texture": "#0"},
				"west": {"uv": [0, 0, 8, 2.5], "texture": "#0"},
				"up": {"uv": [0, 0, 2, 8], "texture": "#0"},
				"down": {"uv": [0, 0, 2, 8], "texture": "#0"}
			}
		},
		{
			"from": [4.97646, 2.61542, -7.9],
			"to": [5.43683, 3.17303, -0.2],
			"rotation": {"angle": 22.5, "axis": "z", "origin": [8.93683, 7.67303, 8]},
			"faces": {
				"north": {"uv": [0, 0, 2, 2.5], "texture": "#0"},
				"east": {"uv": [0, 0, 8, 2.5], "texture": "#0"},
				"south": {"uv": [0, 0, 2, 2.5], "texture": "#0"},
				"west": {"uv": [0, 0, 8, 2.5], "texture": "#0"},
				"up": {"uv": [0, 0, 2, 8], "texture": "#0"},
				"down": {"uv": [0, 0, 2, 8], "texture": "#0"}
			}
		},
		{
			"from": [7.21339, 1.48483, -7.9],
			"to": [8.78661, 4.01517, -0.2],
			"faces": {
				"north": {"uv": [0, 0, 2, 2.5], "texture": "#0"},
				"east": {"uv": [0, 0, 8, 2.5], "texture": "#0"},
				"south": {"uv": [0, 0, 2, 2.5], "texture": "#0"},
				"west": {"uv": [0, 0, 8, 2.5], "texture": "#0"},
				"up": {"uv": [0, 0, 2, 8], "texture": "#0"},
				"down": {"uv": [0, 0, 2, 8], "texture": "#0"}
			}
		},
		{
			"from": [8.25911, 1.53215, -7.9],
			"to": [8.71949, 2.08976, -0.2],
			"rotation": {"angle": -22.5, "axis": "z", "origin": [8.63411, 1.33976, -4]},
			"faces": {
				"north": {"uv": [0, 0, 2, 2.5], "texture": "#0"},
				"east": {"uv": [0, 0, 8, 2.5], "texture": "#0"},
				"south": {"uv": [0, 0, 2, 2.5], "texture": "#0"},
				"west": {"uv": [0, 0, 8, 2.5], "texture": "#0"},
				"up": {"uv": [0, 0, 2, 8], "texture": "#0"},
				"down": {"uv": [0, 0, 2, 8], "texture": "#0"}
			}
		},
		{
			"from": [8.93977, 3.2315, -7.9],
			"to": [9.2294, 3.78911, -0.2],
			"rotation": {"angle": 22.5, "axis": "z", "origin": [8.43977, 2.78911, -4]},
			"faces": {
				"north": {"uv": [0, 0, 2, 2.5], "rotation": 270, "texture": "#0"},
				"east": {"uv": [0, 0, 2, 8], "rotation": 270, "texture": "#0"},
				"south": {"uv": [0, 0, 2, 2.5], "rotation": 90, "texture": "#0"},
				"west": {"uv": [0, 0, 2, 8], "rotation": 270, "texture": "#0"},
				"up": {"uv": [0, 0, 8, 2.5], "rotation": 90, "texture": "#0"},
				"down": {"uv": [0, 0, 8, 2.5], "rotation": 270, "texture": "#0"}
			}
		},
		{
			"from": [8.83977, 3.2315, 0],
			"to": [9.1294, 3.78911, 8],
			"rotation": {"angle": 22.5, "axis": "z", "origin": [8.33977, 2.78911, -4]},
			"faces": {
				"north": {"uv": [0, 0, 2, 2.5], "rotation": 270, "texture": "#0"},
				"east": {"uv": [0, 0, 2, 8], "rotation": 270, "texture": "#0"},
				"south": {"uv": [0, 0, 2, 2.5], "rotation": 90, "texture": "#0"},
				"west": {"uv": [0, 0, 2, 8], "rotation": 270, "texture": "#0"},
				"up": {"uv": [0, 0, 8, 2.5], "rotation": 90, "texture": "#0"},
				"down": {"uv": [0, 0, 8, 2.5], "rotation": 270, "texture": "#0"}
			}
		},
		{
			"from": [6.85028, 3.28055, 0],
			"to": [7.27678, 3.83816, 8],
			"rotation": {"angle": -22.5, "axis": "z", "origin": [7.52678, 2.76256, -4]},
			"faces": {
				"north": {"uv": [0, 0, 2, 2.5], "texture": "#0"},
				"east": {"uv": [0, 0, 8, 2.5], "texture": "#0"},
				"south": {"uv": [0, 0, 2, 2.5], "texture": "#0"},
				"west": {"uv": [0, 0, 8, 2.5], "texture": "#0"},
				"up": {"uv": [0, 0, 2, 8], "texture": "#0"},
				"down": {"uv": [0, 0, 2, 8], "texture": "#0"}
			}
		},
		{
			"from": [7, 2, -8],
			"to": [9, 3.5, -7.9],
			"faces": {
				"north": {"uv": [0, 0, 2, 2.5], "texture": "#1"},
				"east": {"uv": [0, 0, 8, 2.5], "texture": "#1"},
				"south": {"uv": [0, 0, 2, 2.5], "texture": "#1"},
				"west": {"uv": [0, 0, 8, 2.5], "texture": "#1"},
				"up": {"uv": [0, 0, 2, 8], "texture": "#1"},
				"down": {"uv": [0, 0, 2, 8], "texture": "#1"}
			}
		},
		{
			"from": [4.97646, 2.61542, -8],
			"to": [5.43683, 3.17303, -7.9],
			"rotation": {"angle": 22.5, "axis": "z", "origin": [8.93683, 7.67303, 0.3]},
			"faces": {
				"north": {"uv": [0, 0, 2, 2.5], "texture": "#1"},
				"east": {"uv": [0, 0, 8, 2.5], "texture": "#1"},
				"south": {"uv": [0, 0, 2, 2.5], "texture": "#1"},
				"west": {"uv": [0, 0, 8, 2.5], "texture": "#1"},
				"up": {"uv": [0, 0, 2, 8], "texture": "#1"},
				"down": {"uv": [0, 0, 2, 8], "texture": "#1"}
			}
		},
		{
			"from": [7.21339, 1.48483, -8],
			"to": [8.78661, 4.01517, -7.9],
			"faces": {
				"north": {"uv": [0, 0, 2, 2.5], "texture": "#1"},
				"east": {"uv": [0, 0, 8, 2.5], "texture": "#1"},
				"south": {"uv": [0, 0, 2, 2.5], "texture": "#1"},
				"west": {"uv": [0, 0, 8, 2.5], "texture": "#1"},
				"up": {"uv": [0, 0, 2, 8], "texture": "#1"},
				"down": {"uv": [0, 0, 2, 8], "texture": "#1"}
			}
		},
		{
			"from": [6.75028, 3.28055, -8],
			"to": [7.17678, 3.83816, -7.9],
			"rotation": {"angle": -22.5, "axis": "z", "origin": [7.42678, 2.76256, -11.7]},
			"faces": {
				"north": {"uv": [0, 0, 2, 2.5], "texture": "#1"},
				"east": {"uv": [0, 0, 8, 2.5], "texture": "#1"},
				"south": {"uv": [0, 0, 2, 2.5], "texture": "#1"},
				"west": {"uv": [0, 0, 8, 2.5], "texture": "#1"},
				"up": {"uv": [0, 0, 2, 8], "texture": "#1"},
				"down": {"uv": [0, 0, 2, 8], "texture": "#1"}
			}
		},
		{
			"from": [8.93977, 3.2315, -8],
			"to": [9.2294, 3.78911, -7.9],
			"rotation": {"angle": 22.5, "axis": "z", "origin": [8.43977, 2.78911, -11.7]},
			"faces": {
				"north": {"uv": [0, 0, 2, 2.5], "rotation": 270, "texture": "#1"},
				"east": {"uv": [0, 0, 2, 8], "rotation": 270, "texture": "#1"},
				"south": {"uv": [0, 0, 2, 2.5], "rotation": 90, "texture": "#1"},
				"west": {"uv": [0, 0, 2, 8], "rotation": 270, "texture": "#1"},
				"up": {"uv": [0, 0, 8, 2.5], "rotation": 90, "texture": "#1"},
				"down": {"uv": [0, 0, 8, 2.5], "rotation": 270, "texture": "#1"}
			}
		},
		{
			"from": [8.25911, 1.53215, -8],
			"to": [8.71949, 2.08976, -7.9],
			"rotation": {"angle": -22.5, "axis": "z", "origin": [8.63411, 1.33976, -11.7]},
			"faces": {
				"north": {"uv": [0, 0, 2, 2.5], "texture": "#1"},
				"east": {"uv": [0, 0, 8, 2.5], "texture": "#1"},
				"south": {"uv": [0, 0, 2, 2.5], "texture": "#1"},
				"west": {"uv": [0, 0, 8, 2.5], "texture": "#1"},
				"up": {"uv": [0, 0, 2, 8], "texture": "#1"},
				"down": {"uv": [0, 0, 2, 8], "texture": "#1"}
			}
		},
		{
			"from": [7, 2, -0.2],
			"to": [9, 3.5, 0],
			"faces": {
				"north": {"uv": [0, 0, 2, 2.5], "texture": "#1"},
				"east": {"uv": [0, 0, 8, 2.5], "texture": "#1"},
				"south": {"uv": [0, 0, 2, 2.5], "texture": "#1"},
				"west": {"uv": [0, 0, 8, 2.5], "texture": "#1"},
				"up": {"uv": [0, 0, 2, 8], "texture": "#1"},
				"down": {"uv": [0, 0, 2, 8], "texture": "#1"}
			}
		},
		{
			"from": [8.25911, 1.53215, -0.2],
			"to": [8.71949, 2.08976, 0],
			"rotation": {"angle": -22.5, "axis": "z", "origin": [8.63411, 1.33976, -4]},
			"faces": {
				"north": {"uv": [0, 0, 2, 2.5], "texture": "#1"},
				"east": {"uv": [0, 0, 8, 2.5], "texture": "#1"},
				"south": {"uv": [0, 0, 2, 2.5], "texture": "#1"},
				"west": {"uv": [0, 0, 8, 2.5], "texture": "#1"},
				"up": {"uv": [0, 0, 2, 8], "texture": "#1"},
				"down": {"uv": [0, 0, 2, 8], "texture": "#1"}
			}
		},
		{
			"from": [8.93977, 3.2315, -0.2],
			"to": [9.2294, 3.78911, 0],
			"rotation": {"angle": 22.5, "axis": "z", "origin": [8.43977, 2.78911, -4]},
			"faces": {
				"north": {"uv": [0, 0, 2, 2.5], "rotation": 270, "texture": "#1"},
				"east": {"uv": [0, 0, 2, 8], "rotation": 270, "texture": "#1"},
				"south": {"uv": [0, 0, 2, 2.5], "rotation": 90, "texture": "#1"},
				"west": {"uv": [0, 0, 2, 8], "rotation": 270, "texture": "#1"},
				"up": {"uv": [0, 0, 8, 2.5], "rotation": 90, "texture": "#1"},
				"down": {"uv": [0, 0, 8, 2.5], "rotation": 270, "texture": "#1"}
			}
		},
		{
			"from": [7.21339, 1.48483, -0.2],
			"to": [8.78661, 4.01517, 0],
			"faces": {
				"north": {"uv": [0, 0, 2, 2.5], "texture": "#1"},
				"east": {"uv": [0, 0, 8, 2.5], "texture": "#1"},
				"south": {"uv": [0, 0, 2, 2.5], "texture": "#1"},
				"west": {"uv": [0, 0, 8, 2.5], "texture": "#1"},
				"up": {"uv": [0, 0, 2, 8], "texture": "#1"},
				"down": {"uv": [0, 0, 2, 8], "texture": "#1"}
			}
		},
		{
			"from": [6.75028, 3.28055, -0.2],
			"to": [7.17678, 3.83816, 0],
			"rotation": {"angle": -22.5, "axis": "z", "origin": [7.42678, 2.76256, -4]},
			"faces": {
				"north": {"uv": [0, 0, 2, 2.5], "texture": "#1"},
				"east": {"uv": [0, 0, 8, 2.5], "texture": "#1"},
				"south": {"uv": [0, 0, 2, 2.5], "texture": "#1"},
				"west": {"uv": [0, 0, 8, 2.5], "texture": "#1"},
				"up": {"uv": [0, 0, 2, 8], "texture": "#1"},
				"down": {"uv": [0, 0, 2, 8], "texture": "#1"}
			}
		},
		{
			"from": [4.97646, 2.61542, -0.2],
			"to": [5.43683, 3.17303, 0],
			"rotation": {"angle": 22.5, "axis": "z", "origin": [8.93683, 7.67303, 8]},
			"faces": {
				"north": {"uv": [0, 0, 2, 2.5], "texture": "#1"},
				"east": {"uv": [0, 0, 8, 2.5], "texture": "#1"},
				"south": {"uv": [0, 0, 2, 2.5], "texture": "#1"},
				"west": {"uv": [0, 0, 8, 2.5], "texture": "#1"},
				"up": {"uv": [0, 0, 2, 8], "texture": "#1"},
				"down": {"uv": [0, 0, 2, 8], "texture": "#1"}
			}
		},
		{
			"from": [5.92859, 2.57456, 8],
			"to": [6.77688, 3.59411, 19],
			"rotation": {"angle": -22.5, "axis": "z", "origin": [6.27688, -0.15589, 13.5]},
			"faces": {
				"north": {"uv": [0, 0, 1.5, 1], "rotation": 90, "texture": "#1"},
				"east": {"uv": [0, 0, 1.5, 11], "rotation": 270, "texture": "#1"},
				"south": {"uv": [0, 0, 1.5, 1], "rotation": 270, "texture": "#1"},
				"west": {"uv": [0, 0, 1.5, 11], "rotation": 90, "texture": "#1"},
				"up": {"uv": [0, 0, 11, 1], "rotation": 270, "texture": "#1"},
				"down": {"uv": [0, 0, 11, 1], "rotation": 270, "texture": "#1"}
			}
		},
		{
			"from": [7.25, 3.5, 16],
			"to": [8.75, 4, 18],
			"faces": {
				"north": {"uv": [0, 0, 1.5, 1], "texture": "#1"},
				"east": {"uv": [0, 0, 11, 1], "texture": "#1"},
				"south": {"uv": [0, 0, 1.5, 1], "texture": "#1"},
				"west": {"uv": [0, 0, 11, 1], "texture": "#1"},
				"up": {"uv": [0, 0, 1.5, 11], "texture": "#1"},
				"down": {"uv": [0, 0, 1.5, 11], "texture": "#1"}
			}
		},
		{
			"from": [7.25, -0.59326, 14.02181],
			"to": [8.75, -0.09326, 15.42181],
			"rotation": {"angle": -22.5, "axis": "x", "origin": [8, 3.40674, 5.42181]},
			"faces": {
				"north": {"uv": [0, 0, 1.5, 1], "texture": "#1"},
				"east": {"uv": [0, 0, 11, 1], "texture": "#1"},
				"south": {"uv": [0, 0, 1.5, 1], "texture": "#1"},
				"west": {"uv": [0, 0, 11, 1], "texture": "#1"},
				"up": {"uv": [0, 0, 1.5, 11], "texture": "#1"},
				"down": {"uv": [0, 0, 1.5, 11], "texture": "#1"}
			}
		},
		{
			"from": [7.35, 4, 17.25],
			"to": [7.6, 4.5, 17.75],
			"faces": {
				"north": {"uv": [0, 0, 1.5, 1], "texture": "#1"},
				"east": {"uv": [0, 0, 11, 1], "texture": "#1"},
				"south": {"uv": [0, 0, 1.5, 1], "texture": "#1"},
				"west": {"uv": [0, 0, 11, 1], "texture": "#1"},
				"up": {"uv": [0, 0, 1.5, 11], "texture": "#1"},
				"down": {"uv": [0, 0, 1.5, 11], "texture": "#1"}
			}
		},
		{
			"from": [8.4, 4, 17.25],
			"to": [8.65, 4.5, 17.75],
			"faces": {
				"north": {"uv": [0, 0, 1.5, 1], "texture": "#1"},
				"east": {"uv": [0, 0, 11, 1], "texture": "#1"},
				"south": {"uv": [0, 0, 1.5, 1], "texture": "#1"},
				"west": {"uv": [0, 0, 11, 1], "texture": "#1"},
				"up": {"uv": [0, 0, 1.5, 11], "texture": "#1"},
				"down": {"uv": [0, 0, 1.5, 11], "texture": "#1"}
			}
		},
		{
			"from": [7.35, 4, 16.5],
			"to": [7.6, 4.25, 17.25],
			"faces": {
				"north": {"uv": [0, 0, 1.5, 1], "texture": "#1"},
				"east": {"uv": [0, 0, 11, 1], "texture": "#1"},
				"south": {"uv": [0, 0, 1.5, 1], "texture": "#1"},
				"west": {"uv": [0, 0, 11, 1], "texture": "#1"},
				"up": {"uv": [0, 0, 1.5, 11], "texture": "#1"},
				"down": {"uv": [0, 0, 1.5, 11], "texture": "#1"}
			}
		},
		{
			"from": [8.4, 4, 16.5],
			"to": [8.65, 4.25, 17.25],
			"faces": {
				"north": {"uv": [0, 0, 1.5, 1], "texture": "#1"},
				"east": {"uv": [0, 0, 11, 1], "texture": "#1"},
				"south": {"uv": [0, 0, 1.5, 1], "texture": "#1"},
				"west": {"uv": [0, 0, 11, 1], "texture": "#1"},
				"up": {"uv": [0, 0, 1.5, 11], "texture": "#1"},
				"down": {"uv": [0, 0, 1.5, 11], "texture": "#1"}
			}
		},
		{
			"from": [8.75, 2.75, 1],
			"to": [9.25, 3.25, 12],
			"faces": {
				"north": {"uv": [0, 0, 1.5, 1], "texture": "#1"},
				"east": {"uv": [0, 0, 11, 1], "texture": "#1"},
				"south": {"uv": [0, 0, 1.5, 1], "texture": "#1"},
				"west": {"uv": [0, 0, 11, 1], "texture": "#1"},
				"up": {"uv": [0, 0, 1.5, 11], "texture": "#1"},
				"down": {"uv": [0, 0, 1.5, 11], "texture": "#1"}
			}
		},
		{
			"from": [9.25, 2.75, 10],
			"to": [9.5, 3.25, 11.8],
			"faces": {
				"north": {"uv": [0, 0, 1.5, 1], "texture": "#1"},
				"east": {"uv": [0, 0, 11, 1], "texture": "#1"},
				"south": {"uv": [0, 0, 1.5, 1], "texture": "#1"},
				"west": {"uv": [0, 0, 11, 1], "texture": "#1"},
				"up": {"uv": [0, 0, 1.5, 11], "texture": "#1"},
				"down": {"uv": [0, 0, 1.5, 11], "texture": "#1"}
			}
		},
		{
			"from": [9.25, 2.75, 11.8],
			"to": [10.4, 3.25, 12],
			"faces": {
				"north": {"uv": [0, 0, 1.5, 1], "texture": "#1"},
				"east": {"uv": [0, 0, 11, 1], "texture": "#1"},
				"south": {"uv": [0, 0, 1.5, 1], "texture": "#1"},
				"west": {"uv": [0, 0, 11, 1], "texture": "#1"},
				"up": {"uv": [0, 0, 1.5, 11], "texture": "#1"},
				"down": {"uv": [0, 0, 1.5, 11], "texture": "#1"}
			}
		},
		{
			"from": [7.25, -0.75, 10],
			"to": [8.75, -0.5, 14],
			"faces": {
				"north": {"uv": [0, 0, 2, 1.5], "texture": "#1"},
				"east": {"uv": [0, 0, 10, 1.5], "texture": "#1"},
				"south": {"uv": [0, 0, 2, 1.5], "texture": "#1"},
				"west": {"uv": [0, 0, 10, 1.5], "texture": "#1"},
				"up": {"uv": [0, 0, 2, 10], "texture": "#1"},
				"down": {"uv": [0, 0, 2, 10], "texture": "#1"}
			}
		},
		{
			"from": [7.25, 3.45818, 9.84054],
			"to": [8.75, 3.70818, 11.34054],
			"rotation": {"angle": 45, "axis": "x", "origin": [8, -3.41682, 6.84054]},
			"faces": {
				"north": {"uv": [0, 0, 2, 1.5], "texture": "#1"},
				"east": {"uv": [0, 0, 10, 1.5], "texture": "#1"},
				"south": {"uv": [0, 0, 2, 1.5], "texture": "#1"},
				"west": {"uv": [0, 0, 10, 1.5], "texture": "#1"},
				"up": {"uv": [0, 0, 2, 10], "texture": "#1"},
				"down": {"uv": [0, 0, 2, 10], "texture": "#1"}
			}
		},
		{
			"from": [7.25, -1.73744, 14.88388],
			"to": [8.75, -1.48744, 16.38388],
			"faces": {
				"north": {"uv": [0, 0, 2, 1.5], "texture": "#1"},
				"east": {"uv": [0, 0, 10, 1.5], "texture": "#1"},
				"south": {"uv": [0, 0, 2, 1.5], "texture": "#1"},
				"west": {"uv": [0, 0, 10, 1.5], "texture": "#1"},
				"up": {"uv": [0, 0, 2, 10], "texture": "#1"},
				"down": {"uv": [0, 0, 2, 10], "texture": "#1"}
			}
		},
		{
			"from": [7.25, -1.24372, 16.07583],
			"to": [8.75, -0.99372, 17.87583],
			"rotation": {"angle": -45, "axis": "x", "origin": [8, -1.11872, 16.82583]},
			"faces": {
				"north": {"uv": [0, 0, 2, 1.5], "texture": "#1"},
				"east": {"uv": [0, 0, 10, 1.5], "texture": "#1"},
				"south": {"uv": [0, 0, 2, 1.5], "texture": "#1"},
				"west": {"uv": [0, 0, 10, 1.5], "texture": "#1"},
				"up": {"uv": [0, 0, 2, 10], "texture": "#1"},
				"down": {"uv": [0, 0, 2, 10], "texture": "#1"}
			}
		},
		{
			"from": [7.25, -0.71015, 10.84764],
			"to": [8.75, 0.08985, 11.09764],
			"rotation": {"angle": 22.5, "axis": "x", "origin": [8, -9.56015, 11.87264]},
			"faces": {
				"north": {"uv": [0, 0, 2, 10], "rotation": 180, "texture": "#1"},
				"east": {"uv": [0, 0, 10, 1.5], "rotation": 270, "texture": "#1"},
				"south": {"uv": [0, 0, 2, 10], "texture": "#1"},
				"west": {"uv": [0, 0, 10, 1.5], "rotation": 90, "texture": "#1"},
				"up": {"uv": [0, 0, 2, 1.5], "rotation": 180, "texture": "#1"},
				"down": {"uv": [0, 0, 2, 1.5], "texture": "#1"}
			}
		},
		{
			"from": [7.25, -4.70054, 16.06585],
			"to": [8.75, -4.00054, 16.31585],
			"rotation": {"angle": -22.5, "axis": "x", "origin": [8, -0.85054, 7.29085]},
			"faces": {
				"north": {"uv": [0, 0, 2, 10], "rotation": 180, "texture": "#1"},
				"east": {"uv": [0, 0, 10, 1.5], "rotation": 270, "texture": "#1"},
				"south": {"uv": [0, 0, 2, 10], "texture": "#1"},
				"west": {"uv": [0, 0, 10, 1.5], "rotation": 90, "texture": "#1"},
				"up": {"uv": [0, 0, 2, 1.5], "rotation": 180, "texture": "#1"},
				"down": {"uv": [0, 0, 2, 1.5], "texture": "#1"}
			}
		},
		{
			"from": [7.75, -0.68777, 13.27818],
			"to": [8.25, 0.01223, 13.52818],
			"rotation": {"angle": 22.5, "axis": "x", "origin": [8, -6.73777, 13.40318]},
			"faces": {
				"north": {"uv": [0, 0, 2, 10], "rotation": 180, "texture": "#1"},
				"east": {"uv": [0, 0, 10, 1.5], "rotation": 270, "texture": "#1"},
				"south": {"uv": [0, 0, 2, 10], "texture": "#1"},
				"west": {"uv": [0, 0, 10, 1.5], "rotation": 90, "texture": "#1"},
				"up": {"uv": [0, 0, 2, 1.5], "rotation": 180, "texture": "#1"},
				"down": {"uv": [0, 0, 2, 1.5], "texture": "#1"}
			}
		},
		{
			"from": [7.38661, 0.94847, 7.39],
			"to": [8.63661, 1.94847, 8.89],
			"rotation": {"angle": 22.5, "axis": "x", "origin": [8.03661, 1.44847, 12.89]},
			"faces": {
				"north": {"uv": [0, 0, 1.5, 1], "texture": "#1"},
				"east": {"uv": [0, 0, 11, 1], "texture": "#1"},
				"south": {"uv": [0, 0, 1.5, 1], "texture": "#1"},
				"west": {"uv": [0, 0, 11, 1], "texture": "#1"},
				"up": {"uv": [0, 0, 1.5, 11], "texture": "#1"},
				"down": {"uv": [0, 0, 1.5, 11], "texture": "#1"}
			}
		},
		{
			"from": [7, -5.38254, 31.9],
			"to": [9, 0.5, 32],
			"faces": {
				"north": {"uv": [0, 0, 2, 3.25], "texture": "#1"},
				"east": {"uv": [0, 0, 8, 3.25], "texture": "#1"},
				"south": {"uv": [0, 0, 2, 3.25], "texture": "#1"},
				"west": {"uv": [0, 0, 8, 3.25], "texture": "#1"},
				"up": {"uv": [0, 0, 2, 8], "texture": "#1"},
				"down": {"uv": [0, 0, 2, 8], "texture": "#1"}
			}
		},
		{
			"from": [7, -3.55, 28],
			"to": [9, -2.2, 31.9],
			"faces": {
				"north": {"uv": [0, 0, 2, 3.25], "texture": "#0"},
				"east": {"uv": [0, 0, 8, 3.25], "texture": "#0"},
				"south": {"uv": [0, 0, 2, 3.25], "texture": "#0"},
				"west": {"uv": [0, 0, 8, 3.25], "texture": "#0"},
				"up": {"uv": [0, 0, 2, 8], "texture": "#0"},
				"down": {"uv": [0, 0, 2, 8], "texture": "#0"}
			}
		}
	],
	"display": {
		"thirdperson_righthand": {
			"translation": [-6, 5.5, -4],
			"scale": [0.6, 0.6, 0.6]
		},
		"thirdperson_lefthand": {
			"translation": [-6, 5.5, -4],
			"scale": [0.6, 0.6, 0.6]
		},
		"firstperson_righthand": {
			"translation": [2, 6.5, 0]
		},
		"firstperson_lefthand": {
			"translation": [2, 6.5, 0]
		},
		"ground": {
			"translation": [0, 5, 0],
			"scale": [0.6, 0.6, 0.6]
		},
		"gui": {
			"rotation": [28, -35, 0],
			"translation": [0.25, 4.5, 0],
			"scale": [0.55, 0.55, 0.55]
		},
		"head": {
			"rotation": [90, -150, 90],
			"translation": [5, -14, 4]
		},
		"fixed": {
			"rotation": [0, -90, 0],
			"translation": [0, 7, -0.5]
		}
	},
	"groups": [0, 1, 2, 3, 4, 5, 6, 7, 8, 9, 10, 11,
		{
			"name": "group",
			"children": [12, 13, 14, 15, 16, 17, 18, 19, 20, 21, 22, 23, 24, 25, 26, 27, 28, 29, 30]
		},
		{
			"name": "group",
			"children": [31, 32, 33, 34, 35, 36, 37, 38, 39, 40, 41, 42, 43, 44, 45, 46]
		},
		{
			"name": "hexadecagon",
			"children": [47, 48, 49, 50, 51, 52, 53, 54, 55, 56, 57, 58, 59, 60, 61, 62]
		}, 63,
		{
			"name": "group",
			"children": [64, 65, 66, 67, 68, 69, 70, 71, 72, 73, 74, 75, 76, 77]
		},
		{
			"name": "group",
			"children": [78, 79, 80, 81, 82, 83]
		}, 84, 85, 86, 87, 88, 89, 90, 91, 92, 93, 94, 95, 96, 97, 98, 99, 100, 101, 102, 103]
}