{
	"credit": "© 2015-2021 MadstonMagic. All rights reserved. https://madstonmagic.github.io/shop/. Made using BlockBench",
	"textures": {
		"texture": "weapons/pistol/arsenal_firearms_strike_one/base"
	},
	"elements": [
		{
			"from": [6.5, 9.5, -1],
			"to": [9.5, 10.375, 5.75],
			"rotation": {"angle": 0, "axis": "y", "origin": [8, 8, 8]},
			"faces": {
				"north": {"uv": [4.5, 7, 5.25, 7.75], "texture": "#texture"},
				"east": {"uv": [4.5, 7, 5.25, 7.75], "texture": "#texture"},
				"south": {"uv": [4.5, 7, 5.25, 7.75], "texture": "#texture"},
				"west": {"uv": [4.5, 7, 5.25, 7.75], "texture": "#texture"},
				"up": {"uv": [4.5, 7, 5.25, 7.75], "rotation": 90, "texture": "#texture"},
				"down": {"uv": [4.5, 7, 5.25, 7.75], "rotation": 270, "texture": "#texture"}
			}
		},
		{
			"from": [6.5625, 9.5625, 5.75],
			"to": [9.4375, 10.3125, 7.25],
			"rotation": {"angle": 0, "axis": "y", "origin": [8, 8, 8]},
			"faces": {
				"east": {"uv": [4.625, 5.125, 5.375, 5.875], "texture": "#texture"},
				"west": {"uv": [4.625, 5.125, 5.375, 5.875], "texture": "#texture"}
			}
		},
		{
			"from": [6.5, 9.5, 7.25],
			"to": [9.5, 10.375, 15.5],
			"rotation": {"angle": 0, "axis": "y", "origin": [8, 8, 8]},
			"faces": {
				"north": {"uv": [4.5, 7, 5.25, 7.75], "texture": "#texture"},
				"east": {"uv": [4.5, 7, 5.25, 7.75], "texture": "#texture"},
				"south": {"uv": [4.5, 7, 5.25, 7.75], "texture": "#texture"},
				"west": {"uv": [4.5, 7, 5.25, 7.75], "texture": "#texture"},
				"up": {"uv": [4.5, 7, 5.25, 7.75], "rotation": 90, "texture": "#texture"},
				"down": {"uv": [4.5, 7, 5.25, 7.75], "rotation": 270, "texture": "#texture"}
			}
		},
		{
			"from": [6.375, 9.625, 10.375],
			"to": [7.625, 10.375, 10.875],
			"rotation": {"angle": 0, "axis": "y", "origin": [8, 8, 8]},
			"faces": {
				"north": {"uv": [4.5, 7, 5.25, 7.75], "texture": "#texture"},
				"south": {"uv": [4.5, 7, 5.25, 7.75], "texture": "#texture"},
				"west": {"uv": [4.5, 7, 5.25, 7.75], "texture": "#texture"},
				"up": {"uv": [4.5, 7, 5.25, 7.75], "rotation": 90, "texture": "#texture"}
			}
		},
		{
			"from": [6.375, 9.625, 12],
			"to": [7.625, 10.375, 12.125],
			"rotation": {"angle": 0, "axis": "y", "origin": [8, 8, 8]},
			"faces": {
				"north": {"uv": [4.5, 7, 5.25, 7.75], "texture": "#texture"},
				"south": {"uv": [4.5, 7, 5.25, 7.75], "texture": "#texture"},
				"west": {"uv": [4.5, 7, 5.25, 7.75], "texture": "#texture"},
				"up": {"uv": [4.5, 7, 5.25, 7.75], "rotation": 90, "texture": "#texture"}
			}
		},
		{
			"from": [6.375, 9.625, 10.875],
			"to": [7.625, 10, 12],
			"rotation": {"angle": 0, "axis": "y", "origin": [8, 8, 8]},
			"faces": {
				"west": {"uv": [4.5, 7, 5.25, 7.75], "texture": "#texture"},
				"up": {"uv": [4.5, 7, 5.25, 7.75], "rotation": 90, "texture": "#texture"}
			}
		},
		{
			"from": [8, 10.0481, 10.375],
			"to": [8.375, 10.2981, 12.125],
			"rotation": {"angle": 45, "axis": "z", "origin": [8, 8, 8]},
			"faces": {
				"north": {"uv": [4.5, 7, 5.25, 7.75], "texture": "#texture"},
				"south": {"uv": [4.5, 7, 5.25, 7.75], "texture": "#texture"},
				"west": {"uv": [4.5, 7, 5.25, 7.75], "texture": "#texture"},
				"down": {"uv": [4.5, 7, 5.25, 7.75], "rotation": 270, "texture": "#texture"}
			}
		},
		{
			"from": [6.5, 10.25, 5.75],
			"to": [9.5, 10.375, 7.25],
			"rotation": {"angle": 0, "axis": "y", "origin": [8, 8, 8]},
			"faces": {
				"east": {"uv": [4.5, 7, 5.25, 7.75], "texture": "#texture"},
				"west": {"uv": [4.5, 7, 5.25, 7.75], "texture": "#texture"},
				"up": {"uv": [4.5, 7, 5.25, 7.75], "rotation": 90, "texture": "#texture"},
				"down": {"uv": [4.5, 7, 5.25, 7.75], "rotation": 270, "texture": "#texture"}
			}
		},
		{
			"from": [6.5, 7.83058, 4.81557],
			"to": [9.5, 8.16652, 4.97963],
			"rotation": {"angle": 45, "axis": "x", "origin": [8, 8, 8]},
			"faces": {
				"east": {"uv": [4.5, 7, 5.25, 7.75], "texture": "#texture"},
				"south": {"uv": [4.5, 7, 5.25, 7.75], "texture": "#texture"},
				"west": {"uv": [4.5, 7, 5.25, 7.75], "texture": "#texture"}
			}
		},
		{
			"from": [6.5, 10.57352, 7.55561],
			"to": [9.5, 10.90946, 7.71967],
			"rotation": {"angle": -45, "axis": "x", "origin": [8, 8, 8]},
			"faces": {
				"east": {"uv": [4.5, 7.75, 5.25, 7], "texture": "#texture"},
				"south": {"uv": [4.5, 7.75, 5.25, 7], "texture": "#texture"},
				"west": {"uv": [4.5, 7.75, 5.25, 7], "texture": "#texture"}
			}
		},
		{
			"from": [6.5, 9.9519, 8.89905],
			"to": [9.5, 10.28784, 9.06311],
			"rotation": {"angle": -45, "axis": "x", "origin": [8, 8, 8]},
			"faces": {
				"north": {"uv": [5.25, 7, 4.5, 7.75], "texture": "#texture"},
				"east": {"uv": [5.25, 7, 4.5, 7.75], "texture": "#texture"},
				"west": {"uv": [5.25, 7, 4.5, 7.75], "texture": "#texture"}
			}
		},
		{
			"from": [6.5, 8.4522, 6.15901],
			"to": [9.5, 8.78814, 6.32307],
			"rotation": {"angle": 45, "axis": "x", "origin": [8, 8, 8]},
			"faces": {
				"north": {"uv": [5.25, 7.75, 4.5, 7], "texture": "#texture"},
				"east": {"uv": [5.25, 7.75, 4.5, 7], "texture": "#texture"},
				"west": {"uv": [5.25, 7.75, 4.5, 7], "texture": "#texture"}
			}
		},
		{
			"from": [6.5, 9.5, 5.75],
			"to": [9.5, 9.625, 7.25],
			"rotation": {"angle": 0, "axis": "y", "origin": [8, 8, 8]},
			"faces": {
				"east": {"uv": [4.5, 7, 5.25, 7.75], "texture": "#texture"},
				"west": {"uv": [4.5, 7, 5.25, 7.75], "texture": "#texture"},
				"up": {"uv": [4.5, 7, 5.25, 7.75], "rotation": 90, "texture": "#texture"},
				"down": {"uv": [4.5, 7, 5.25, 7.75], "rotation": 270, "texture": "#texture"}
			}
		},
		{
			"from": [7, 10.25, -1],
			"to": [9, 10.5, 16],
			"rotation": {"angle": 0, "axis": "y", "origin": [8, 8, 8]},
			"faces": {
				"north": {"uv": [4.5, 7, 5.25, 7.75], "texture": "#texture"},
				"east": {"uv": [4.5, 7, 5.25, 7.75], "texture": "#texture"},
				"south": {"uv": [4.5, 7, 5.25, 7.75], "texture": "#texture"},
				"west": {"uv": [4.5, 7, 5.25, 7.75], "texture": "#texture"},
				"up": {"uv": [4.5, 7, 5.25, 7.75], "rotation": 90, "texture": "#texture"}
			}
		},
		{
			"from": [7, 9, -1],
			"to": [9, 9.5, 15.5],
			"rotation": {"angle": 0, "axis": "y", "origin": [8, 8, 8]},
			"faces": {
				"north": {"uv": [4.5, 7, 5.25, 7.75], "texture": "#texture"},
				"east": {"uv": [4.5, 7, 5.25, 7.75], "texture": "#texture"},
				"south": {"uv": [4.5, 7, 5.25, 7.75], "texture": "#texture"},
				"west": {"uv": [4.5, 7, 5.25, 7.75], "texture": "#texture"},
				"down": {"uv": [4.5, 7, 5.25, 7.75], "rotation": 270, "texture": "#texture"}
			}
		},
		{
			"from": [7, 9.79401, 13.04641],
			"to": [9, 11.79401, 14.54641],
			"rotation": {"angle": 22.5, "axis": "x", "origin": [8, 8, 8]},
			"faces": {
				"east": {"uv": [4.5, 7, 5.25, 7.75], "texture": "#texture"},
				"south": {"uv": [4.5, 7, 5.25, 7.75], "texture": "#texture"},
				"west": {"uv": [4.5, 7, 5.25, 7.75], "texture": "#texture"}
			}
		},
		{
			"from": [7, 6.625, 13.75],
			"to": [9, 8.625, 15.25],
			"rotation": {"angle": 0, "axis": "z", "origin": [8, 8, 8]},
			"faces": {
				"east": {"uv": [4.5, 7, 5.25, 7.75], "texture": "#texture"},
				"south": {"uv": [4.5, 7, 5.25, 7.75], "texture": "#texture"},
				"west": {"uv": [4.5, 7, 5.25, 7.75], "texture": "#texture"}
			}
		},
		{
			"from": [7.295, 9.41632, -1],
			"to": [8, 10.12132, 15.5],
			"rotation": {"angle": -45, "axis": "z", "origin": [8, 8, 8]},
			"faces": {
				"north": {"uv": [4.5, 7, 5.25, 7.75], "texture": "#texture"},
				"east": {"uv": [4.5, 7, 5.25, 7.75], "texture": "#texture"},
				"south": {"uv": [4.5, 7, 5.25, 7.75], "texture": "#texture"},
				"down": {"uv": [4.5, 7, 5.25, 7.75], "rotation": 270, "texture": "#texture"}
			}
		},
		{
			"from": [8.00211, 9.41632, -1],
			"to": [8.70711, 10.12132, 15.5],
			"rotation": {"angle": 45, "axis": "z", "origin": [8, 8, 8]},
			"faces": {
				"north": {"uv": [4.5, 7, 5.25, 7.75], "texture": "#texture"},
				"south": {"uv": [4.5, 7, 5.25, 7.75], "texture": "#texture"},
				"west": {"uv": [4.5, 7, 5.25, 7.75], "texture": "#texture"}
			}
		},
		{
			"from": [7.5, 8.75, -1],
			"to": [8.5, 9, 4.75],
			"rotation": {"angle": 0, "axis": "y", "origin": [8, 8, 8]},
			"faces": {
				"north": {"uv": [4.5, 7, 5.25, 7.75], "texture": "#texture"},
				"east": {"uv": [4.5, 7, 5.25, 7.75], "texture": "#texture"},
				"west": {"uv": [4.5, 7, 5.25, 7.75], "texture": "#texture"}
			}
		},
		{
			"from": [7.25, 8.5, -1],
			"to": [8.75, 8.75, 4.75],
			"rotation": {"angle": 0, "axis": "y", "origin": [8, 8, 8]},
			"faces": {
				"north": {"uv": [4.5, 7, 5.25, 7.75], "texture": "#texture"},
				"up": {"uv": [4.5, 7, 5.25, 7.75], "rotation": 90, "texture": "#texture"}
			}
		},
		{
			"from": [7.25, 8.25, -1],
			"to": [8.75, 8.5, 4.75],
			"rotation": {"angle": 0, "axis": "y", "origin": [8, 8, 8]},
			"faces": {
				"north": {"uv": [4.5, 7, 5.25, 7.75], "texture": "#texture"},
				"down": {"uv": [7.125, 14.375, 15.875, 15.25], "rotation": 270, "texture": "#texture"}
			}
		},
		{
			"from": [8.70566, 7.645, -1],
			"to": [9.06066, 8, 4.75],
			"rotation": {"angle": 45, "axis": "z", "origin": [8, 8, 8]},
			"faces": {
				"north": {"uv": [4.5, 7, 5.25, 7.75], "texture": "#texture"},
				"east": {"uv": [7.125, 14.375, 15.875, 15.25], "rotation": 180, "texture": "#texture"},
				"south": {"uv": [7.125, 14.375, 15.875, 15.25], "texture": "#texture"},
				"west": {"uv": [7.125, 14.375, 15.875, 15.25], "texture": "#texture"},
				"down": {"uv": [7.125, 14.375, 15.875, 15.25], "rotation": 270, "texture": "#texture"}
			}
		},
		{
			"from": [7.645, 8.70566, -1],
			"to": [8, 9.06066, 4.75],
			"rotation": {"angle": 45, "axis": "z", "origin": [8, 8, 8]},
			"faces": {
				"north": {"uv": [4.5, 7, 5.25, 7.75], "texture": "#texture"},
				"south": {"uv": [7.125, 14.375, 15.875, 15.25], "texture": "#texture"},
				"west": {"uv": [7.125, 14.375, 15.875, 15.25], "texture": "#texture"},
				"up": {"uv": [7.125, 14.375, 15.875, 15.25], "rotation": 90, "texture": "#texture"},
				"down": {"uv": [7.125, 14.375, 15.875, 15.25], "rotation": 270, "texture": "#texture"}
			}
		},
		{
			"from": [7, 9.75, 15.5],
			"to": [9, 10.25, 16.5],
			"rotation": {"angle": 0, "axis": "y", "origin": [8, 8, 8]},
			"faces": {
				"east": {"uv": [4.5, 7, 5.25, 7.75], "texture": "#texture"},
				"west": {"uv": [4.5, 7, 5.25, 7.75], "texture": "#texture"},
				"up": {"uv": [4.5, 7, 5.25, 7.75], "rotation": 90, "texture": "#texture"},
				"down": {"uv": [4.5, 7, 5.25, 7.75], "rotation": 270, "texture": "#texture"}
			}
		},
		{
			"from": [7, 12.83154, 14.99194],
			"to": [9, 13.33154, 15.74194],
			"rotation": {"angle": 22.5, "axis": "x", "origin": [8, 8, 8]},
			"faces": {
				"east": {"uv": [4.5, 7, 5.25, 7.75], "texture": "#texture"},
				"south": {"uv": [4.5, 7, 5.25, 7.75], "texture": "#texture"},
				"west": {"uv": [4.5, 7, 5.25, 7.75], "texture": "#texture"},
				"up": {"uv": [4.5, 7, 5.25, 7.75], "rotation": 90, "texture": "#texture"},
				"down": {"uv": [4.5, 7, 5.25, 7.75], "rotation": 270, "texture": "#texture"}
			}
		},
		{
			"from": [7, 6.52508, 15.39174],
			"to": [9, 6.90008, 16.32924],
			"rotation": {"angle": -22.5, "axis": "x", "origin": [8, 8, 8]},
			"faces": {
				"east": {"uv": [4.5, 7, 5.25, 7.75], "texture": "#texture"},
				"west": {"uv": [4.5, 7, 5.25, 7.75], "texture": "#texture"},
				"down": {"uv": [4.5, 7, 5.25, 7.75], "rotation": 270, "texture": "#texture"}
			}
		},
		{
			"from": [7, 3.64752, 13.92202],
			"to": [9, 4.02252, 14.85952],
			"rotation": {"angle": -45, "axis": "x", "origin": [8, 8, 8]},
			"faces": {
				"east": {"uv": [4.5, 7, 5.25, 7.75], "texture": "#texture"},
				"west": {"uv": [4.5, 7, 5.25, 7.75], "texture": "#texture"},
				"down": {"uv": [4.5, 7, 5.25, 7.75], "rotation": 270, "texture": "#texture"}
			}
		},
		{
			"from": [13.65896, 9.75, 12.24264],
			"to": [14.36396, 10.375, 12.94764],
			"rotation": {"angle": -45, "axis": "y", "origin": [8, 8, 8]},
			"faces": {
				"east": {"uv": [4.5, 7, 5.25, 7.75], "texture": "#texture"},
				"south": {"uv": [4.5, 7, 5.25, 7.75], "texture": "#texture"},
				"up": {"uv": [4.5, 7, 5.25, 7.75], "rotation": 90, "texture": "#texture"},
				"down": {"uv": [4.5, 7, 5.25, 7.75], "rotation": 270, "texture": "#texture"}
			}
		},
		{
			"from": [1.63815, 9.75, 12.24264],
			"to": [2.34315, 10.375, 12.94764],
			"rotation": {"angle": 45, "axis": "y", "origin": [8, 8, 8]},
			"faces": {
				"west": {"uv": [4.5, 7, 5.25, 7.75], "texture": "#texture"},
				"up": {"uv": [4.5, 7, 5.25, 7.75], "rotation": 90, "texture": "#texture"},
				"down": {"uv": [4.5, 7, 5.25, 7.75], "rotation": 270, "texture": "#texture"}
			}
		},
		{
			"from": [6.75, -1.72522, 10.65275],
			"to": [9.25, 8.52478, 12.40275],
			"rotation": {"angle": -22.5, "axis": "x", "origin": [8, 8, 8]},
			"faces": {
				"north": {"uv": [4.5, 7, 5.25, 7.75], "texture": "#texture"},
				"east": {"uv": [4.5, 7, 5.25, 7.75], "texture": "#texture"},
				"west": {"uv": [4.5, 7, 5.25, 7.75], "texture": "#texture"},
				"down": {"uv": [4.5, 7, 5.25, 7.75], "rotation": 270, "texture": "#texture"}
			}
		},
		{
			"from": [6.75, -0.14491, 12.26954],
			"to": [9.25, 7.85509, 14.51954],
			"rotation": {"angle": -22.5, "axis": "x", "origin": [8, 8, 8]},
			"faces": {
				"east": {"uv": [4.5, 7, 5.25, 7.75], "texture": "#texture"},
				"south": {"uv": [4.5, 7, 5.25, 7.75], "texture": "#texture"},
				"west": {"uv": [4.5, 7, 5.25, 7.75], "texture": "#texture"}
			}
		},
		{
			"from": [6.71875, -1.45741, 11.64454],
			"to": [9.28125, 7.48009, 14.26954],
			"rotation": {"angle": -22.5, "axis": "x", "origin": [8, 8, 8]},
			"faces": {
				"north": {"uv": [0.625, 7, 1.375, 7.75], "texture": "#texture"},
				"east": {"uv": [0.625, 7, 1.375, 7.75], "texture": "#texture"},
				"south": {"uv": [0.625, 7, 1.375, 7.75], "texture": "#texture"},
				"west": {"uv": [0.625, 7, 1.375, 7.75], "texture": "#texture"}
			}
		},
		{
			"from": [6.71875, -2.18397, 12.76954],
			"to": [9.28125, 1.48009, 14.60548],
			"rotation": {"angle": -22.5, "axis": "x", "origin": [8, 8, 8]},
			"faces": {
				"east": {"uv": [0.625, 7, 1.375, 7.75], "texture": "#texture"},
				"south": {"uv": [0.625, 7, 1.375, 7.75], "texture": "#texture"},
				"west": {"uv": [0.625, 7, 1.375, 7.75], "texture": "#texture"},
				"up": {"uv": [0.625, 7, 1.375, 7.75], "rotation": 90, "texture": "#texture"}
			}
		},
		{
			"from": [6.71875, 11.06478, 15.11858],
			"to": [9.28125, 11.60384, 16.57952],
			"rotation": {"angle": 45, "axis": "x", "origin": [8, 8, 8]},
			"faces": {
				"east": {"uv": [0.625, 7, 1.375, 7.75], "texture": "#texture"},
				"south": {"uv": [0.625, 7, 1.375, 7.75], "texture": "#texture"},
				"west": {"uv": [0.625, 7, 1.375, 7.75], "texture": "#texture"},
				"up": {"uv": [0.625, 7, 1.375, 7.75], "rotation": 90, "texture": "#texture"}
			}
		},
		{
			"from": [6.71875, 0.375, 14.28906],
			"to": [9.28125, 1.125, 18],
			"rotation": {"angle": 0, "axis": "z", "origin": [8, 8, 8]},
			"faces": {
				"north": {"uv": [0.625, 7, 1.375, 7.75], "texture": "#texture"},
				"east": {"uv": [0.625, 7, 1.375, 7.75], "texture": "#texture"},
				"south": {"uv": [0.625, 7, 1.375, 7.75], "texture": "#texture"},
				"west": {"uv": [0.625, 7, 1.375, 7.75], "texture": "#texture"},
				"up": {"uv": [0.625, 7, 1.375, 7.75], "rotation": 90, "texture": "#texture"},
				"down": {"uv": [0.625, 7, 1.375, 7.75], "rotation": 270, "texture": "#texture"}
			}
		},
		{
			"from": [6.71875, 5.98009, 10.89454],
			"to": [9.28125, 8.23009, 13.39454],
			"rotation": {"angle": -22.5, "axis": "x", "origin": [8, 8, 8]},
			"faces": {
				"north": {"uv": [0.625, 7, 1.375, 7.75], "texture": "#texture"},
				"east": {"uv": [0.625, 7, 1.375, 7.75], "texture": "#texture"},
				"west": {"uv": [0.625, 7, 1.375, 7.75], "texture": "#texture"},
				"up": {"uv": [0.625, 7, 1.375, 7.75], "rotation": 90, "texture": "#texture"},
				"down": {"uv": [0.625, 7, 1.375, 7.75], "rotation": 270, "texture": "#texture"}
			}
		},
		{
			"from": [6.71875, 7.25, 11.45313],
			"to": [9.28125, 7.875, 12.375],
			"rotation": {"angle": 0, "axis": "z", "origin": [8, 8, 8]},
			"faces": {
				"east": {"uv": [0.625, 7, 1.375, 7.75], "texture": "#texture"},
				"west": {"uv": [0.625, 7, 1.375, 7.75], "texture": "#texture"},
				"down": {"uv": [0.625, 7, 1.375, 7.75], "rotation": 270, "texture": "#texture"}
			}
		},
		{
			"from": [6.34375, 10.125, 11.32813],
			"to": [6.53125, 10.5, 11.9375],
			"rotation": {"angle": 0, "axis": "z", "origin": [8, 8, 8]},
			"faces": {
				"north": {"uv": [0.625, 7, 1.375, 7.75], "texture": "#texture"},
				"south": {"uv": [0.625, 7, 1.375, 7.75], "texture": "#texture"},
				"west": {"uv": [0.625, 7, 1.375, 7.75], "texture": "#texture"},
				"down": {"uv": [0.625, 7, 1.375, 7.75], "rotation": 270, "texture": "#texture"}
			}
		},
		{
			"from": [6.28125, 10.25, 10.95313],
			"to": [6.59375, 10.875, 11.8125],
			"rotation": {"angle": 0, "axis": "z", "origin": [8, 8, 8]},
			"faces": {
				"north": {"uv": [0.625, 7, 1.375, 7.75], "texture": "#texture"},
				"south": {"uv": [0.625, 7, 1.375, 7.75], "texture": "#texture"},
				"west": {"uv": [0.625, 7, 1.375, 7.75], "texture": "#texture"},
				"up": {"uv": [0.625, 7, 1.375, 7.75], "rotation": 90, "texture": "#texture"},
				"down": {"uv": [0.625, 7, 1.375, 7.75], "rotation": 270, "texture": "#texture"}
			}
		},
		{
			"from": [6.71875, 9.27754, 12.4776],
			"to": [9.28125, 10.3791, 13.15729],
			"rotation": {"angle": 45, "axis": "x", "origin": [8, 8, 8]},
			"faces": {
				"north": {"uv": [0.625, 7, 1.375, 7.75], "rotation": 270, "texture": "#texture"},
				"east": {"uv": [0.625, 7, 1.375, 7.75], "rotation": 90, "texture": "#texture"},
				"west": {"uv": [0.625, 7, 1.375, 7.75], "rotation": 270, "texture": "#texture"},
				"down": {"uv": [0.625, 7, 1.375, 7.75], "rotation": 180, "texture": "#texture"}
			}
		},
		{
			"from": [6.71875, -1.4496, 10.89454],
			"to": [9.28125, 4.35509, 13.39454],
			"rotation": {"angle": -22.5, "axis": "x", "origin": [8, 8, 8]},
			"faces": {
				"north": {"uv": [0.625, 7, 1.375, 7.75], "texture": "#texture"},
				"east": {"uv": [0.625, 7, 1.375, 7.75], "texture": "#texture"},
				"west": {"uv": [0.625, 7, 1.375, 7.75], "texture": "#texture"},
				"up": {"uv": [0.625, 7, 1.375, 7.75], "rotation": 90, "texture": "#texture"}
			}
		},
		{
			"from": [6.75, -2.22303, 12.26954],
			"to": [9.25, 1.52697, 14.89454],
			"rotation": {"angle": -22.5, "axis": "x", "origin": [8, 8, 8]},
			"faces": {
				"east": {"uv": [4.5, 7, 5.25, 7.75], "texture": "#texture"},
				"south": {"uv": [4.5, 7, 5.25, 7.75], "texture": "#texture"},
				"west": {"uv": [4.5, 7, 5.25, 7.75], "texture": "#texture"},
				"up": {"uv": [4.5, 7, 5.25, 7.75], "rotation": 90, "texture": "#texture"},
				"down": {"uv": [4.5, 7, 5.25, 7.75], "rotation": 270, "texture": "#texture"}
			}
		},
		{
			"from": [6.75, 0.04688, 14.1875],
			"to": [9.25, 1.19531, 18.27344],
			"rotation": {"angle": 0, "axis": "z", "origin": [8, 8, 8]},
			"faces": {
				"east": {"uv": [4.5, 7, 5.25, 7.75], "texture": "#texture"},
				"south": {"uv": [4.5, 7, 5.25, 7.75], "texture": "#texture"},
				"west": {"uv": [4.5, 7, 5.25, 7.75], "texture": "#texture"},
				"down": {"uv": [4.5, 7, 5.25, 7.75], "rotation": 270, "texture": "#texture"}
			}
		},
		{
			"from": [7, -0.23437, 14.1875],
			"to": [9, 0.03906, 17.89844],
			"rotation": {"angle": 0, "axis": "z", "origin": [8, 8, 8]},
			"faces": {
				"north": {"uv": [0.75, 7, 1.5, 7.75], "texture": "#texture"},
				"east": {"uv": [0.75, 7, 1.5, 7.75], "texture": "#texture"},
				"south": {"uv": [0.75, 7, 1.5, 7.75], "texture": "#texture"},
				"west": {"uv": [0.75, 7, 1.5, 7.75], "texture": "#texture"},
				"up": {"uv": [0.75, 7, 1.5, 7.75], "rotation": 90, "texture": "#texture"}
			}
		},
		{
			"from": [6.84375, -0.73437, 13.92969],
			"to": [9.15625, -0.14844, 18.14844],
			"rotation": {"angle": 0, "axis": "z", "origin": [8, 8, 8]},
			"faces": {
				"north": {"uv": [0.75, 7, 1.5, 7.75], "texture": "#texture"},
				"east": {"uv": [0.75, 7, 1.5, 7.75], "texture": "#texture"},
				"south": {"uv": [0.75, 7, 1.5, 7.75], "texture": "#texture"},
				"west": {"uv": [0.75, 7, 1.5, 7.75], "texture": "#texture"},
				"up": {"uv": [0.75, 7, 1.5, 7.75], "rotation": 90, "texture": "#texture"},
				"down": {"uv": [0.75, 7, 1.5, 7.75], "rotation": 270, "texture": "#texture"}
			}
		},
		{
			"from": [7.34375, -0.73437, 13.42969],
			"to": [8.65625, -0.14844, 14.27344],
			"rotation": {"angle": 0, "axis": "z", "origin": [8, 8, 8]},
			"faces": {
				"north": {"uv": [0.75, 7, 1.5, 7.75], "texture": "#texture"},
				"east": {"uv": [0.75, 7, 1.5, 7.75], "texture": "#texture"},
				"west": {"uv": [0.75, 7, 1.5, 7.75], "texture": "#texture"},
				"up": {"uv": [0.75, 7, 1.5, 7.75], "rotation": 90, "texture": "#texture"},
				"down": {"uv": [0.75, 7, 1.5, 7.75], "rotation": 270, "texture": "#texture"}
			}
		},
		{
			"from": [3.31195, -0.73437, 12.29949],
			"to": [4.62445, -0.14844, 13.01043],
			"rotation": {"angle": 45, "axis": "y", "origin": [8, 8, 8]},
			"faces": {
				"north": {"uv": [0.75, 7, 1.5, 7.75], "texture": "#texture"},
				"east": {"uv": [0.75, 7, 1.5, 7.75], "texture": "#texture"},
				"up": {"uv": [0.75, 7, 1.5, 7.75], "rotation": 90, "texture": "#texture"},
				"down": {"uv": [0.75, 7, 1.5, 7.75], "rotation": 270, "texture": "#texture"}
			}
		},
		{
			"from": [11.37555, -0.73437, 12.29949],
			"to": [12.68805, -0.14844, 13.01043],
			"rotation": {"angle": -45, "axis": "y", "origin": [8, 8, 8]},
			"faces": {
				"north": {"uv": [1.5, 7, 0.75, 7.75], "texture": "#texture"},
				"west": {"uv": [1.5, 7, 0.75, 7.75], "texture": "#texture"},
				"up": {"uv": [0.75, 7.75, 1.5, 7], "rotation": 90, "texture": "#texture"},
				"down": {"uv": [0.75, 7.75, 1.5, 7], "rotation": 270, "texture": "#texture"}
			}
		},
		{
			"from": [6.8125, -0.29687, 14.05469],
			"to": [9.1875, -0.24219, 18.02344],
			"rotation": {"angle": 0, "axis": "z", "origin": [8, 8, 8]},
			"faces": {
				"north": {"uv": [0.75, 7, 1.5, 7.75], "texture": "#texture"},
				"east": {"uv": [4.625, 7, 5.375, 7.75], "texture": "#texture"},
				"south": {"uv": [0.75, 7, 1.5, 7.75], "texture": "#texture"},
				"west": {"uv": [4.625, 7, 5.375, 7.75], "texture": "#texture"},
				"up": {"uv": [4.625, 7, 5.375, 7.75], "rotation": 90, "texture": "#texture"},
				"down": {"uv": [4.625, 7, 5.375, 7.75], "rotation": 270, "texture": "#texture"}
			}
		},
		{
			"from": [6.8125, -0.60937, 14.05469],
			"to": [9.1875, -0.55469, 18.02344],
			"rotation": {"angle": 0, "axis": "z", "origin": [8, 8, 8]},
			"faces": {
				"north": {"uv": [0.75, 7, 1.5, 7.75], "texture": "#texture"},
				"east": {"uv": [4.625, 7, 5.375, 7.75], "texture": "#texture"},
				"south": {"uv": [0.75, 7, 1.5, 7.75], "texture": "#texture"},
				"west": {"uv": [4.625, 7, 5.375, 7.75], "texture": "#texture"},
				"up": {"uv": [4.625, 7, 5.375, 7.75], "rotation": 90, "texture": "#texture"},
				"down": {"uv": [4.625, 7, 5.375, 7.75], "rotation": 270, "texture": "#texture"}
			}
		},
		{
			"from": [6.8125, -0.45312, 14.05469],
			"to": [9.1875, -0.39844, 18.02344],
			"rotation": {"angle": 0, "axis": "z", "origin": [8, 8, 8]},
			"faces": {
				"north": {"uv": [0.75, 7, 1.5, 7.75], "texture": "#texture"},
				"east": {"uv": [4.625, 7, 5.375, 7.75], "texture": "#texture"},
				"south": {"uv": [0.75, 7, 1.5, 7.75], "texture": "#texture"},
				"west": {"uv": [4.625, 7, 5.375, 7.75], "texture": "#texture"},
				"up": {"uv": [4.625, 7, 5.375, 7.75], "rotation": 90, "texture": "#texture"},
				"down": {"uv": [4.625, 7, 5.375, 7.75], "rotation": 270, "texture": "#texture"}
			}
		},
		{
			"from": [6.75, 11.14169, 14.21492],
			"to": [9.25, 11.89169, 16.61335],
			"rotation": {"angle": 45, "axis": "x", "origin": [8, 8, 8]},
			"faces": {
				"east": {"uv": [4.5, 7, 5.25, 7.75], "texture": "#texture"},
				"south": {"uv": [4.5, 7, 5.25, 7.75], "texture": "#texture"},
				"west": {"uv": [4.5, 7, 5.25, 7.75], "texture": "#texture"},
				"up": {"uv": [4.5, 7, 5.25, 7.75], "rotation": 90, "texture": "#texture"}
			}
		},
		{
			"from": [7.25, 8, 4.75],
			"to": [8.75, 9, 6.25],
			"rotation": {"angle": 0, "axis": "y", "origin": [8, 8, 8]},
			"faces": {
				"north": {"uv": [4.5, 7, 5.25, 7.75], "texture": "#texture"},
				"south": {"uv": [4.5, 7, 5.25, 7.75], "texture": "#texture"},
				"down": {"uv": [4.5, 7, 5.25, 7.75], "rotation": 270, "texture": "#texture"}
			}
		},
		{
			"from": [7, 8.25, 4.75],
			"to": [9, 9.25, 6.25],
			"rotation": {"angle": 0, "axis": "y", "origin": [8, 8, 8]},
			"faces": {
				"north": {"uv": [4.5, 7, 5.25, 7.75], "texture": "#texture"},
				"east": {"uv": [4.5, 7, 5.25, 7.75], "texture": "#texture"},
				"south": {"uv": [4.5, 7, 5.25, 7.75], "texture": "#texture"},
				"west": {"uv": [4.5, 7, 5.25, 7.75], "texture": "#texture"}
			}
		},
		{
			"from": [8.17533, 8.52888, 4.75],
			"to": [8.53033, 8.88388, 6.25],
			"rotation": {"angle": -45, "axis": "z", "origin": [8, 8, 8]},
			"faces": {
				"north": {"uv": [4.5, 7, 5.25, 7.75], "texture": "#texture"},
				"east": {"uv": [4.5, 7, 5.25, 7.75], "texture": "#texture"},
				"south": {"uv": [4.5, 7, 5.25, 7.75], "texture": "#texture"},
				"down": {"uv": [4.5, 7, 5.25, 7.75], "rotation": 270, "texture": "#texture"}
			}
		},
		{
			"from": [7.46823, 8.52888, 4.75],
			"to": [7.82323, 8.88388, 6.25],
			"rotation": {"angle": 45, "axis": "z", "origin": [8, 8, 8]},
			"faces": {
				"north": {"uv": [4.5, 7, 5.25, 7.75], "texture": "#texture"},
				"south": {"uv": [4.5, 7, 5.25, 7.75], "texture": "#texture"},
				"west": {"uv": [4.5, 7, 5.25, 7.75], "texture": "#texture"},
				"up": {"uv": [4.5, 7, 5.25, 7.75], "rotation": 90, "texture": "#texture"},
				"down": {"uv": [4.5, 7, 5.25, 7.75], "rotation": 270, "texture": "#texture"}
			}
		},
		{
			"from": [7, 9.20814, 6.37571],
			"to": [9, 9.95814, 8.62571],
			"rotation": {"angle": -22.5, "axis": "x", "origin": [8, 8, 8]},
			"faces": {
				"east": {"uv": [4.5, 7, 5.25, 7.75], "texture": "#texture"},
				"west": {"uv": [4.5, 7, 5.25, 7.75], "texture": "#texture"},
				"down": {"uv": [4.5, 7, 5.25, 7.75], "rotation": 270, "texture": "#texture"}
			}
		},
		{
			"from": [7.25, 6.7513, 6.01126],
			"to": [8.75, 8.7513, 6.76126],
			"rotation": {"angle": 45, "axis": "x", "origin": [8, 8, 8]},
			"faces": {
				"east": {"uv": [4.5, 11, 5.25, 11.75], "texture": "#texture"},
				"south": {"uv": [4.5, 11, 5.25, 11.75], "texture": "#texture"},
				"west": {"uv": [4.5, 11, 5.25, 11.75], "texture": "#texture"},
				"down": {"uv": [4.5, 11, 5.25, 11.75], "rotation": 270, "texture": "#texture"}
			}
		},
		{
			"from": [7, 7.524, 5.72172],
			"to": [9, 8.274, 6.22172],
			"rotation": {"angle": 22.5, "axis": "x", "origin": [8, 8, 8]},
			"faces": {
				"east": {"uv": [4.5, 7, 5.25, 7.75], "texture": "#texture"},
				"south": {"uv": [4.5, 7, 5.25, 7.75], "texture": "#texture"},
				"west": {"uv": [4.5, 7, 5.25, 7.75], "texture": "#texture"},
				"down": {"uv": [4.5, 7, 5.25, 7.75], "rotation": 270, "texture": "#texture"}
			}
		},
		{
			"from": [7, 9.57713, 7.07192],
			"to": [9, 10.07713, 7.82192],
			"rotation": {"angle": -45, "axis": "x", "origin": [8, 8, 8]},
			"faces": {
				"east": {"uv": [4.5, 7, 5.25, 7.75], "texture": "#texture"},
				"west": {"uv": [4.5, 7, 5.25, 7.75], "texture": "#texture"},
				"down": {"uv": [4.5, 7, 5.25, 7.75], "rotation": 270, "texture": "#texture"}
			}
		},
		{
			"from": [7.5, 6.9045, 6.01986],
			"to": [8.5, 9.1545, 6.51986],
			"rotation": {"angle": 22.5, "axis": "x", "origin": [8, 8, 8]},
			"faces": {
				"north": {"uv": [4.5, 11, 5.25, 11.75], "texture": "#texture"},
				"east": {"uv": [4.5, 11, 5.25, 11.75], "texture": "#texture"},
				"south": {"uv": [4.5, 11, 5.25, 11.75], "texture": "#texture"},
				"west": {"uv": [4.5, 11, 5.25, 11.75], "texture": "#texture"}
			}
		},
		{
			"from": [7.5, 6.5, 5.75],
			"to": [8.5, 7.75, 6.25],
			"rotation": {"angle": 0, "axis": "y", "origin": [8, 8, 8]},
			"faces": {
				"north": {"uv": [4.5, 11, 5.25, 11.75], "texture": "#texture"},
				"east": {"uv": [4.5, 11, 5.25, 11.75], "texture": "#texture"},
				"south": {"uv": [4.5, 11, 5.25, 11.75], "texture": "#texture"},
				"west": {"uv": [4.5, 11, 5.25, 11.75], "texture": "#texture"},
				"up": {"uv": [4.5, 11, 5.25, 11.75], "rotation": 90, "texture": "#texture"}
			}
		},
		{
			"from": [7.5, 7.47033, 5.34835],
			"to": [8.5, 8.53033, 5.84835],
			"rotation": {"angle": -45, "axis": "x", "origin": [8, 8, 8]},
			"faces": {
				"north": {"uv": [4.5, 11, 5.25, 11.75], "texture": "#texture"},
				"east": {"uv": [4.5, 11, 5.25, 11.75], "texture": "#texture"},
				"south": {"uv": [4.5, 11, 5.25, 11.75], "texture": "#texture"},
				"west": {"uv": [4.5, 11, 5.25, 11.75], "texture": "#texture"},
				"down": {"uv": [4.5, 11, 5.25, 11.75], "rotation": 270, "texture": "#texture"}
			}
		},
		{
			"from": [7.5, 5.75, 6.5],
			"to": [8.5, 6.25, 10.25],
			"rotation": {"angle": 0, "axis": "y", "origin": [8, 8, 8]},
			"faces": {
				"north": {"uv": [4.5, 11, 5.25, 11.75], "texture": "#texture"},
				"east": {"uv": [4.5, 11, 5.25, 11.75], "texture": "#texture"},
				"south": {"uv": [4.5, 11, 5.25, 11.75], "texture": "#texture"},
				"west": {"uv": [4.5, 11, 5.25, 11.75], "texture": "#texture"},
				"up": {"uv": [4.5, 11, 5.25, 11.75], "rotation": 90, "texture": "#texture"},
				"down": {"uv": [4.5, 11, 5.25, 11.75], "rotation": 270, "texture": "#texture"}
			}
		},
		{
			"from": [7.5, 5.07004, 9.21509],
			"to": [8.5, 5.57004, 11.21509],
			"rotation": {"angle": -22.5, "axis": "x", "origin": [8, 8, 8]},
			"faces": {
				"east": {"uv": [4.5, 11, 5.25, 11.75], "texture": "#texture"},
				"west": {"uv": [4.5, 11, 5.25, 11.75], "texture": "#texture"},
				"up": {"uv": [4.5, 11, 5.25, 11.75], "rotation": 90, "texture": "#texture"},
				"down": {"uv": [4.5, 11, 5.25, 11.75], "rotation": 270, "texture": "#texture"}
			}
		},
		{
			"from": [7.5, 7.2144, 11.23018],
			"to": [8.5, 8.0894, 13.23018],
			"rotation": {"angle": 22.5, "axis": "x", "origin": [8, 8, 8]},
			"faces": {
				"east": {"uv": [4.5, 11, 5.25, 11.75], "texture": "#texture"},
				"west": {"uv": [4.5, 11, 5.25, 11.75], "texture": "#texture"},
				"down": {"uv": [4.5, 11, 5.25, 11.75], "rotation": 270, "texture": "#texture"}
			}
		},
		{
			"from": [7.5, 4.58319, 8.61872],
			"to": [8.5, 5.08319, 10.61872],
			"rotation": {"angle": -45, "axis": "x", "origin": [8, 8, 8]},
			"faces": {
				"east": {"uv": [4.5, 11, 5.25, 11.75], "texture": "#texture"},
				"west": {"uv": [4.5, 11, 5.25, 11.75], "texture": "#texture"},
				"up": {"uv": [4.5, 11, 5.25, 11.75], "rotation": 90, "texture": "#texture"}
			}
		},
		{
			"from": [7.75, 7.75, 8.75],
			"to": [8.25, 9.25, 9.5625],
			"rotation": {"angle": 0, "axis": "y", "origin": [8, 8, 8]},
			"faces": {
				"north": {"uv": [4.5, 11, 5.25, 11.75], "texture": "#texture"},
				"east": {"uv": [4.5, 11, 5.25, 11.75], "texture": "#texture"},
				"west": {"uv": [4.5, 11, 5.25, 11.75], "texture": "#texture"}
			}
		},
		{
			"from": [7.75, 7, 8.5],
			"to": [8.25, 7.5, 9],
			"rotation": {"angle": 0, "axis": "y", "origin": [8, 8, 8]},
			"faces": {
				"north": {"uv": [4.5, 11, 5.25, 11.75], "texture": "#texture"},
				"east": {"uv": [4.5, 11, 5.25, 11.75], "texture": "#texture"},
				"south": {"uv": [4.5, 11, 5.25, 11.75], "texture": "#texture"},
				"west": {"uv": [4.5, 11, 5.25, 11.75], "texture": "#texture"},
				"up": {"uv": [4.5, 11, 5.25, 11.75], "rotation": 90, "texture": "#texture"},
				"down": {"uv": [4.5, 11, 5.25, 11.75], "rotation": 270, "texture": "#texture"}
			}
		},
		{
			"from": [7.75, 7.73941, 8.65092],
			"to": [8.25, 8.98941, 9.15092],
			"rotation": {"angle": 22.5, "axis": "x", "origin": [8, 8, 8]},
			"faces": {
				"north": {"uv": [4.5, 11, 5.25, 11.75], "texture": "#texture"},
				"east": {"uv": [4.5, 11, 5.25, 11.75], "texture": "#texture"},
				"west": {"uv": [4.5, 11, 5.25, 11.75], "texture": "#texture"},
				"down": {"uv": [4.5, 11, 5.25, 11.75], "rotation": 270, "texture": "#texture"}
			}
		},
		{
			"from": [7.75, 8.01333, 8.97227],
			"to": [8.25, 9.32583, 9.40977],
			"rotation": {"angle": 45, "axis": "x", "origin": [8, 8, 8]},
			"faces": {
				"east": {"uv": [4.5, 11, 5.25, 11.75], "texture": "#texture"},
				"south": {"uv": [4.5, 11, 5.25, 11.75], "texture": "#texture"},
				"west": {"uv": [4.5, 11, 5.25, 11.75], "texture": "#texture"},
				"up": {"uv": [4.5, 11, 5.25, 11.75], "rotation": 90, "texture": "#texture"},
				"down": {"uv": [4.5, 11, 5.25, 11.75], "rotation": 270, "texture": "#texture"}
			}
		},
		{
			"from": [7.75, 8.68618, 9.36938],
			"to": [8.25, 9.99868, 9.80688],
			"rotation": {"angle": 22.5, "axis": "x", "origin": [8, 8, 8]},
			"faces": {
				"east": {"uv": [4.5, 11, 5.25, 11.75], "texture": "#texture"},
				"south": {"uv": [4.5, 11, 5.25, 11.75], "texture": "#texture"},
				"west": {"uv": [4.5, 11, 5.25, 11.75], "texture": "#texture"}
			}
		},
		{
			"from": [7.75, 8.1875, 9.5],
			"to": [8.25, 9.25, 9.9375],
			"rotation": {"angle": 0, "axis": "y", "origin": [8, 8, 8]},
			"faces": {
				"east": {"uv": [4.5, 11, 5.25, 11.75], "texture": "#texture"},
				"west": {"uv": [4.5, 11, 5.25, 11.75], "texture": "#texture"}
			}
		},
		{
			"name": "screw_middle",
			"from": [6.46875, 10.31432, 7.10563],
			"to": [9.53125, 10.41377, 7.60563],
			"rotation": {"angle": -22.5, "axis": "x", "origin": [8, 8, 8]},
			"faces": {
				"north": {"uv": [0.875, 7.125, 1.375, 7.625], "texture": "#texture"},
				"east": {"uv": [0.875, 7.125, 1.375, 7.625], "texture": "#texture"},
				"south": {"uv": [0.875, 7.125, 1.375, 7.625], "texture": "#texture"},
				"west": {"uv": [0.875, 7.125, 1.375, 7.625], "texture": "#texture"}
			}
		},
		{
			"name": "screw_middle",
			"from": [6.46875, 9.88777, 6.25],
			"to": [9.53125, 9.98723, 6.75],
			"rotation": {"angle": 0, "axis": "z", "origin": [8, 8, 8]},
			"faces": {
				"north": {"uv": [0.875, 7.125, 1.375, 7.625], "texture": "#texture"},
				"east": {"uv": [0.875, 7.125, 1.375, 7.625], "texture": "#texture"},
				"south": {"uv": [0.875, 7.125, 1.375, 7.625], "texture": "#texture"},
				"west": {"uv": [0.875, 7.125, 1.375, 7.625], "texture": "#texture"}
			}
		},
		{
			"name": "screw_middle",
			"from": [6.46875, 9.16626, 5.62273],
			"to": [9.53125, 9.26572, 6.12273],
			"rotation": {"angle": 22.5, "axis": "x", "origin": [8, 8, 8]},
			"faces": {
				"north": {"uv": [0.875, 7.125, 1.375, 7.625], "texture": "#texture"},
				"east": {"uv": [0.875, 7.125, 1.375, 7.625], "texture": "#texture"},
				"south": {"uv": [0.875, 7.125, 1.375, 7.625], "texture": "#texture"},
				"west": {"uv": [0.875, 7.125, 1.375, 7.625], "texture": "#texture"},
				"up": {"uv": [0.875, 7.125, 1.375, 7.625], "rotation": 90, "texture": "#texture"}
			}
		},
		{
			"name": "screw_middle",
			"from": [6.46875, 10.18068, 8.25964],
			"to": [9.53125, 10.68068, 8.35909],
			"rotation": {"angle": -45, "axis": "x", "origin": [8, 8, 8]},
			"faces": {
				"north": {"uv": [0.875, 7.125, 1.375, 7.625], "texture": "#texture"},
				"east": {"uv": [0.875, 7.125, 1.375, 7.625], "texture": "#texture"},
				"west": {"uv": [0.875, 7.125, 1.375, 7.625], "texture": "#texture"},
				"up": {"uv": [0.875, 7.125, 1.375, 7.625], "rotation": 90, "texture": "#texture"},
				"down": {"uv": [0.875, 7.125, 1.375, 7.625], "rotation": 270, "texture": "#texture"}
			}
		},
		{
			"name": "screw_middle",
			"from": [6.46875, 10.11404, 7.3059],
			"to": [9.53125, 10.61404, 7.40536],
			"rotation": {"angle": -22.5, "axis": "x", "origin": [8, 8, 8]},
			"faces": {
				"east": {"uv": [0.875, 7.125, 1.375, 7.625], "texture": "#texture"},
				"south": {"uv": [0.875, 7.125, 1.375, 7.625], "texture": "#texture"},
				"west": {"uv": [0.875, 7.125, 1.375, 7.625], "texture": "#texture"},
				"up": {"uv": [0.875, 7.125, 1.375, 7.625], "rotation": 90, "texture": "#texture"},
				"down": {"uv": [0.875, 7.125, 1.375, 7.625], "rotation": 270, "texture": "#texture"}
			}
		},
		{
			"name": "screw_middle",
			"from": [6.46875, 9.6875, 6.45027],
			"to": [9.53125, 10.1875, 6.54973],
			"rotation": {"angle": 0, "axis": "z", "origin": [8, 8, 8]},
			"faces": {
				"east": {"uv": [0.875, 7.125, 1.375, 7.625], "texture": "#texture"},
				"west": {"uv": [0.875, 7.125, 1.375, 7.625], "texture": "#texture"},
				"up": {"uv": [0.875, 7.125, 1.375, 7.625], "rotation": 90, "texture": "#texture"},
				"down": {"uv": [0.875, 7.125, 1.375, 7.625], "rotation": 270, "texture": "#texture"}
			}
		},
		{
			"name": "screw_middle",
			"from": [6.46875, 8.96599, 5.82301],
			"to": [9.53125, 9.46599, 5.92246],
			"rotation": {"angle": 22.5, "axis": "x", "origin": [8, 8, 8]},
			"faces": {
				"east": {"uv": [0.875, 7.125, 1.375, 7.625], "texture": "#texture"},
				"west": {"uv": [0.875, 7.125, 1.375, 7.625], "texture": "#texture"},
				"up": {"uv": [0.875, 7.125, 1.375, 7.625], "rotation": 90, "texture": "#texture"},
				"down": {"uv": [0.875, 7.125, 1.375, 7.625], "rotation": 270, "texture": "#texture"}
			}
		},
		{
			"name": "screw_middle",
			"from": [6.46875, 8.05936, 5.51959],
			"to": [9.53125, 8.55936, 5.61905],
			"rotation": {"angle": 45, "axis": "x", "origin": [8, 8, 8]},
			"faces": {
				"east": {"uv": [0.875, 7.125, 1.375, 7.625], "texture": "#texture"},
				"south": {"uv": [0.875, 7.125, 1.375, 7.625], "texture": "#texture"},
				"west": {"uv": [0.875, 7.125, 1.375, 7.625], "texture": "#texture"},
				"up": {"uv": [0.875, 7.125, 1.375, 7.625], "rotation": 90, "texture": "#texture"},
				"down": {"uv": [0.875, 7.125, 1.375, 7.625], "rotation": 270, "texture": "#texture"}
			}
		},
		{
			"from": [6.71094, 8.375, 13.875],
			"to": [9.28906, 8.75, 14.25],
			"rotation": {"angle": 0, "axis": "y", "origin": [8, 8, 8]},
			"faces": {
				"north": {"uv": [13.625, 12.125, 14.125, 12.625], "texture": "#texture"},
				"east": {"uv": [12.375, 10.875, 15.375, 13.875], "texture": "#texture"},
				"south": {"uv": [13.625, 12.125, 14.125, 12.625], "texture": "#texture"},
				"west": {"uv": [12.375, 10.875, 15.375, 13.875], "texture": "#texture"},
				"up": {"uv": [13.625, 12.125, 14.125, 12.625], "rotation": 90, "texture": "#texture"},
				"down": {"uv": [13.625, 12.125, 14.125, 12.625], "rotation": 270, "texture": "#texture"}
			}
		},
		{
			"from": [6.74219, 6.1875, 11.5625],
			"to": [9.28906, 7.0625, 12.4375],
			"rotation": {"angle": 0, "axis": "y", "origin": [8, 8, 8]},
			"faces": {
				"north": {"uv": [13.625, 12.125, 14.125, 12.625], "texture": "#texture"},
				"east": {"uv": [12.75, 4.75, 15.75, 7.75], "texture": "#texture"},
				"south": {"uv": [13.625, 12.125, 14.125, 12.625], "texture": "#texture"},
				"west": {"uv": [12, 1.625, 15, 4.625], "texture": "#texture"},
				"up": {"uv": [13.625, 12.125, 14.125, 12.625], "rotation": 90, "texture": "#texture"},
				"down": {"uv": [13.625, 12.125, 14.125, 12.625], "rotation": 270, "texture": "#texture"}
			}
		},
		{
			"from": [6.99219, 8.375, 5.375],
			"to": [9.00781, 8.75, 5.75],
			"rotation": {"angle": 0, "axis": "y", "origin": [8, 8, 8]},
			"faces": {
				"north": {"uv": [13.625, 12.125, 14.125, 12.625], "texture": "#texture"},
				"east": {"uv": [12.375, 10.875, 15.375, 13.875], "texture": "#texture"},
				"south": {"uv": [13.625, 12.125, 14.125, 12.625], "texture": "#texture"},
				"west": {"uv": [12.375, 10.875, 15.375, 13.875], "texture": "#texture"},
				"up": {"uv": [13.625, 12.125, 14.125, 12.625], "rotation": 90, "texture": "#texture"},
				"down": {"uv": [13.625, 12.125, 14.125, 12.625], "rotation": 270, "texture": "#texture"}
			}
		},
		{
			"from": [7.74219, 7.75, 8.8125],
			"to": [7.8125, 7.9375, 9.4375],
			"rotation": {"angle": 0, "axis": "y", "origin": [8, 8, 8]},
			"faces": {
				"north": {"uv": [16, 6.625, 15.25, 7.5], "texture": "#texture"},
				"south": {"uv": [16, 6.625, 15.25, 7.5], "texture": "#texture"},
				"west": {"uv": [6.25, 1.625, 9.5, 3], "texture": "#texture"},
				"up": {"uv": [16, 6.625, 15.25, 7.5], "rotation": 90, "texture": "#texture"},
				"down": {"uv": [16, 6.625, 15.25, 7.5], "rotation": 270, "texture": "#texture"}
			}
		},
		{
			"name": "hexadecagon",
			"from": [6.2019, 10.14891, -1.125],
			"to": [6.4519, 10.44728, 15.625],
			"rotation": {"angle": -45, "axis": "z", "origin": [8, 8, 8]},
			"faces": {
				"north": {"uv": [0.625, 11.5, 1.125, 12], "texture": "#texture"},
				"east": {"uv": [0.625, 11.5, 1.125, 12], "texture": "#texture"},
				"south": {"uv": [0.625, 11.5, 1.125, 12], "texture": "#texture"},
				"west": {"uv": [0.625, 11.5, 1.125, 12], "texture": "#texture"}
			}
		},
		{
			"name": "hexadecagon",
			"from": [7.25628, 10.72843, -1.125],
			"to": [7.50628, 11.1518, 15.625],
			"rotation": {"angle": -22.5, "axis": "z", "origin": [8, 8, 8]},
			"faces": {
				"north": {"uv": [0.625, 11.5, 1.125, 12], "texture": "#texture"},
				"east": {"uv": [0.625, 11.5, 1.125, 12], "texture": "#texture"},
				"south": {"uv": [0.625, 11.5, 1.125, 12], "texture": "#texture"},
				"west": {"uv": [0.625, 11.5, 1.125, 12], "texture": "#texture"},
				"down": {"uv": [0.625, 11.5, 1.125, 12], "rotation": 270, "texture": "#texture"}
			}
		},
		{
			"name": "hexadecagon",
			"from": [8.5, 11.10082, -1.125],
			"to": [8.75, 11.39918, 15.625],
			"rotation": {"angle": 0, "axis": "x", "origin": [8, 8, 8]},
			"faces": {
				"north": {"uv": [0.625, 11.5, 1.125, 12], "texture": "#texture"},
				"east": {"uv": [0.625, 11.5, 1.125, 12], "texture": "#texture"},
				"west": {"uv": [0.625, 11.5, 1.125, 12], "texture": "#texture"}
			}
		},
		{
			"name": "hexadecagon",
			"from": [9.74372, 10.85342, -1.125],
			"to": [9.99372, 11.15179, 15.625],
			"rotation": {"angle": 22.5, "axis": "z", "origin": [8, 8, 8]},
			"faces": {
				"north": {"uv": [0.625, 11.5, 1.125, 12], "texture": "#texture"},
				"east": {"uv": [0.625, 11.5, 1.125, 12], "texture": "#texture"},
				"south": {"uv": [0.625, 11.5, 1.125, 12], "texture": "#texture"},
				"west": {"uv": [0.625, 11.5, 1.125, 12], "texture": "#texture"},
				"up": {"uv": [0.625, 11.5, 1.125, 12], "rotation": 90, "texture": "#texture"}
			}
		},
		{
			"name": "hexadecagon",
			"from": [10.7981, 10.14892, -1.125],
			"to": [11.0481, 10.44729, 15.625],
			"rotation": {"angle": 45, "axis": "z", "origin": [8, 8, 8]},
			"faces": {
				"north": {"uv": [0.625, 11.5, 1.125, 12], "texture": "#texture"},
				"east": {"uv": [0.625, 11.5, 1.125, 12], "texture": "#texture"},
				"south": {"uv": [0.625, 11.5, 1.125, 12], "texture": "#texture"},
				"west": {"uv": [0.625, 11.5, 1.125, 12], "texture": "#texture"},
				"down": {"uv": [0.625, 11.5, 1.125, 12], "rotation": 270, "texture": "#texture"}
			}
		},
		{
			"name": "hexadecagon",
			"from": [4.9519, 10.14891, -1.125],
			"to": [5.2019, 10.44728, 15.625],
			"rotation": {"angle": -45, "axis": "z", "origin": [8, 8, 8]},
			"faces": {
				"north": {"uv": [0.625, 11.5, 1.125, 12], "texture": "#texture"},
				"east": {"uv": [0.625, 11.5, 1.125, 12], "texture": "#texture"},
				"south": {"uv": [0.625, 11.5, 1.125, 12], "texture": "#texture"},
				"west": {"uv": [0.625, 11.5, 1.125, 12], "texture": "#texture"}
			}
		},
		{
			"name": "hexadecagon",
			"from": [6.00628, 10.85343, -1.125],
			"to": [6.25628, 11.1518, 15.625],
			"rotation": {"angle": -22.5, "axis": "z", "origin": [8, 8, 8]},
			"faces": {
				"north": {"uv": [0.625, 11.5, 1.125, 12], "texture": "#texture"},
				"east": {"uv": [0.625, 11.5, 1.125, 12], "texture": "#texture"},
				"south": {"uv": [0.625, 11.5, 1.125, 12], "texture": "#texture"},
				"west": {"uv": [0.625, 11.5, 1.125, 12], "texture": "#texture"},
				"down": {"uv": [0.625, 11.5, 1.125, 12], "rotation": 270, "texture": "#texture"}
			}
		},
		{
			"name": "hexadecagon",
			"from": [7.25, 11.10082, -1.125],
			"to": [7.5, 11.39918, 15.625],
			"rotation": {"angle": 0, "axis": "x", "origin": [8, 8, 8]},
			"faces": {
				"north": {"uv": [0.625, 11.5, 1.125, 12], "texture": "#texture"},
				"east": {"uv": [0.625, 11.5, 1.125, 12], "texture": "#texture"},
				"west": {"uv": [0.625, 11.5, 1.125, 12], "texture": "#texture"},
				"up": {"uv": [0.625, 11.5, 1.125, 12], "rotation": 90, "texture": "#texture"},
				"down": {"uv": [0.625, 11.5, 1.125, 12], "rotation": 270, "texture": "#texture"}
			}
		},
		{
			"name": "hexadecagon",
			"from": [8.49372, 10.85342, -1.125],
			"to": [8.74372, 11.15179, 15.625],
			"rotation": {"angle": 22.5, "axis": "z", "origin": [8, 8, 8]},
			"faces": {
				"north": {"uv": [0.625, 11.5, 1.125, 12], "texture": "#texture"},
				"east": {"uv": [0.625, 11.5, 1.125, 12], "texture": "#texture"},
				"south": {"uv": [0.625, 11.5, 1.125, 12], "texture": "#texture"},
				"west": {"uv": [0.625, 11.5, 1.125, 12], "texture": "#texture"},
				"up": {"uv": [0.625, 11.5, 1.125, 12], "rotation": 90, "texture": "#texture"}
			}
		},
		{
			"name": "hexadecagon",
			"from": [9.5481, 10.14892, -1.125],
			"to": [9.7981, 10.44729, 15.625],
			"rotation": {"angle": 45, "axis": "z", "origin": [8, 8, 8]},
			"faces": {
				"north": {"uv": [0.625, 11.5, 1.125, 12], "texture": "#texture"},
				"east": {"uv": [0.625, 11.5, 1.125, 12], "texture": "#texture"},
				"south": {"uv": [0.625, 11.5, 1.125, 12], "texture": "#texture"},
				"west": {"uv": [0.625, 11.5, 1.125, 12], "texture": "#texture"}
			}
		},
		{
			"name": "hexadecagon",
			"from": [6.60709, 10.25261, -1.125],
			"to": [6.90546, 10.50261, 15.625],
			"rotation": {"angle": -22.5, "axis": "z", "origin": [8, 8, 8]},
			"faces": {
				"north": {"uv": [0.625, 11.5, 1.125, 12], "texture": "#texture"},
				"east": {"uv": [0.625, 11.5, 1.125, 12], "texture": "#texture"},
				"south": {"uv": [0.625, 11.5, 1.125, 12], "texture": "#texture"},
				"up": {"uv": [0.625, 11.5, 1.125, 12], "rotation": 90, "texture": "#texture"},
				"down": {"uv": [0.625, 11.5, 1.125, 12], "rotation": 270, "texture": "#texture"}
			}
		},
		{
			"name": "hexadecagon",
			"from": [7.85082, 10.5, -1.125],
			"to": [8.14918, 10.75, 15.625],
			"rotation": {"angle": 0, "axis": "x", "origin": [8, 8, 8]},
			"faces": {
				"north": {"uv": [0.625, 11.5, 1.125, 12], "texture": "#texture"},
				"west": {"uv": [0.625, 11.5, 1.125, 12], "texture": "#texture"},
				"up": {"uv": [0.625, 11.5, 1.125, 12], "rotation": 90, "texture": "#texture"},
				"down": {"uv": [0.625, 11.5, 1.125, 12], "rotation": 270, "texture": "#texture"}
			}
		},
		{
			"name": "hexadecagon",
			"from": [9.09453, 10.25261, -1.125],
			"to": [9.3929, 10.50261, 15.625],
			"rotation": {"angle": 22.5, "axis": "z", "origin": [8, 8, 8]},
			"faces": {
				"north": {"uv": [0.625, 11.5, 1.125, 12], "texture": "#texture"},
				"south": {"uv": [0.625, 11.5, 1.125, 12], "texture": "#texture"},
				"up": {"uv": [0.625, 11.5, 1.125, 12], "rotation": 90, "texture": "#texture"},
				"down": {"uv": [0.625, 11.5, 1.125, 12], "rotation": 270, "texture": "#texture"}
			}
		},
		{
			"name": "hexadecagon",
			"from": [6.60709, 11.50261, -1.125],
			"to": [6.90546, 11.75261, 15.625],
			"rotation": {"angle": -22.5, "axis": "z", "origin": [8, 8, 8]},
			"faces": {
				"north": {"uv": [0.625, 11.5, 1.125, 12], "texture": "#texture"},
				"south": {"uv": [0.625, 11.5, 1.125, 12], "texture": "#texture"},
				"up": {"uv": [0.625, 11.5, 1.125, 12], "rotation": 90, "texture": "#texture"},
				"down": {"uv": [0.625, 11.5, 1.125, 12], "rotation": 270, "texture": "#texture"}
			}
		},
		{
			"name": "hexadecagon",
			"from": [7.85082, 11.75, -1.125],
			"to": [8.14918, 12, 15.625],
			"rotation": {"angle": 0, "axis": "x", "origin": [8, 8, 8]},
			"faces": {
				"north": {"uv": [0.625, 11.5, 1.125, 12], "texture": "#texture"},
				"west": {"uv": [0.625, 11.5, 1.125, 12], "texture": "#texture"},
				"up": {"uv": [0.625, 11.5, 1.125, 12], "rotation": 90, "texture": "#texture"},
				"down": {"uv": [0.625, 11.5, 1.125, 12], "rotation": 270, "texture": "#texture"}
			}
		},
		{
			"name": "hexadecagon",
			"from": [9.09453, 11.50261, -1.125],
			"to": [9.3929, 11.75261, 15.625],
			"rotation": {"angle": 22.5, "axis": "z", "origin": [8, 8, 8]},
			"faces": {
				"north": {"uv": [0.625, 11.5, 1.125, 12], "texture": "#texture"},
				"east": {"uv": [0.625, 11.5, 1.125, 12], "texture": "#texture"},
				"south": {"uv": [0.625, 11.5, 1.125, 12], "texture": "#texture"},
				"up": {"uv": [0.625, 11.5, 1.125, 12], "rotation": 90, "texture": "#texture"},
				"down": {"uv": [0.625, 11.5, 1.125, 12], "rotation": 270, "texture": "#texture"}
			}
		},
		{
			"name": "hexadecagon",
			"from": [11.32843, 9.97214, 8.5],
			"to": [11.57843, 10.27051, 11],
			"rotation": {"angle": 45, "axis": "z", "origin": [8, 8, 8]},
			"faces": {
				"north": {"uv": [0.625, 11.5, 1.125, 12], "texture": "#texture"},
				"east": {"uv": [0.625, 11.5, 1.125, 12], "texture": "#texture"},
				"south": {"uv": [0.625, 11.5, 1.125, 12], "texture": "#texture"},
				"west": {"uv": [0.625, 11.5, 1.125, 12], "texture": "#texture"}
			}
		},
		{
			"name": "hexadecagon",
			"from": [6.97336, 11.92492, 8.5],
			"to": [7.27173, 12.17492, 11],
			"rotation": {"angle": -22.5, "axis": "z", "origin": [8, 8, 8]},
			"faces": {
				"north": {"uv": [0.625, 11.5, 1.125, 12], "texture": "#texture"},
				"south": {"uv": [0.625, 11.5, 1.125, 12], "texture": "#texture"},
				"up": {"uv": [0.625, 11.5, 1.125, 12], "rotation": 90, "texture": "#texture"},
				"down": {"uv": [0.625, 11.5, 1.125, 12], "rotation": 270, "texture": "#texture"}
			}
		},
		{
			"name": "hexadecagon",
			"from": [8.10082, 12, 8.5],
			"to": [8.64918, 12.25, 11],
			"rotation": {"angle": 0, "axis": "x", "origin": [8, 8, 8]},
			"faces": {
				"up": {"uv": [0.625, 11.5, 1.125, 12], "rotation": 90, "texture": "#texture"},
				"down": {"uv": [0.625, 11.5, 1.125, 12], "rotation": 270, "texture": "#texture"}
			}
		},
		{
			"name": "hexadecagon",
			"from": [10.30133, 10.89305, 8.5],
			"to": [10.55133, 11.19142, 11],
			"rotation": {"angle": 22.5, "axis": "z", "origin": [8, 8, 8]},
			"faces": {
				"north": {"uv": [0.625, 11.5, 1.125, 12], "texture": "#texture"},
				"east": {"uv": [0.625, 11.5, 1.125, 12], "texture": "#texture"},
				"south": {"uv": [0.625, 11.5, 1.125, 12], "texture": "#texture"},
				"west": {"uv": [0.625, 11.5, 1.125, 12], "texture": "#texture"}
			}
		},
		{
			"name": "hexadecagon",
			"from": [9, 11.35082, 8.5],
			"to": [9.25, 11.64918, 11],
			"rotation": {"angle": 0, "axis": "x", "origin": [8, 8, 8]},
			"faces": {
				"east": {"uv": [0.625, 11.5, 1.125, 12], "texture": "#texture"},
				"west": {"uv": [0.625, 11.5, 1.125, 12], "texture": "#texture"}
			}
		},
		{
			"name": "hexadecagon",
			"from": [7.62255, 10.90074, 8.5],
			"to": [7.87255, 11.57411, 11],
			"rotation": {"angle": -22.5, "axis": "z", "origin": [8, 8, 8]},
			"faces": {
				"north": {"uv": [0.625, 11.5, 1.125, 12], "texture": "#texture"},
				"east": {"uv": [0.625, 11.5, 1.125, 12], "texture": "#texture"},
				"south": {"uv": [0.625, 11.5, 1.125, 12], "texture": "#texture"},
				"west": {"uv": [0.625, 11.5, 1.125, 12], "texture": "#texture"}
			}
		},
		{
			"name": "slider_screw",
			"from": [9.34946, 11.12794, 15],
			"to": [9.44891, 11.62794, 16],
			"rotation": {"angle": 22.5, "axis": "z", "origin": [8, 8, 8]},
			"faces": {
				"north": {"uv": [4.875, 5.25, 5.375, 5.75], "texture": "#texture"},
				"south": {"uv": [4.875, 5.25, 5.375, 5.75], "texture": "#texture"},
				"up": {"uv": [4.875, 5.25, 5.375, 5.75], "rotation": 90, "texture": "#texture"},
				"down": {"uv": [4.875, 5.25, 5.375, 5.75], "rotation": 270, "texture": "#texture"}
			}
		},
		{
			"name": "slider_screw",
			"from": [9.14918, 11.32821, 15],
			"to": [9.64918, 11.42766, 16],
			"rotation": {"angle": 22.5, "axis": "z", "origin": [8, 8, 8]},
			"faces": {
				"north": {"uv": [4.875, 5.25, 5.375, 5.75], "texture": "#texture"},
				"east": {"uv": [4.875, 5.25, 5.375, 5.75], "texture": "#texture"},
				"south": {"uv": [4.875, 5.25, 5.375, 5.75], "texture": "#texture"},
				"west": {"uv": [4.875, 5.25, 5.375, 5.75], "texture": "#texture"},
				"up": {"uv": [4.875, 5.25, 5.375, 5.75], "rotation": 90, "texture": "#texture"},
				"down": {"uv": [4.875, 5.25, 5.375, 5.75], "rotation": 270, "texture": "#texture"}
			}
		},
		{
			"name": "slider_screw",
			"from": [10.33536, 10.53564, 15],
			"to": [10.83536, 10.63509, 16],
			"rotation": {"angle": 45, "axis": "z", "origin": [8, 8, 8]},
			"faces": {
				"north": {"uv": [4.875, 5.25, 5.375, 5.75], "texture": "#texture"},
				"east": {"uv": [4.875, 5.25, 5.375, 5.75], "texture": "#texture"},
				"south": {"uv": [4.875, 5.25, 5.375, 5.75], "texture": "#texture"},
				"west": {"uv": [4.875, 5.25, 5.375, 5.75], "texture": "#texture"},
				"up": {"uv": [4.875, 5.25, 5.375, 5.75], "rotation": 90, "texture": "#texture"},
				"down": {"uv": [4.875, 5.25, 5.375, 5.75], "rotation": 270, "texture": "#texture"}
			}
		},
		{
			"name": "slider_screw",
			"from": [5.16464, 10.53563, 15],
			"to": [5.66464, 10.63509, 16],
			"rotation": {"angle": -45, "axis": "z", "origin": [8, 8, 8]},
			"faces": {
				"north": {"uv": [4.875, 5.25, 5.375, 5.75], "texture": "#texture"},
				"east": {"uv": [4.875, 5.25, 5.375, 5.75], "texture": "#texture"},
				"south": {"uv": [4.875, 5.25, 5.375, 5.75], "texture": "#texture"},
				"west": {"uv": [4.875, 5.25, 5.375, 5.75], "texture": "#texture"}
			}
		},
		{
			"name": "slider_screw",
			"from": [6.35081, 11.32821, 15],
			"to": [6.85081, 11.42767, 16],
			"rotation": {"angle": -22.5, "axis": "z", "origin": [8, 8, 8]},
			"faces": {
				"north": {"uv": [4.875, 5.25, 5.375, 5.75], "texture": "#texture"},
				"east": {"uv": [4.875, 5.25, 5.375, 5.75], "texture": "#texture"},
				"south": {"uv": [4.875, 5.25, 5.375, 5.75], "texture": "#texture"},
				"west": {"uv": [4.875, 5.25, 5.375, 5.75], "texture": "#texture"}
			}
		},
		{
			"name": "slider_screw",
			"from": [7.75, 11.60652, 15],
			"to": [8.25, 11.70598, 16],
			"rotation": {"angle": 0, "axis": "x", "origin": [8, 8, 8]},
			"faces": {
				"north": {"uv": [4.875, 5.25, 5.375, 5.75], "texture": "#texture"},
				"east": {"uv": [4.875, 5.25, 5.375, 5.75], "texture": "#texture"},
				"south": {"uv": [4.875, 5.25, 5.375, 5.75], "texture": "#texture"},
				"west": {"uv": [4.875, 5.25, 5.375, 5.75], "texture": "#texture"}
			}
		},
		{
			"name": "slider_screw",
			"from": [6.55108, 11.12794, 15],
			"to": [6.65054, 11.62794, 16],
			"rotation": {"angle": -22.5, "axis": "z", "origin": [8, 8, 8]},
			"faces": {
				"north": {"uv": [4.875, 5.25, 5.375, 5.75], "texture": "#texture"},
				"east": {"uv": [4.875, 5.25, 5.375, 5.75], "texture": "#texture"},
				"south": {"uv": [4.875, 5.25, 5.375, 5.75], "texture": "#texture"},
				"up": {"uv": [4.875, 5.25, 5.375, 5.75], "rotation": 90, "texture": "#texture"},
				"down": {"uv": [4.875, 5.25, 5.375, 5.75], "rotation": 270, "texture": "#texture"}
			}
		},
		{
			"name": "slider_screw",
			"from": [7.95027, 11.40625, 15],
			"to": [8.04973, 11.90625, 16],
			"rotation": {"angle": 0, "axis": "x", "origin": [8, 8, 8]},
			"faces": {
				"north": {"uv": [4.875, 5.25, 5.375, 5.75], "texture": "#texture"},
				"south": {"uv": [4.875, 5.25, 5.375, 5.75], "texture": "#texture"},
				"up": {"uv": [4.875, 5.25, 5.375, 5.75], "rotation": 90, "texture": "#texture"},
				"down": {"uv": [4.875, 5.25, 5.375, 5.75], "rotation": 270, "texture": "#texture"}
			}
		},
		{
			"from": [7.875, 4.27161, 15.41704],
			"to": [8.125, 4.83411, 15.91704],
			"rotation": {"angle": -45, "axis": "x", "origin": [8, 8, 8]},
			"faces": {
				"east": {"uv": [2.5, 7, 3.5, 8], "texture": "#texture"},
				"south": {"uv": [2.5, 7, 3.5, 8], "texture": "#texture"},
				"west": {"uv": [2.5, 7, 3.5, 8], "texture": "#texture"},
				"down": {"uv": [2.5, 7, 3.5, 8], "rotation": 270, "texture": "#texture"}
			}
		},
		{
			"from": [7, 10.5, 15.09375],
			"to": [9, 12, 15.96875],
			"rotation": {"angle": 0, "axis": "y", "origin": [8, 8, 8]},
			"faces": {
				"north": {"uv": [2.25, 4.75, 3.25, 5.75], "texture": "#texture"},
				"south": {"uv": [7.25, 13, 9, 14], "rotation": 90, "texture": "#texture"},
				"down": {"uv": [0.625, 9.25, 1.625, 10.25], "rotation": 270, "texture": "#texture"}
			}
		},
		{
			"from": [5.52723, 11.18409, 5],
			"to": [6.23223, 11.88909, 8.625],
			"rotation": {"angle": -45, "axis": "z", "origin": [8, 8, 8]},
			"faces": {
				"north": {"uv": [0.625, 9.25, 1.625, 10.25], "texture": "#texture"},
				"south": {"uv": [0.625, 9.25, 1.625, 10.25], "texture": "#texture"},
				"west": {"uv": [0.625, 9.25, 1.625, 10.25], "texture": "#texture"},
				"up": {"uv": [0.625, 9.25, 1.625, 10.25], "rotation": 90, "texture": "#texture"},
				"down": {"uv": [0.625, 9.25, 1.625, 10.25], "rotation": 270, "texture": "#texture"}
			}
		},
		{
			"from": [5.52723, 11.18409, 11.625],
			"to": [6.23223, 11.88909, 16],
			"rotation": {"angle": -45, "axis": "z", "origin": [8, 8, 8]},
			"faces": {
				"north": {"uv": [0.625, 9.25, 1.625, 10.25], "texture": "#texture"},
				"south": {"uv": [0.625, 9.25, 1.625, 10.25], "texture": "#texture"},
				"west": {"uv": [0.625, 9.25, 1.625, 10.25], "texture": "#texture"},
				"up": {"uv": [0.625, 9.25, 1.625, 10.25], "rotation": 90, "texture": "#texture"},
				"down": {"uv": [0.625, 9.25, 1.625, 10.25], "rotation": 270, "texture": "#texture"}
			}
		},
		{
			"from": [6.02723, 11.18409, 11],
			"to": [6.18535, 11.76409, 11.625],
			"rotation": {"angle": -45, "axis": "z", "origin": [8, 8, 8]},
			"faces": {
				"north": {"uv": [0.625, 9.25, 1.625, 10.25], "texture": "#texture"},
				"east": {"uv": [0.625, 9.25, 1.625, 10.25], "texture": "#texture"},
				"up": {"uv": [0.625, 9.25, 1.625, 10.25], "rotation": 90, "texture": "#texture"}
			}
		},
		{
			"from": [5.80848, 10.93409, 10.9375],
			"to": [6.0291, 11.82659, 11.625],
			"rotation": {"angle": -45, "axis": "z", "origin": [8, 8, 8]},
			"faces": {
				"north": {"uv": [0.5, 6.75, 1.5, 7.75], "texture": "#texture"},
				"east": {"uv": [0.5, 6.75, 1.5, 7.75], "texture": "#texture"},
				"south": {"uv": [0.5, 6.75, 1.5, 7.75], "texture": "#texture"},
				"west": {"uv": [0.5, 6.75, 1.5, 7.75], "texture": "#texture"},
				"up": {"uv": [0.5, 6.75, 1.5, 7.75], "rotation": 90, "texture": "#texture"}
			}
		},
		{
			"from": [5.65223, 11.18409, 11],
			"to": [5.81035, 11.76409, 11.625],
			"rotation": {"angle": -45, "axis": "z", "origin": [8, 8, 8]},
			"faces": {
				"north": {"uv": [0.625, 9.25, 1.625, 10.25], "texture": "#texture"},
				"west": {"uv": [0.625, 9.25, 1.625, 10.25], "texture": "#texture"},
				"up": {"uv": [0.625, 9.25, 1.625, 10.25], "rotation": 90, "texture": "#texture"},
				"down": {"uv": [0.625, 9.25, 1.625, 10.25], "rotation": 270, "texture": "#texture"}
			}
		},
		{
			"from": [8.5, 12, 11.625],
			"to": [9, 12.5, 14.25],
			"rotation": {"angle": 0, "axis": "y", "origin": [8, 8, 8]},
			"faces": {
				"east": {"uv": [0.625, 9.25, 1.625, 10.25], "texture": "#texture"},
				"west": {"uv": [0.625, 9.25, 1.625, 10.25], "texture": "#texture"},
				"up": {"uv": [0.625, 9.25, 1.625, 10.25], "rotation": 90, "texture": "#texture"},
				"down": {"uv": [0.625, 9.25, 1.625, 10.25], "rotation": 270, "texture": "#texture"}
			}
		},
		{
			"from": [7, 12, 5],
			"to": [8.125, 12.5, 11.625],
			"rotation": {"angle": 0, "axis": "y", "origin": [8, 8, 8]},
			"faces": {
				"east": {"uv": [0.625, 9.25, 1.625, 10.25], "texture": "#texture"},
				"south": {"uv": [0.625, 9.25, 1.625, 10.25], "texture": "#texture"},
				"up": {"uv": [0.625, 9.25, 1.625, 10.25], "rotation": 90, "texture": "#texture"},
				"down": {"uv": [0.625, 9.25, 1.625, 10.25], "rotation": 270, "texture": "#texture"}
			}
		},
		{
			"from": [8.125, 12, 11],
			"to": [9, 12.5, 11.625],
			"rotation": {"angle": 0, "axis": "y", "origin": [8, 8, 8]},
			"faces": {
				"north": {"uv": [0.625, 9.25, 1.625, 10.25], "texture": "#texture"},
				"east": {"uv": [0.625, 9.25, 1.625, 10.25], "texture": "#texture"},
				"south": {"uv": [0.625, 9.25, 1.625, 10.25], "texture": "#texture"},
				"up": {"uv": [0.625, 9.25, 1.625, 10.25], "rotation": 90, "texture": "#texture"},
				"down": {"uv": [0.625, 9.25, 1.625, 10.25], "rotation": 270, "texture": "#texture"}
			}
		},
		{
			"from": [8.125, 12, 5],
			"to": [9, 12.5, 8.625],
			"rotation": {"angle": 0, "axis": "y", "origin": [8, 8, 8]},
			"faces": {
				"east": {"uv": [0.625, 9.25, 1.625, 10.25], "texture": "#texture"},
				"south": {"uv": [0.625, 9.25, 1.625, 10.25], "texture": "#texture"},
				"up": {"uv": [0.625, 9.25, 1.625, 10.25], "rotation": 90, "texture": "#texture"},
				"down": {"uv": [0.625, 9.25, 1.625, 10.25], "rotation": 270, "texture": "#texture"}
			}
		},
		{
			"from": [7, 12, 11.625],
			"to": [7.5, 12.5, 14.25],
			"rotation": {"angle": 0, "axis": "y", "origin": [8, 8, 8]},
			"faces": {
				"east": {"uv": [0.625, 9.25, 1.625, 10.25], "texture": "#texture"},
				"up": {"uv": [0.625, 9.25, 1.625, 10.25], "rotation": 90, "texture": "#texture"},
				"down": {"uv": [0.625, 9.25, 1.625, 10.25], "rotation": 270, "texture": "#texture"}
			}
		},
		{
			"from": [7.5, 12.1875, 11.625],
			"to": [8.5, 12.4375, 14.375],
			"rotation": {"angle": 0, "axis": "y", "origin": [8, 8, 8]},
			"faces": {
				"up": {"uv": [2.5, 7, 3.5, 8], "rotation": 90, "texture": "#texture"},
				"down": {"uv": [2.5, 7, 3.5, 8], "rotation": 270, "texture": "#texture"}
			}
		},
		{
			"from": [7, 12, 14.25],
			"to": [9, 12.5, 16],
			"rotation": {"angle": 0, "axis": "y", "origin": [8, 8, 8]},
			"faces": {
				"north": {"uv": [0.625, 9.25, 1.625, 10.25], "texture": "#texture"},
				"east": {"uv": [0.625, 9.25, 1.625, 10.25], "texture": "#texture"},
				"south": {"uv": [0.625, 9.25, 1.625, 10.25], "texture": "#texture"},
				"up": {"uv": [0.625, 9.25, 1.625, 10.25], "rotation": 90, "texture": "#texture"},
				"down": {"uv": [0.625, 9.25, 1.625, 10.25], "rotation": 270, "texture": "#texture"}
			}
		},
		{
			"from": [6.5, 11.75, 3.25],
			"to": [7.25, 12, 11.75],
			"rotation": {"angle": 0, "axis": "y", "origin": [8, 8, 8]},
			"faces": {
				"east": {"uv": [0.625, 9.25, 1.625, 10.25], "texture": "#texture"},
				"west": {"uv": [0.625, 9.25, 1.625, 10.25], "texture": "#texture"},
				"up": {"uv": [0.625, 9.25, 1.625, 10.25], "rotation": 90, "texture": "#texture"},
				"down": {"uv": [0.625, 9.25, 1.625, 10.25], "rotation": 270, "texture": "#texture"}
			}
		},
		{
			"from": [8.75, 10.5, 3.25],
			"to": [9.5, 12, 8.625],
			"rotation": {"angle": 0, "axis": "y", "origin": [8, 8, 8]},
			"faces": {
				"east": {"uv": [1.625, 9.25, 0.625, 10.25], "texture": "#texture"},
				"south": {"uv": [1.625, 9.25, 0.625, 10.25], "texture": "#texture"},
				"west": {"uv": [1.625, 9.25, 0.625, 10.25], "texture": "#texture"},
				"up": {"uv": [0.625, 10.25, 1.625, 9.25], "rotation": 90, "texture": "#texture"},
				"down": {"uv": [0.625, 10.25, 1.625, 9.25], "rotation": 270, "texture": "#texture"}
			}
		},
		{
			"from": [6.5, 11.5, 3.25],
			"to": [7.25, 11.75, 5.5],
			"rotation": {"angle": 0, "axis": "y", "origin": [8, 8, 8]},
			"faces": {
				"east": {"uv": [0.625, 9.25, 1.625, 10.25], "texture": "#texture"},
				"west": {"uv": [0.625, 9.25, 1.625, 10.25], "texture": "#texture"},
				"down": {"uv": [0.625, 9.25, 1.625, 10.25], "rotation": 270, "texture": "#texture"}
			}
		},
		{
			"from": [6.5, 12.24264, 8.70711],
			"to": [7.25, 12.49264, 9.08211],
			"rotation": {"angle": -45, "axis": "x", "origin": [8, 8, 8]},
			"faces": {
				"east": {"uv": [0.625, 9.25, 1.625, 10.25], "texture": "#texture"},
				"west": {"uv": [0.625, 9.25, 1.625, 10.25], "texture": "#texture"},
				"down": {"uv": [0.625, 9.25, 1.625, 10.25], "rotation": 270, "texture": "#texture"}
			}
		},
		{
			"from": [6.5, 10.5, 3.25],
			"to": [7.25, 10.75, 12],
			"rotation": {"angle": 0, "axis": "y", "origin": [8, 8, 8]},
			"faces": {
				"east": {"uv": [0.625, 9.25, 1.625, 10.25], "texture": "#texture"},
				"south": {"uv": [0.625, 9.25, 1.625, 10.25], "texture": "#texture"},
				"west": {"uv": [0.625, 9.25, 1.625, 10.25], "texture": "#texture"},
				"up": {"uv": [0.625, 9.25, 1.625, 10.25], "rotation": 90, "texture": "#texture"},
				"down": {"uv": [0.625, 9.25, 1.625, 10.25], "rotation": 270, "texture": "#texture"}
			}
		},
		{
			"from": [8.75, 10.5, 8.625],
			"to": [9.5, 10.875, 11.625],
			"rotation": {"angle": 0, "axis": "y", "origin": [8, 8, 8]},
			"faces": {
				"east": {"uv": [1.625, 9.25, 0.625, 10.25], "texture": "#texture"},
				"west": {"uv": [1.625, 9.25, 0.625, 10.25], "texture": "#texture"},
				"up": {"uv": [0.625, 10.25, 1.625, 9.25], "rotation": 90, "texture": "#texture"},
				"down": {"uv": [0.625, 10.25, 1.625, 9.25], "rotation": 270, "texture": "#texture"}
			}
		},
		{
			"from": [8.75, 10.875, 11],
			"to": [9.5, 11.125, 11.625],
			"rotation": {"angle": 0, "axis": "y", "origin": [8, 8, 8]},
			"faces": {
				"east": {"uv": [1.625, 9.25, 0.625, 10.25], "texture": "#texture"},
				"up": {"uv": [0.625, 10.25, 1.625, 9.25], "rotation": 90, "texture": "#texture"}
			}
		},
		{
			"from": [8.75, 10.875, 8.375],
			"to": [9.5, 11.125, 9],
			"rotation": {"angle": 0, "axis": "y", "origin": [8, 8, 8]},
			"faces": {
				"east": {"uv": [0.625, 9.25, 1.625, 10.25], "texture": "#texture"},
				"west": {"uv": [0.625, 9.25, 1.625, 10.25], "texture": "#texture"},
				"up": {"uv": [1.625, 10.25, 0.625, 9.25], "rotation": 90, "texture": "#texture"}
			}
		},
		{
			"from": [8.75, 7.71339, 11.95603],
			"to": [9.5, 8.08839, 12.33103],
			"rotation": {"angle": -45, "axis": "x", "origin": [8, 8, 8]},
			"faces": {
				"east": {"uv": [1.625, 9.25, 0.625, 10.25], "texture": "#texture"},
				"west": {"uv": [1.625, 9.25, 0.625, 10.25], "texture": "#texture"},
				"up": {"uv": [0.625, 10.25, 1.625, 9.25], "rotation": 90, "texture": "#texture"}
			}
		},
		{
			"from": [8.75, 10.54182, 6.4974],
			"to": [9.5, 10.91682, 6.8724],
			"rotation": {"angle": 45, "axis": "x", "origin": [8, 8, 8]},
			"faces": {
				"east": {"uv": [0.625, 9.25, 1.625, 10.25], "texture": "#texture"},
				"west": {"uv": [0.625, 9.25, 1.625, 10.25], "texture": "#texture"},
				"up": {"uv": [1.625, 10.25, 0.625, 9.25], "rotation": 90, "texture": "#texture"}
			}
		},
		{
			"from": [8.75, 10.5, 11],
			"to": [9.375, 11.9375, 11.625],
			"rotation": {"angle": 0, "axis": "y", "origin": [8, 8, 8]},
			"faces": {
				"north": {"uv": [1.625, 9.25, 0.625, 10.25], "texture": "#texture"},
				"east": {"uv": [1.625, 9.25, 0.625, 10.25], "texture": "#texture"},
				"west": {"uv": [1.625, 9.25, 0.625, 10.25], "texture": "#texture"},
				"up": {"uv": [0.625, 10.25, 1.625, 9.25], "rotation": 90, "texture": "#texture"}
			}
		},
		{
			"from": [6.5, 10.5, -1],
			"to": [7.25, 12, 3.25],
			"rotation": {"angle": 0, "axis": "y", "origin": [8, 8, 8]},
			"faces": {
				"north": {"uv": [0.625, 9.25, 1.625, 10.25], "texture": "#texture"},
				"east": {"uv": [0.625, 9.25, 1.625, 10.25], "texture": "#texture"},
				"south": {"uv": [0.625, 9.25, 1.625, 10.25], "texture": "#texture"},
				"west": {"uv": [0.125, 12.875, 7, 15.875], "texture": "#texture"},
				"up": {"uv": [0.625, 9.25, 1.625, 10.25], "rotation": 90, "texture": "#texture"},
				"down": {"uv": [0.625, 9.25, 1.625, 10.25], "rotation": 270, "texture": "#texture"}
			}
		},
		{
			"from": [8.75, 10.5, -1],
			"to": [9.5, 12, 3.25],
			"rotation": {"angle": 0, "axis": "y", "origin": [8, 8, 8]},
			"faces": {
				"north": {"uv": [1.625, 9.25, 0.625, 10.25], "texture": "#texture"},
				"east": {"uv": [7, 12.875, 0.125, 15.875], "texture": "#texture"},
				"west": {"uv": [1.625, 9.25, 0.625, 10.25], "texture": "#texture"},
				"up": {"uv": [0.625, 10.25, 1.625, 9.25], "rotation": 90, "texture": "#texture"},
				"down": {"uv": [0.625, 10.25, 1.625, 9.25], "rotation": 270, "texture": "#texture"}
			}
		},
		{
			"from": [6.5, 10.5, 11.75],
			"to": [7, 12, 16],
			"rotation": {"angle": 0, "axis": "y", "origin": [8, 8, 8]},
			"faces": {
				"north": {"uv": [0.625, 9.25, 1.625, 10.25], "texture": "#texture"},
				"east": {"uv": [0.625, 9.25, 1.625, 10.25], "texture": "#texture"},
				"south": {"uv": [0.625, 9.25, 1.625, 10.25], "texture": "#texture"},
				"west": {"uv": [0.125, 12.875, 7, 15.875], "texture": "#texture"},
				"up": {"uv": [0.625, 9.25, 1.625, 10.25], "rotation": 90, "texture": "#texture"},
				"down": {"uv": [0.625, 9.25, 1.625, 10.25], "rotation": 270, "texture": "#texture"}
			}
		},
		{
			"from": [9, 10.5, 11.625],
			"to": [9.5, 12, 16],
			"rotation": {"angle": 0, "axis": "y", "origin": [8, 8, 8]},
			"faces": {
				"north": {"uv": [0.625, 9.25, 1.625, 10.25], "texture": "#texture"},
				"east": {"uv": [7, 12.875, 0.125, 15.875], "texture": "#texture"},
				"south": {"uv": [0.625, 9.25, 1.625, 10.25], "texture": "#texture"},
				"west": {"uv": [0.625, 9.25, 1.625, 10.25], "texture": "#texture"},
				"down": {"uv": [0.625, 9.25, 1.625, 10.25], "rotation": 270, "texture": "#texture"}
			}
		},
		{
			"from": [6.5625, 10.625, 3.25],
			"to": [6.625, 11.875, 11.75],
			"rotation": {"angle": 0, "axis": "y", "origin": [8, 8, 8]},
			"faces": {
				"east": {"uv": [3.625, 11.25, 2.625, 12.25], "texture": "#texture"},
				"west": {"uv": [3.625, 11.25, 2.625, 12.25], "texture": "#texture"}
			}
		},
		{
			"from": [6.55469, 11, 4.375],
			"to": [6.625, 11.25, 6.25],
			"rotation": {"angle": 0, "axis": "y", "origin": [8, 8, 8]},
			"faces": {
				"north": {"uv": [16, 6.625, 15.25, 7.5], "texture": "#texture"},
				"south": {"uv": [16, 6.625, 15.25, 7.5], "texture": "#texture"},
				"west": {"uv": [0.125, 0.125, 8.875, 1.5], "texture": "#texture"},
				"up": {"uv": [16, 6.625, 15.25, 7.5], "rotation": 90, "texture": "#texture"},
				"down": {"uv": [16, 6.625, 15.25, 7.5], "rotation": 270, "texture": "#texture"}
			}
		},
		{
			"from": [6.55469, 11, 6.4375],
			"to": [6.625, 11.25, 7.5625],
			"rotation": {"angle": 0, "axis": "y", "origin": [8, 8, 8]},
			"faces": {
				"north": {"uv": [16, 6.625, 15.25, 7.5], "texture": "#texture"},
				"south": {"uv": [16, 6.625, 15.25, 7.5], "texture": "#texture"},
				"west": {"uv": [9.25, 0.125, 15, 1.5], "texture": "#texture"},
				"up": {"uv": [16, 6.625, 15.25, 7.5], "rotation": 90, "texture": "#texture"},
				"down": {"uv": [16, 6.625, 15.25, 7.5], "rotation": 270, "texture": "#texture"}
			}
		},
		{
			"from": [6.55469, 11, 7.75],
			"to": [6.625, 11.25, 9],
			"rotation": {"angle": 0, "axis": "y", "origin": [8, 8, 8]},
			"faces": {
				"north": {"uv": [16, 6.625, 15.25, 7.5], "texture": "#texture"},
				"south": {"uv": [16, 6.625, 15.25, 7.5], "texture": "#texture"},
				"west": {"uv": [0.125, 1.625, 6.125, 3], "texture": "#texture"},
				"up": {"uv": [16, 6.625, 15.25, 7.5], "rotation": 90, "texture": "#texture"},
				"down": {"uv": [16, 6.625, 15.25, 7.5], "rotation": 270, "texture": "#texture"}
			}
		},
		{
			"from": [6.55469, 11, 9.03125],
			"to": [6.625, 11.25, 10.78125],
			"rotation": {"angle": 0, "axis": "y", "origin": [8, 8, 8]},
			"faces": {
				"north": {"uv": [16, 6.625, 15.25, 7.5], "texture": "#texture"},
				"south": {"uv": [16, 6.625, 15.25, 7.5], "texture": "#texture"},
				"west": {"uv": [0.125, 3.125, 11.25, 4.5], "texture": "#texture"},
				"up": {"uv": [16, 6.625, 15.25, 7.5], "rotation": 90, "texture": "#texture"},
				"down": {"uv": [16, 6.625, 15.25, 7.5], "rotation": 270, "texture": "#texture"}
			}
		},
		{
			"from": [9.76987, 11.18409, 5],
			"to": [10.47487, 11.88909, 16],
			"rotation": {"angle": 45, "axis": "z", "origin": [8, 8, 8]},
			"faces": {
				"north": {"uv": [0.625, 9.25, 1.625, 10.25], "texture": "#texture"},
				"south": {"uv": [0.625, 9.25, 1.625, 10.25], "texture": "#texture"},
				"west": {"uv": [0.625, 9.25, 1.625, 10.25], "texture": "#texture"},
				"up": {"uv": [0.625, 9.25, 1.625, 10.25], "rotation": 90, "texture": "#texture"},
				"down": {"uv": [0.625, 9.25, 1.625, 10.25], "rotation": 270, "texture": "#texture"}
			}
		},
		{
			"from": [8.5, 12.8983, 8.35566],
			"to": [9, 13.3033, 9.06066],
			"rotation": {"angle": -45, "axis": "x", "origin": [8, 8, 8]},
			"faces": {
				"north": {"uv": [0.625, 9.25, 1.625, 10.25], "texture": "#texture"},
				"east": {"uv": [0.625, 9.25, 1.625, 10.25], "texture": "#texture"},
				"west": {"uv": [0.625, 9.25, 1.625, 10.25], "texture": "#texture"},
				"up": {"uv": [0.625, 9.25, 1.625, 10.25], "rotation": 90, "texture": "#texture"},
				"down": {"uv": [0.625, 9.25, 1.625, 10.25], "rotation": 270, "texture": "#texture"}
			}
		},
		{
			"from": [7.5, 12.8983, 8.60566],
			"to": [8.5, 13.3033, 9.06066],
			"rotation": {"angle": -45, "axis": "x", "origin": [8, 8, 8]},
			"faces": {
				"north": {"uv": [0.625, 9.25, 1.625, 10.25], "texture": "#texture"},
				"up": {"uv": [0.625, 9.25, 1.625, 10.25], "rotation": 90, "texture": "#texture"},
				"down": {"uv": [0.625, 9.25, 1.625, 10.25], "rotation": 270, "texture": "#texture"}
			}
		},
		{
			"from": [7, 12.8983, 8.35566],
			"to": [7.5, 13.3033, 9.06066],
			"rotation": {"angle": -45, "axis": "x", "origin": [8, 8, 8]},
			"faces": {
				"north": {"uv": [0.625, 9.25, 1.625, 10.25], "texture": "#texture"},
				"east": {"uv": [0.625, 9.25, 1.625, 10.25], "texture": "#texture"},
				"west": {"uv": [0.625, 9.25, 1.625, 10.25], "texture": "#texture"},
				"up": {"uv": [0.625, 9.25, 1.625, 10.25], "rotation": 90, "texture": "#texture"},
				"down": {"uv": [0.625, 9.25, 1.625, 10.25], "rotation": 270, "texture": "#texture"}
			}
		},
		{
			"from": [9.76987, 11.18409, 0.25],
			"to": [10.47487, 11.88909, 0.75],
			"rotation": {"angle": 45, "axis": "z", "origin": [8, 8, 8]},
			"faces": {
				"north": {"uv": [0.625, 9.25, 1.625, 10.25], "texture": "#texture"},
				"south": {"uv": [0.625, 9.25, 1.625, 10.25], "texture": "#texture"},
				"west": {"uv": [0.625, 9.25, 1.625, 10.25], "texture": "#texture"},
				"up": {"uv": [0.625, 9.25, 1.625, 10.25], "rotation": 90, "texture": "#texture"},
				"down": {"uv": [0.625, 9.25, 1.625, 10.25], "rotation": 270, "texture": "#texture"}
			}
		},
		{
			"from": [7, 12, 0.25],
			"to": [9, 12.5, 0.75],
			"rotation": {"angle": 0, "axis": "y", "origin": [8, 8, 8]},
			"faces": {
				"north": {"uv": [0.625, 9.25, 1.625, 10.25], "texture": "#texture"},
				"east": {"uv": [0.625, 9.25, 1.625, 10.25], "texture": "#texture"},
				"up": {"uv": [0.625, 9.25, 1.625, 10.25], "rotation": 90, "texture": "#texture"},
				"down": {"uv": [0.625, 9.25, 1.625, 10.25], "rotation": 270, "texture": "#texture"}
			}
		},
		{
			"from": [7, 12, -1],
			"to": [9, 12.5, -0.75],
			"rotation": {"angle": 0, "axis": "y", "origin": [8, 8, 8]},
			"faces": {
				"north": {"uv": [0.625, 9.25, 1.625, 10.25], "texture": "#texture"},
				"east": {"uv": [0.625, 9.25, 1.625, 10.25], "texture": "#texture"},
				"south": {"uv": [0.625, 9.25, 1.625, 10.25], "texture": "#texture"},
				"west": {"uv": [0.625, 9.25, 1.625, 10.25], "texture": "#texture"},
				"up": {"uv": [0.625, 9.25, 1.625, 10.25], "rotation": 90, "texture": "#texture"}
			}
		},
		{
			"from": [9.77093, 11.02678, -1],
			"to": [10.47593, 11.88803, -0.75],
			"rotation": {"angle": 45, "axis": "z", "origin": [8, 8, 8]},
			"faces": {
				"north": {"uv": [0.625, 9.25, 1.625, 10.25], "texture": "#texture"},
				"south": {"uv": [0.625, 9.25, 1.625, 10.25], "texture": "#texture"},
				"west": {"uv": [0.625, 9.25, 1.625, 10.25], "texture": "#texture"},
				"up": {"uv": [0.625, 9.25, 1.625, 10.25], "rotation": 90, "texture": "#texture"}
			}
		},
		{
			"from": [9.76632, 11.53409, -0.75],
			"to": [10.12132, 11.88909, 0.25],
			"rotation": {"angle": 45, "axis": "z", "origin": [8, 8, 8]},
			"faces": {
				"north": {"uv": [0.625, 9.25, 1.625, 10.25], "texture": "#texture"},
				"south": {"uv": [0.625, 9.25, 1.625, 10.25], "texture": "#texture"},
				"west": {"uv": [0.625, 9.25, 1.625, 10.25], "texture": "#texture"},
				"up": {"uv": [0.625, 9.25, 1.625, 10.25], "rotation": 90, "texture": "#texture"}
			}
		},
		{
			"from": [7, 5.65045, -0.30851],
			"to": [7.5, 6.05545, 0.39649],
			"rotation": {"angle": 45, "axis": "x", "origin": [8, 8, 8]},
			"faces": {
				"east": {"uv": [0.625, 9.25, 1.625, 10.25], "texture": "#texture"},
				"south": {"uv": [0.625, 9.25, 1.625, 10.25], "texture": "#texture"},
				"west": {"uv": [0.625, 9.25, 1.625, 10.25], "texture": "#texture"},
				"up": {"uv": [0.625, 9.25, 1.625, 10.25], "rotation": 90, "texture": "#texture"},
				"down": {"uv": [0.625, 9.25, 1.625, 10.25], "rotation": 270, "texture": "#texture"}
			}
		},
		{
			"from": [7.5, 5.65045, -0.30851],
			"to": [8.5, 6.05545, 0.14649],
			"rotation": {"angle": 45, "axis": "x", "origin": [8, 8, 8]},
			"faces": {
				"south": {"uv": [0.625, 9.25, 1.625, 10.25], "texture": "#texture"},
				"up": {"uv": [0.625, 9.25, 1.625, 10.25], "rotation": 90, "texture": "#texture"},
				"down": {"uv": [0.625, 9.25, 1.625, 10.25], "rotation": 270, "texture": "#texture"}
			}
		},
		{
			"from": [8.5, 5.65045, -0.30851],
			"to": [9, 6.05545, 0.39649],
			"rotation": {"angle": 45, "axis": "x", "origin": [8, 8, 8]},
			"faces": {
				"east": {"uv": [0.625, 9.25, 1.625, 10.25], "texture": "#texture"},
				"south": {"uv": [0.625, 9.25, 1.625, 10.25], "texture": "#texture"},
				"west": {"uv": [0.625, 9.25, 1.625, 10.25], "texture": "#texture"},
				"up": {"uv": [0.625, 9.25, 1.625, 10.25], "rotation": 90, "texture": "#texture"},
				"down": {"uv": [0.625, 9.25, 1.625, 10.25], "rotation": 270, "texture": "#texture"}
			}
		},
		{
			"from": [7.25, 12.25, -0.75],
			"to": [8.75, 12.5, 0.25],
			"rotation": {"angle": 0, "axis": "y", "origin": [8, 8, 8]},
			"faces": {
				"east": {"uv": [2.5, 6.75, 3.5, 7.75], "texture": "#texture"},
				"west": {"uv": [2.5, 7, 3.5, 8], "texture": "#texture"},
				"up": {"uv": [2.5, 7, 3.5, 8], "rotation": 90, "texture": "#texture"}
			}
		},
		{
			"from": [6.75, 12, -0.75],
			"to": [9.25, 12.25, 0.25],
			"rotation": {"angle": 0, "axis": "y", "origin": [8, 8, 8]},
			"faces": {
				"north": {"uv": [0.625, 9.25, 1.625, 10.25], "texture": "#texture"},
				"south": {"uv": [0.625, 9.25, 1.625, 10.25], "texture": "#texture"},
				"up": {"uv": [0.625, 9.25, 1.625, 10.25], "rotation": 90, "texture": "#texture"}
			}
		},
		{
			"from": [5.87723, 11.53409, -0.75],
			"to": [6.23223, 11.88909, 0.25],
			"rotation": {"angle": -45, "axis": "z", "origin": [8, 8, 8]},
			"faces": {
				"west": {"uv": [0.625, 9.25, 1.625, 10.25], "texture": "#texture"},
				"up": {"uv": [0.625, 9.25, 1.625, 10.25], "rotation": 90, "texture": "#texture"}
			}
		},
		{
			"from": [5.52723, 11.18409, 0.25],
			"to": [6.23223, 11.88909, 0.75],
			"rotation": {"angle": -45, "axis": "z", "origin": [8, 8, 8]},
			"faces": {
				"north": {"uv": [0.625, 9.25, 1.625, 10.25], "texture": "#texture"},
				"south": {"uv": [0.625, 9.25, 1.625, 10.25], "texture": "#texture"},
				"west": {"uv": [0.625, 9.25, 1.625, 10.25], "texture": "#texture"},
				"up": {"uv": [0.625, 9.25, 1.625, 10.25], "rotation": 90, "texture": "#texture"},
				"down": {"uv": [0.625, 9.25, 1.625, 10.25], "rotation": 270, "texture": "#texture"}
			}
		},
		{
			"from": [5.52723, 11.02784, -1],
			"to": [6.23223, 11.88909, -0.75],
			"rotation": {"angle": -45, "axis": "z", "origin": [8, 8, 8]},
			"faces": {
				"north": {"uv": [0.625, 9.25, 1.625, 10.25], "texture": "#texture"},
				"south": {"uv": [0.625, 9.25, 1.625, 10.25], "texture": "#texture"},
				"west": {"uv": [0.625, 9.25, 1.625, 10.25], "texture": "#texture"},
				"up": {"uv": [0.625, 9.25, 1.625, 10.25], "rotation": 90, "texture": "#texture"}
			}
		},
		{
			"from": [6.6071, 11.75261, -1],
			"to": [7.03047, 12.12761, 0.625],
			"rotation": {"angle": -22.5, "axis": "z", "origin": [8, 8, 8]},
			"faces": {
				"north": {"uv": [0.625, 9.25, 1.625, 10.25], "texture": "#texture"},
				"south": {"uv": [0.625, 9.25, 1.625, 10.25], "texture": "#texture"},
				"down": {"uv": [0.625, 9.25, 1.625, 10.25], "rotation": 270, "texture": "#texture"}
			}
		},
		{
			"from": [8.96953, 11.75261, -1],
			"to": [9.3929, 12.12761, 0.625],
			"rotation": {"angle": 22.5, "axis": "z", "origin": [8, 8, 8]},
			"faces": {
				"north": {"uv": [0.625, 9.25, 1.625, 10.25], "texture": "#texture"},
				"south": {"uv": [0.625, 9.25, 1.625, 10.25], "texture": "#texture"},
				"down": {"uv": [0.625, 9.25, 1.625, 10.25], "rotation": 270, "texture": "#texture"}
			}
		},
		{
			"from": [7.25, 10.5, -1],
			"to": [7.48437, 12, 0.75],
			"rotation": {"angle": 0, "axis": "y", "origin": [8, 8, 8]},
			"faces": {
				"north": {"uv": [0.625, 9.25, 1.625, 10.25], "texture": "#texture"},
				"east": {"uv": [0.625, 9.25, 1.625, 10.25], "texture": "#texture"},
				"south": {"uv": [0.625, 9.25, 1.625, 10.25], "texture": "#texture"}
			}
		},
		{
			"from": [7.46875, 10.5, -1],
			"to": [8.5, 10.74219, 0.75],
			"rotation": {"angle": 0, "axis": "y", "origin": [8, 8, 8]},
			"faces": {
				"north": {"uv": [0.625, 9.25, 1.625, 10.25], "texture": "#texture"},
				"east": {"uv": [0.625, 9.25, 1.625, 10.25], "texture": "#texture"},
				"south": {"uv": [0.625, 9.25, 1.625, 10.25], "texture": "#texture"}
			}
		},
		{
			"from": [8.50781, 10.5, -1],
			"to": [8.75, 12, 0.75],
			"rotation": {"angle": 0, "axis": "y", "origin": [8, 8, 8]},
			"faces": {
				"north": {"uv": [0.625, 9.25, 1.625, 10.25], "texture": "#texture"},
				"south": {"uv": [0.625, 9.25, 1.625, 10.25], "texture": "#texture"},
				"west": {"uv": [0.625, 9.25, 1.625, 10.25], "texture": "#texture"}
			}
		},
		{
			"name": "rear_sight",
			"from": [7.875, 12.5, -1],
			"to": [8.125, 13, -0.75],
			"rotation": {"angle": 0, "axis": "y", "origin": [8, 8, 8]},
			"faces": {
				"north": {"uv": [2.5, 7, 3.5, 8], "texture": "#texture"},
				"east": {"uv": [2.5, 6.75, 3.5, 7.75], "texture": "#texture"},
				"west": {"uv": [2.5, 7, 3.5, 8], "texture": "#texture"},
				"up": {"uv": [2.5, 7, 3.5, 8], "rotation": 90, "texture": "#texture"}
			}
		},
		{
			"name": "rear_sight",
			"from": [7.875, 5.1421, -1.72272],
			"to": [8.125, 5.34835, -1.30522],
			"rotation": {"angle": 45, "axis": "x", "origin": [8, 8, 8]},
			"faces": {
				"east": {"uv": [2.5, 6.75, 3.5, 7.75], "texture": "#texture"},
				"west": {"uv": [2.5, 7, 3.5, 8], "texture": "#texture"},
				"up": {"uv": [2.5, 7, 3.5, 8], "rotation": 90, "texture": "#texture"}
			}
		},
		{
			"name": "rear_sight",
			"from": [7.875, 12.5, -0.75],
			"to": [8.125, 12.71875, 0.25],
			"rotation": {"angle": 0, "axis": "y", "origin": [8, 8, 8]},
			"faces": {
				"east": {"uv": [2.5, 6.75, 3.5, 7.75], "texture": "#texture"},
				"west": {"uv": [2.5, 7, 3.5, 8], "texture": "#texture"},
				"up": {"uv": [2.5, 7, 3.5, 8], "rotation": 90, "texture": "#texture"}
			}
		},
		{
			"name": "rear_sight",
			"from": [7.875, 12.5, 0.25],
			"to": [8.125, 13, 0.5],
			"rotation": {"angle": 0, "axis": "y", "origin": [8, 8, 8]},
			"faces": {
				"east": {"uv": [2.5, 6.75, 3.5, 7.75], "texture": "#texture"},
				"south": {"uv": [2.5, 7, 3.5, 8], "texture": "#texture"},
				"west": {"uv": [2.5, 7, 3.5, 8], "texture": "#texture"},
				"up": {"uv": [2.5, 7, 3.5, 8], "rotation": 90, "texture": "#texture"}
			}
		},
		{
			"name": "rear_sight",
			"from": [7.875, 16.80936, 5.6394],
			"to": [8.125, 17.01561, 6.0569],
			"rotation": {"angle": -45, "axis": "x", "origin": [8, 8, 8]},
			"faces": {
				"east": {"uv": [2.5, 6.75, 3.5, 7.75], "texture": "#texture"},
				"south": {"uv": [2.5, 7, 3.5, 8], "texture": "#texture"},
				"west": {"uv": [2.5, 7, 3.5, 8], "texture": "#texture"},
				"up": {"uv": [2.5, 7, 3.5, 8], "rotation": 90, "texture": "#texture"}
			}
		},
		{
			"name": "rear_sight",
			"from": [7.90625, 12.75, -1.00781],
			"to": [8.09375, 12.9375, 0.50781],
			"rotation": {"angle": 0, "axis": "y", "origin": [8, 8, 8]},
			"faces": {
				"north": {"uv": [12.875, 9.25, 13.875, 10.25], "texture": "#texture"},
				"east": {"uv": [12.875, 9.25, 13.875, 10.25], "texture": "#texture"},
				"south": {"uv": [12.875, 9.25, 13.875, 10.25], "texture": "#texture"},
				"west": {"uv": [12.875, 9.25, 13.875, 10.25], "texture": "#texture"},
				"up": {"uv": [12.875, 9.25, 13.875, 10.25], "rotation": 90, "texture": "#texture"},
				"down": {"uv": [12.875, 9.25, 13.875, 10.25], "rotation": 270, "texture": "#texture"}
			}
		},
		{
			"from": [8.375, 12.75, 15],
			"to": [8.84375, 13.3125, 16],
			"rotation": {"angle": 0, "axis": "y", "origin": [8, 8, 8]},
			"faces": {
				"south": {"uv": [6.5, 7.25, 7.5, 8.25], "texture": "#texture"},
				"west": {"uv": [6.5, 7.25, 7.5, 8.25], "texture": "#texture"},
				"up": {"uv": [6.5, 7.25, 7.5, 8.25], "rotation": 90, "texture": "#texture"}
			}
		},
		{
			"from": [4.84012, 12.19688, 15],
			"to": [5.06062, 12.35313, 16],
			"rotation": {"angle": -45, "axis": "z", "origin": [8, 8, 8]},
			"faces": {
				"north": {"uv": [6.5, 7.25, 7.5, 8.25], "texture": "#texture"},
				"east": {"uv": [6.5, 7.25, 7.5, 8.25], "texture": "#texture"},
				"south": {"uv": [6.5, 7.25, 7.5, 8.25], "texture": "#texture"},
				"up": {"uv": [6.5, 7.25, 7.5, 8.25], "rotation": 90, "texture": "#texture"}
			}
		},
		{
			"from": [8.84375, 12.75, 15],
			"to": [9, 13.15625, 16],
			"rotation": {"angle": 0, "axis": "y", "origin": [8, 8, 8]},
			"faces": {
				"east": {"uv": [6.5, 7.25, 7.5, 8.25], "texture": "#texture"},
				"south": {"uv": [6.5, 7.25, 7.5, 8.25], "texture": "#texture"},
				"up": {"uv": [6.5, 7.25, 7.5, 8.25], "rotation": 90, "texture": "#texture"}
			}
		},
		{
			"from": [7, 12.5, 15],
			"to": [9, 12.75, 16],
			"rotation": {"angle": 0, "axis": "y", "origin": [8, 8, 8]},
			"faces": {
				"east": {"uv": [6.5, 7.25, 7.5, 8.25], "texture": "#texture"},
				"south": {"uv": [6.5, 7.25, 7.5, 8.25], "texture": "#texture"},
				"west": {"uv": [6.5, 7.25, 7.5, 8.25], "texture": "#texture"},
				"up": {"uv": [6.5, 7.25, 7.5, 8.25], "rotation": 90, "texture": "#texture"}
			}
		},
		{
			"from": [10.18826, 11.72747, 15.0625],
			"to": [10.56326, 11.97747, 15.8125],
			"rotation": {"angle": 45, "axis": "z", "origin": [8, 8, 8]},
			"faces": {
				"north": {"uv": [7.5, 7.25, 6.5, 8.25], "texture": "#texture"},
				"south": {"uv": [7.5, 7.25, 6.5, 8.25], "texture": "#texture"},
				"up": {"uv": [6.5, 8.25, 7.5, 7.25], "rotation": 90, "texture": "#texture"}
			}
		},
		{
			"from": [7, 12.75, 15],
			"to": [7.15625, 13.15625, 16],
			"rotation": {"angle": 0, "axis": "y", "origin": [8, 8, 8]},
			"faces": {
				"south": {"uv": [7.5, 7.25, 6.5, 8.25], "texture": "#texture"},
				"west": {"uv": [7.5, 7.25, 6.5, 8.25], "texture": "#texture"},
				"up": {"uv": [6.5, 8.25, 7.5, 7.25], "rotation": 90, "texture": "#texture"}
			}
		},
		{
			"from": [10.93938, 12.19688, 15],
			"to": [11.15988, 12.35313, 16],
			"rotation": {"angle": 45, "axis": "z", "origin": [8, 8, 8]},
			"faces": {
				"north": {"uv": [7.5, 7.25, 6.5, 8.25], "texture": "#texture"},
				"south": {"uv": [7.5, 7.25, 6.5, 8.25], "texture": "#texture"},
				"west": {"uv": [7.5, 7.25, 6.5, 8.25], "texture": "#texture"},
				"up": {"uv": [6.5, 8.25, 7.5, 7.25], "rotation": 90, "texture": "#texture"}
			}
		},
		{
			"from": [7.15625, 12.75, 15],
			"to": [7.625, 13.3125, 16],
			"rotation": {"angle": 0, "axis": "y", "origin": [8, 8, 8]},
			"faces": {
				"east": {"uv": [7.5, 7.25, 6.5, 8.25], "texture": "#texture"},
				"south": {"uv": [7.5, 7.25, 6.5, 8.25], "texture": "#texture"},
				"up": {"uv": [6.5, 8.25, 7.5, 7.25], "rotation": 90, "texture": "#texture"}
			}
		},
		{
			"from": [8.375, 9.82308, 16.09391],
			"to": [8.84375, 10.22933, 16.50016],
			"rotation": {"angle": -22.5, "axis": "x", "origin": [8, 8, 8]},
			"faces": {
				"north": {"uv": [6.5, 7.25, 7.5, 8.25], "texture": "#texture"},
				"east": {"uv": [6.5, 7.25, 7.5, 8.25], "texture": "#texture"},
				"west": {"uv": [6.5, 7.25, 7.5, 8.25], "texture": "#texture"},
				"up": {"uv": [6.5, 7.25, 7.5, 8.25], "rotation": 90, "texture": "#texture"}
			}
		},
		{
			"from": [5.9951, 12.75, 14.44359],
			"to": [6.2451, 13.15625, 14.84984],
			"rotation": {"angle": 22.5, "axis": "y", "origin": [8, 8, 8]},
			"faces": {
				"north": {"uv": [6.5, 7.25, 7.5, 8.25], "texture": "#texture"},
				"east": {"uv": [6.5, 7.25, 7.5, 8.25], "texture": "#texture"},
				"up": {"uv": [6.5, 7.25, 7.5, 8.25], "rotation": 90, "texture": "#texture"}
			}
		},
		{
			"from": [5.43674, 11.72747, 15.0625],
			"to": [5.81174, 11.97747, 15.8125],
			"rotation": {"angle": -45, "axis": "z", "origin": [8, 8, 8]},
			"faces": {
				"north": {"uv": [6.5, 7.25, 7.5, 8.25], "texture": "#texture"},
				"south": {"uv": [6.5, 7.25, 7.5, 8.25], "texture": "#texture"},
				"up": {"uv": [6.5, 7.25, 7.5, 8.25], "rotation": 90, "texture": "#texture"}
			}
		},
		{
			"from": [10.29885, 10.65784, 15.0625],
			"to": [10.54885, 11.03284, 15.8125],
			"rotation": {"angle": 22.5, "axis": "z", "origin": [6.57138, 8.46958, 8]},
			"faces": {
				"north": {"uv": [6.5, 7.25, 7.5, 8.25], "rotation": 270, "texture": "#texture"},
				"east": {"uv": [6.5, 7.25, 7.5, 8.25], "rotation": 180, "texture": "#texture"},
				"south": {"uv": [6.5, 7.25, 7.5, 8.25], "rotation": 90, "texture": "#texture"}
			}
		},
		{
			"from": [5.45115, 10.65784, 15.0625],
			"to": [5.70115, 11.03284, 15.8125],
			"rotation": {"angle": -22.5, "axis": "z", "origin": [9.42862, 8.46958, 8]},
			"faces": {
				"north": {"uv": [6.5, 8.25, 7.5, 7.25], "rotation": 270, "texture": "#texture"},
				"south": {"uv": [6.5, 8.25, 7.5, 7.25], "rotation": 90, "texture": "#texture"},
				"west": {"uv": [7.5, 7.25, 6.5, 8.25], "rotation": 180, "texture": "#texture"}
			}
		},
		{
			"from": [8.375, 12.75, 14.625],
			"to": [8.84375, 13.15625, 15],
			"rotation": {"angle": 0, "axis": "y", "origin": [8, 8, 8]},
			"faces": {
				"north": {"uv": [6.5, 7.25, 7.5, 8.25], "texture": "#texture"},
				"west": {"uv": [6.5, 7.25, 7.5, 8.25], "texture": "#texture"},
				"down": {"uv": [6.5, 7.25, 7.5, 8.25], "rotation": 270, "texture": "#texture"}
			}
		},
		{
			"from": [7.25, 12.5, 14.39844],
			"to": [8.75, 12.75, 15.5],
			"rotation": {"angle": 0, "axis": "y", "origin": [8, 8, 8]},
			"faces": {
				"north": {"uv": [6.5, 7.25, 7.5, 8.25], "texture": "#texture"},
				"east": {"uv": [6.5, 7.25, 7.5, 8.25], "texture": "#texture"},
				"west": {"uv": [6.5, 7.25, 7.5, 8.25], "texture": "#texture"},
				"up": {"uv": [6.5, 7.25, 7.5, 8.25], "rotation": 90, "texture": "#texture"}
			}
		},
		{
			"from": [9.7549, 12.5, 14.2014],
			"to": [10.1299, 12.75, 14.84984],
			"rotation": {"angle": -22.5, "axis": "y", "origin": [8, 8, 8]},
			"faces": {
				"north": {"uv": [7.5, 7.25, 6.5, 8.25], "texture": "#texture"},
				"west": {"uv": [7.5, 7.25, 6.5, 8.25], "texture": "#texture"},
				"up": {"uv": [6.5, 8.25, 7.5, 7.25], "rotation": 90, "texture": "#texture"},
				"down": {"uv": [6.5, 8.25, 7.5, 7.25], "rotation": 270, "texture": "#texture"}
			}
		},
		{
			"from": [9.7549, 12.75, 14.44359],
			"to": [10.0049, 13.15625, 14.84984],
			"rotation": {"angle": -22.5, "axis": "y", "origin": [8, 8, 8]},
			"faces": {
				"north": {"uv": [7.5, 7.25, 6.5, 8.25], "texture": "#texture"},
				"west": {"uv": [7.5, 7.25, 6.5, 8.25], "texture": "#texture"},
				"up": {"uv": [6.5, 8.25, 7.5, 7.25], "rotation": 90, "texture": "#texture"}
			}
		},
		{
			"from": [7.15625, 12.75, 14.625],
			"to": [7.625, 13.15625, 15],
			"rotation": {"angle": 0, "axis": "y", "origin": [8, 8, 8]},
			"faces": {
				"north": {"uv": [7.5, 7.25, 6.5, 8.25], "texture": "#texture"},
				"east": {"uv": [7.5, 7.25, 6.5, 8.25], "texture": "#texture"},
				"down": {"uv": [6.5, 8.25, 7.5, 7.25], "rotation": 270, "texture": "#texture"}
			}
		},
		{
			"from": [7.15625, 9.82308, 16.09391],
			"to": [7.625, 10.22933, 16.50016],
			"rotation": {"angle": -22.5, "axis": "x", "origin": [8, 8, 8]},
			"faces": {
				"north": {"uv": [7.5, 7.25, 6.5, 8.25], "texture": "#texture"},
				"east": {"uv": [7.5, 7.25, 6.5, 8.25], "texture": "#texture"},
				"west": {"uv": [7.5, 7.25, 6.5, 8.25], "texture": "#texture"},
				"up": {"uv": [6.5, 8.25, 7.5, 7.25], "rotation": 90, "texture": "#texture"}
			}
		},
		{
			"from": [5.8701, 12.5, 14.2014],
			"to": [6.2451, 12.75, 14.84984],
			"rotation": {"angle": 22.5, "axis": "y", "origin": [8, 8, 8]},
			"faces": {
				"north": {"uv": [6.5, 7.25, 7.5, 8.25], "texture": "#texture"},
				"east": {"uv": [6.5, 7.25, 7.5, 8.25], "texture": "#texture"},
				"up": {"uv": [6.5, 7.25, 7.5, 8.25], "rotation": 90, "texture": "#texture"},
				"down": {"uv": [6.5, 7.25, 7.5, 8.25], "rotation": 270, "texture": "#texture"}
			}
		},
		{
			"name": "iron_sight",
			"from": [4.69236, 11.59076, 15.75],
			"to": [4.94236, 11.78967, 16],
			"rotation": {"angle": -45, "axis": "z", "origin": [8, 8, 8]},
			"faces": {
				"north": {"uv": [6.5, 7.25, 7.5, 8.25], "texture": "#texture"},
				"south": {"uv": [6.5, 7.25, 7.5, 8.25], "texture": "#texture"},
				"west": {"uv": [6.5, 7.25, 7.5, 8.25], "texture": "#texture"}
			}
		},
		{
			"name": "iron_sight",
			"from": [6.37536, 12.67131, 15.75],
			"to": [6.62536, 12.93272, 16],
			"rotation": {"angle": -22.5, "axis": "z", "origin": [8, 8, 8]},
			"faces": {
				"north": {"uv": [6.5, 7.25, 7.5, 8.25], "texture": "#texture"},
				"south": {"uv": [6.5, 7.25, 7.5, 8.25], "texture": "#texture"},
				"west": {"uv": [6.5, 7.25, 7.5, 8.25], "texture": "#texture"}
			}
		},
		{
			"name": "iron_sight",
			"from": [9.37464, 12.6713, 15.75],
			"to": [9.62464, 12.93272, 16],
			"rotation": {"angle": 22.5, "axis": "z", "origin": [8, 8, 8]},
			"faces": {
				"north": {"uv": [6.5, 7.25, 7.5, 8.25], "texture": "#texture"},
				"east": {"uv": [6.5, 7.25, 7.5, 8.25], "texture": "#texture"},
				"south": {"uv": [6.5, 7.25, 7.5, 8.25], "texture": "#texture"}
			}
		},
		{
			"name": "iron_sight",
			"from": [11.05763, 11.59076, 15.75],
			"to": [11.30763, 11.78967, 16],
			"rotation": {"angle": 45, "axis": "z", "origin": [8, 8, 8]},
			"faces": {
				"north": {"uv": [6.5, 7.25, 7.5, 8.25], "texture": "#texture"},
				"east": {"uv": [6.5, 7.25, 7.5, 8.25], "texture": "#texture"},
				"south": {"uv": [6.5, 7.25, 7.5, 8.25], "texture": "#texture"}
			}
		},
		{
			"name": "iron_sight",
			"from": [5.85268, 12.19901, 15.75],
			"to": [6.05159, 12.44901, 16],
			"rotation": {"angle": -22.5, "axis": "z", "origin": [8, 8, 8]},
			"faces": {
				"north": {"uv": [6.5, 7.25, 7.5, 8.25], "texture": "#texture"},
				"south": {"uv": [6.5, 7.25, 7.5, 8.25], "texture": "#texture"},
				"up": {"uv": [6.5, 7.25, 7.5, 8.25], "rotation": 90, "texture": "#texture"}
			}
		},
		{
			"name": "iron_sight",
			"from": [7.80679, 12.625, 15.75],
			"to": [8.19321, 12.875, 16],
			"rotation": {"angle": 0, "axis": "x", "origin": [8, 8, 8]},
			"faces": {
				"north": {"uv": [6.5, 7.25, 7.5, 8.25], "texture": "#texture"},
				"south": {"uv": [6.5, 7.25, 7.5, 8.25], "texture": "#texture"},
				"up": {"uv": [6.5, 7.25, 7.5, 8.25], "rotation": 90, "texture": "#texture"}
			}
		},
		{
			"name": "iron_sight",
			"from": [9.94841, 12.19901, 15.75],
			"to": [10.14732, 12.44901, 16],
			"rotation": {"angle": 22.5, "axis": "z", "origin": [8, 8, 8]},
			"faces": {
				"north": {"uv": [6.5, 7.25, 7.5, 8.25], "texture": "#texture"},
				"south": {"uv": [6.5, 7.25, 7.5, 8.25], "texture": "#texture"},
				"up": {"uv": [6.5, 7.25, 7.5, 8.25], "rotation": 90, "texture": "#texture"}
			}
		}
	],
	"gui_light": "front",
	"display": {
		"thirdperson_righthand": {
			"rotation": [10, 2, 2],
			"translation": [0, 0, -0.75],
			"scale": [0.45, 0.45, 0.45]
		},
		"thirdperson_lefthand": {
			"rotation": [10, 2, 2],
			"translation": [0, 0, -0.75],
			"scale": [0.45, 0.45, 0.45]
		},
		"firstperson_righthand": {
			"rotation": [5, 1, 1],
			"translation": [-2.75, 3.25, -1],
			"scale": [0.45, 0.45, 0.45]
		},
		"firstperson_lefthand": {
			"rotation": [5, 1, 1],
			"translation": [-2.75, 3.25, -1],
			"scale": [0.45, 0.45, 0.45]
		},
		"ground": {
			"rotation": [0, 0, 90],
			"translation": [0.5, 0.75, 0],
			"scale": [0.35, 0.35, 0.35]
		},
		"gui": {
			"rotation": [90, 60, -90],
			"translation": [-0.25, 1.25, 0],
			"scale": [0.75, 0.65, 0.7]
		},
		"head": {
			"rotation": [-90, -45.5, -90],
			"translation": [6, -25, 3.75],
			"scale": [0.6, 0.55, 0.6]
		},
		"fixed": {
			"rotation": [0, -90, 0],
			"translation": [0.5, 0, -0.75],
			"scale": [0.65, 0.65, 0.65]
		}
	},
	"groups": [
		0,
		1,
		2,
		3,
		4,
		5,
		6,
		7,
		8,
		9,
		10,
		11,
		12,
		13,
		14,
		15,
		16,
		17,
		18,
		19,
		20,
		21,
		22,
		23,
		24,
		25,
		26,
		27,
		28,
		29,
		30,
		31,
		32,
		33,
		34,
		35,
		36,
		37,
		38,
		39,
		40,
		41,
		42,
		43,
		44,
		45,
		46,
		47,
		48,
		49,
		50,
		51,
		52,
		53,
		54,
		55,
		56,
		57,
		58,
		59,
		60,
		61,
		62,
		63,
		64,
		65,
		66,
		67,
		68,
		69,
		70,
		71,
		72,
		73,
		74,
		75,
		76,
		77,
		78,
		79,
		80,
		81,
		82,
		83,
		84,
		85,
		{
			"name": "barrel",
			"origin": [8, 8, 8],
			"color": 0,
			"children": [86, 87, 88, 89, 90, 91, 92, 93, 94, 95, 96, 97, 98, 99, 100, 101]
		},
		{
			"name": "slider",
			"origin": [8, 8, 8],
			"color": 0,
			"children": [
				102,
				103,
				104,
				105,
				106,
				107,
				108,
				109,
				110,
				111,
				112,
				113,
				114,
				115,
				116,
				117,
				118,
				119,
				120,
				121,
				122,
				123,
				124,
				125,
				126,
				127,
				128,
				129,
				130,
				131,
				132,
				133,
				134,
				135,
				136,
				137,
				138,
				139,
				140,
				141,
				142,
				143,
				144,
				145,
				146,
				147,
				148,
				149,
				150,
				151,
				152,
				153,
				154,
				155,
				156,
				157,
				158,
				159,
				160,
				161,
				162,
				163,
				164,
				165,
				166,
				167,
				168,
				169,
				170,
				171,
				{
					"name": "iron_sight",
					"origin": [8, 8, 8],
					"color": 0,
					"children": [172, 173, 174, 175, 176, 177, 178, 179, 180, 181, 182, 183, 184, 185, 186, 187, 188, 189, 190, 191, 192, 193, 194, 195, 196, 197, 198, 199, 200, 201, 202, 203, 204]
				}
			]
		}
	]
}