{
	"credit": "Made with Blockbench",
	"textures": {
		"0": "custom/black-metal",
		"1": "custom/brushed-metal",
		"particle": "custom/black-metal"
	},
	"elements": [
		{
			"from": [7.11522, 5.17074, 0],
			"to": [7.41522, 5.42074, 6],
			"rotation": {"angle": 22.5, "axis": "z", "origin": [8.11522, 4.92074, 5.5]},
			"faces": {
				"north": {"uv": [0, 0, 0.3, 0.25], "texture": "#1"},
				"east": {"uv": [0, 0, 6, 0.25], "texture": "#1"},
				"south": {"uv": [0, 0, 6, 0.25], "texture": "#1"},
				"west": {"uv": [0, 0, 6, 0.25], "texture": "#1"},
				"up": {"uv": [9, 0, 9.3, 6], "texture": "#1"},
				"down": {"uv": [0, 0, 6, 0.25], "texture": "#1"}
			}
		},
		{
			"from": [8.58478, 5.17074, 0],
			"to": [8.88478, 5.42074, 6],
			"rotation": {"angle": -22.5, "axis": "z", "origin": [7.88478, 4.92074, 5.5]},
			"faces": {
				"north": {"uv": [0, 0, 0.3, 0.25], "texture": "#1"},
				"east": {"uv": [0, 0, 6, 0.25], "texture": "#1"},
				"south": {"uv": [0, 0, 6, 0.25], "texture": "#1"},
				"west": {"uv": [0, 0, 6, 0.25], "texture": "#1"},
				"up": {"uv": [10, 0, 10.3, 6], "texture": "#1"},
				"down": {"uv": [0, 0, 6, 0.25], "texture": "#1"}
			}
		},
		{
			"from": [8.45837, 5.69922, 0],
			"to": [8.70837, 5.94922, 4.6],
			"rotation": {"angle": -45, "axis": "z", "origin": [7.70837, 5.44922, 5.5]},
			"faces": {
				"north": {"uv": [0, 0, 0.25, 0.25], "texture": "#1"},
				"east": {"uv": [0, 0, 4.6, 0.25], "texture": "#1"},
				"south": {"uv": [0, 0, 4.6, 0.25], "texture": "#1"},
				"west": {"uv": [0, 0, 4.6, 0.25], "texture": "#1"},
				"up": {"uv": [9, 0, 9.25, 4.6], "texture": "#1"},
				"down": {"uv": [0, 0, 4.6, 0.25], "texture": "#1"}
			}
		},
		{
			"from": [7.74763, 4.75499, 0],
			"to": [8.24763, 5.50499, 4.6],
			"rotation": {"angle": 22.5, "axis": "z", "origin": [7.74763, 6.00499, 5.5]},
			"faces": {
				"north": {"uv": [0, 0, 0.5, 0.75], "texture": "#1", "rotation": 90},
				"east": {"uv": [7, 2, 11.6, 2.75], "texture": "#1", "rotation": 90},
				"south": {"uv": [0, 0, 4.6, 0.75], "texture": "#1", "rotation": 90},
				"west": {"uv": [0, 0, 4.6, 0.75], "texture": "#1", "rotation": 90},
				"up": {"uv": [0, 0, 4.6, 0.75], "texture": "#1", "rotation": 90},
				"down": {"uv": [0, 0, 4.6, 0.75], "texture": "#1", "rotation": 90}
			}
		},
		{
			"from": [7.29163, 5.69922, 0],
			"to": [7.54163, 5.94922, 4.6],
			"rotation": {"angle": 45, "axis": "z", "origin": [8.29163, 5.44922, 5.5]},
			"faces": {
				"north": {"uv": [0, 0, 0.25, 0.25], "texture": "#1"},
				"east": {"uv": [0, 0, 4.6, 0.25], "texture": "#1"},
				"south": {"uv": [0, 0, 4.6, 0.25], "texture": "#1"},
				"west": {"uv": [0, 0, 4.6, 0.25], "texture": "#1"},
				"up": {"uv": [8, 0, 8.25, 4.6], "texture": "#1"},
				"down": {"uv": [0, 0, 4.6, 0.25], "texture": "#1"}
			}
		},
		{
			"from": [7.75237, 4.75499, 0],
			"to": [8.25237, 5.50499, 4.6],
			"rotation": {"angle": -22.5, "axis": "z", "origin": [8.25237, 6.00499, 5.5]},
			"faces": {
				"north": {"uv": [0, 0, 0.5, 0.75], "texture": "#1", "rotation": 270},
				"east": {"uv": [0, 0, 4.6, 0.75], "texture": "#1", "rotation": 270},
				"south": {"uv": [0, 0, 4.6, 0.75], "texture": "#1", "rotation": 270},
				"west": {"uv": [7, 0, 11.6, 0.75], "texture": "#1", "rotation": 270},
				"up": {"uv": [0, 0, 4.6, 0.75], "texture": "#1", "rotation": 270},
				"down": {"uv": [0, 0, 4.6, 0.75], "texture": "#1", "rotation": 270}
			}
		},
		{
			"from": [7.4, 5.6, 0],
			"to": [8.6, 5.75, 4.6],
			"faces": {
				"north": {"uv": [0, 0, 1.2, 0.15], "texture": "#1"},
				"east": {"uv": [0, 0, 4.6, 0.15], "texture": "#1"},
				"south": {"uv": [0, 0, 4.6, 0.15], "texture": "#1"},
				"west": {"uv": [6, 0, 10.6, 1.15], "texture": "#1"},
				"up": {"uv": [0, 0, 4.6, 0.15], "texture": "#1"},
				"down": {"uv": [0, 0, 4.6, 0.15], "texture": "#1"}
			}
		},
		{
			"from": [7.38303, 5.83532, 0],
			"to": [7.68303, 5.98532, 4.6],
			"rotation": {"angle": 22.5, "axis": "z", "origin": [7.98303, 5.91032, 5.5]},
			"faces": {
				"north": {"uv": [0, 0, 0.3, 0.15], "texture": "#1"},
				"east": {"uv": [0, 0, 4.6, 0.15], "texture": "#1"},
				"south": {"uv": [0, 0, 4.6, 0.15], "texture": "#1"},
				"west": {"uv": [0, 0, 4.6, 0.15], "texture": "#1"},
				"up": {"uv": [7, 0, 7.3, 4.6], "texture": "#1"},
				"down": {"uv": [0, 0, 4.6, 0.15], "texture": "#1"}
			}
		},
		{
			"from": [8.31697, 5.83532, 0],
			"to": [8.61697, 5.98532, 4.6],
			"rotation": {"angle": -22.5, "axis": "z", "origin": [8.01697, 5.91032, 5.5]},
			"faces": {
				"north": {"uv": [0, 0, 0.3, 0.15], "texture": "#1"},
				"east": {"uv": [0, 0, 4.6, 0.15], "texture": "#1"},
				"south": {"uv": [0, 0, 4.6, 0.15], "texture": "#1"},
				"west": {"uv": [0, 0, 4.6, 0.15], "texture": "#1"},
				"up": {"uv": [8, 0, 8.3, 4.6], "texture": "#1"},
				"down": {"uv": [0, 0, 4.6, 0.15], "texture": "#1"}
			}
		},
		{
			"from": [7.67716, 5.71481, 0],
			"to": [8.31716, 5.86481, 4.6],
			"faces": {
				"north": {"uv": [0, 0, 0.64, 0.15], "texture": "#1"},
				"east": {"uv": [0, 0, 4.6, 0.15], "texture": "#1"},
				"south": {"uv": [0, 0, 4.6, 0.15], "texture": "#1"},
				"west": {"uv": [0, 0, 4.6, 0.15], "texture": "#1"},
				"up": {"uv": [8, 0, 8.63984, 4.6], "texture": "#1"},
				"down": {"uv": [0, 0, 4.6, 0.15], "texture": "#1"}
			}
		},
		{
			"from": [7, 4, 0],
			"to": [9, 5, 6],
			"faces": {
				"north": {"uv": [0, 0, 2, 1], "texture": "#1"},
				"east": {"uv": [0, 0, 6, 1], "texture": "#1"},
				"south": {"uv": [0, 0, 6, 1], "texture": "#1"},
				"west": {"uv": [0, 0, 6, 1], "texture": "#1"},
				"up": {"uv": [0, 0, 6, 1], "texture": "#1"},
				"down": {"uv": [0, 0, 6, 1], "texture": "#1"}
			}
		},
		{
			"name": "octagon",
			"from": [7.84467, 4.85, -0.0875],
			"to": [8.15533, 5.6, 0],
			"rotation": {"angle": 45, "axis": "z", "origin": [8, 5.225, -0.275]},
			"faces": {
				"north": {"uv": [0, 0, 0.75, 0.31066], "texture": "#0", "rotation": 90},
				"east": {"uv": [0, 0, 0.75, 0.0875], "texture": "#0", "rotation": 90},
				"south": {"uv": [0, 0, 0.75, 0.31066], "texture": "#0", "rotation": 90},
				"west": {"uv": [0, 0, 0.75, 0.0875], "texture": "#0", "rotation": 90},
				"up": {"uv": [0, 0, 0.0875, 0.31066], "texture": "#0", "rotation": 90},
				"down": {"uv": [0, 0, 0.0875, 0.31066], "texture": "#0", "rotation": 90}
			}
		},
		{
			"name": "octagon",
			"from": [7.84467, 4.85, -0.0875],
			"to": [8.15533, 5.6, 0],
			"rotation": {"angle": 0, "axis": "z", "origin": [8, 5.225, -0.275]},
			"faces": {
				"north": {"uv": [0, 0, 0.75, 0.31066], "texture": "#0", "rotation": 90},
				"east": {"uv": [0, 0, 0.75, 0.0875], "texture": "#0", "rotation": 90},
				"south": {"uv": [0, 0, 0.75, 0.31066], "texture": "#0", "rotation": 90},
				"west": {"uv": [0, 0, 0.75, 0.0875], "texture": "#0", "rotation": 90},
				"up": {"uv": [0, 0, 0.0875, 0.31066], "texture": "#0", "rotation": 90},
				"down": {"uv": [0, 0, 0.0875, 0.31066], "texture": "#0", "rotation": 90}
			}
		},
		{
			"name": "octagon",
			"from": [7.625, 5.06967, -0.0875],
			"to": [8.375, 5.38033, 0],
			"rotation": {"angle": 45, "axis": "z", "origin": [8, 5.225, -0.275]},
			"faces": {
				"north": {"uv": [0, 0, 0.31066, 0.75], "texture": "#0", "rotation": 90},
				"east": {"uv": [0, 0, 0.31066, 0.0875], "texture": "#0", "rotation": 90},
				"south": {"uv": [0, 0, 0.31066, 0.75], "texture": "#0", "rotation": 90},
				"west": {"uv": [0, 0, 0.31066, 0.0875], "texture": "#0", "rotation": 90},
				"up": {"uv": [0, 0, 0.0875, 0.75], "texture": "#0", "rotation": 90},
				"down": {"uv": [0, 0, 0.0875, 0.75], "texture": "#0", "rotation": 90}
			}
		},
		{
			"name": "octagon",
			"from": [7.625, 5.06967, -0.0875],
			"to": [8.375, 5.38033, 0],
			"rotation": {"angle": 0, "axis": "z", "origin": [8, 5.225, -0.275]},
			"faces": {
				"north": {"uv": [0, 0, 0.31066, 0.75], "texture": "#0", "rotation": 90},
				"east": {"uv": [0, 0, 0.31066, 0.0875], "texture": "#0", "rotation": 90},
				"south": {"uv": [0, 0, 0.31066, 0.75], "texture": "#0", "rotation": 90},
				"west": {"uv": [0, 0, 0.31066, 0.0875], "texture": "#0", "rotation": 90},
				"up": {"uv": [0, 0, 0.0875, 0.75], "texture": "#0", "rotation": 90},
				"down": {"uv": [0, 0, 0.0875, 0.75], "texture": "#0", "rotation": 90}
			}
		},
		{
			"from": [7.71746, 4.82831, 4.6],
			"to": [8.21746, 5.47831, 6],
			"rotation": {"angle": -22.5, "axis": "z", "origin": [8.21746, 6.07831, 6.5]},
			"faces": {
				"north": {"uv": [11, 1, 12.4, 2], "texture": "#1", "rotation": 270},
				"east": {"uv": [0, 0, 1.4, 0.65], "texture": "#1", "rotation": 270},
				"south": {"uv": [0, 0, 1.4, 0.65], "texture": "#1", "rotation": 270},
				"west": {"uv": [8, 0, 9.4, 0.65], "texture": "#1", "rotation": 270},
				"up": {"uv": [0, 0, 1.4, 0.65], "texture": "#1", "rotation": 270},
				"down": {"uv": [0, 0, 1.4, 0.65], "texture": "#1", "rotation": 270}
			}
		},
		{
			"from": [7.78254, 4.82831, 4.6],
			"to": [8.28254, 5.47831, 6],
			"rotation": {"angle": 22.5, "axis": "z", "origin": [7.78254, 6.07831, 6.5]},
			"faces": {
				"north": {"uv": [6, 0, 7.4, 0.65], "texture": "#1", "rotation": 90},
				"east": {"uv": [7, 0, 8.4, 0.65], "texture": "#1", "rotation": 90},
				"south": {"uv": [0, 0, 1.4, 0.65], "texture": "#1", "rotation": 90},
				"west": {"uv": [0, 0, 1.4, 0.65], "texture": "#1", "rotation": 90},
				"up": {"uv": [0, 0, 1.4, 0.65], "texture": "#1", "rotation": 90},
				"down": {"uv": [0, 0, 1.4, 0.65], "texture": "#1", "rotation": 90}
			}
		},
		{
			"from": [7.5, 5.6, 4.6],
			"to": [8.5, 5.75, 6],
			"faces": {
				"north": {"uv": [0, 0, 1.4, 0.15], "texture": "#1"},
				"east": {"uv": [4, 0, 5.4, 1.15], "texture": "#1"},
				"south": {"uv": [0, 0, 1.4, 0.15], "texture": "#1"},
				"west": {"uv": [0, 0, 1.4, 0.15], "texture": "#1"},
				"up": {"uv": [0, 0, 1.4, 0.15], "texture": "#1"},
				"down": {"uv": [0, 0, 1.4, 0.15], "texture": "#1"}
			}
		},
		{
			"from": [8.21697, 5.83532, 4.6],
			"to": [8.51697, 5.98532, 6],
			"rotation": {"angle": -22.5, "axis": "z", "origin": [7.91697, 5.91032, 9.5]},
			"faces": {
				"north": {"uv": [0, 0, 1.4, 0.15], "texture": "#1"},
				"east": {"uv": [0, 0, 1.4, 0.15], "texture": "#1"},
				"south": {"uv": [0, 0, 1.4, 0.15], "texture": "#1"},
				"west": {"uv": [0, 0, 1.4, 0.15], "texture": "#1"},
				"up": {"uv": [9, 1, 10.3, 2.4], "texture": "#1"},
				"down": {"uv": [0, 0, 1.4, 0.15], "texture": "#1"}
			}
		},
		{
			"from": [7.48303, 5.83532, 4.6],
			"to": [7.78303, 5.98532, 6],
			"rotation": {"angle": 22.5, "axis": "z", "origin": [8.08303, 5.91032, 9.5]},
			"faces": {
				"north": {"uv": [0, 0, 1.4, 0.15], "texture": "#1"},
				"east": {"uv": [0, 0, 1.4, 0.15], "texture": "#1"},
				"south": {"uv": [0, 0, 1.4, 0.15], "texture": "#1"},
				"west": {"uv": [0, 0, 1.4, 0.15], "texture": "#1"},
				"up": {"uv": [7, 0, 7.3, 1.4], "texture": "#1"},
				"down": {"uv": [0, 0, 1.4, 0.15], "texture": "#1"}
			}
		},
		{
			"from": [7.77716, 5.71481, 4.6],
			"to": [8.21716, 5.86481, 6],
			"faces": {
				"north": {"uv": [0, 0, 1.4, 0.15], "texture": "#1"},
				"east": {"uv": [0, 0, 1.4, 0.15], "texture": "#1"},
				"south": {"uv": [0, 0, 1.4, 0.15], "texture": "#1"},
				"west": {"uv": [0, 0, 1.4, 0.15], "texture": "#1"},
				"up": {"uv": [9, 0, 10.4, 1.15], "texture": "#1"},
				"down": {"uv": [0, 0, 1.4, 0.15], "texture": "#1"}
			}
		},
		{
			"from": [8.486, 5.16765, 6],
			"to": [8.986, 5.86765, 7.3],
			"rotation": {"angle": 22.5, "axis": "z", "origin": [8.736, 4.99264, 6.5]},
			"faces": {
				"north": {"uv": [0, 0, 1.3, 0.7], "texture": "#1", "rotation": 90},
				"east": {"uv": [5, 0, 6.3, 0.7], "texture": "#1", "rotation": 90},
				"south": {"uv": [0, 0, 1.3, 0.7], "texture": "#1", "rotation": 90},
				"west": {"uv": [0, 0, 1.3, 0.7], "texture": "#1", "rotation": 90},
				"up": {"uv": [0, 0, 1.3, 0.7], "texture": "#1", "rotation": 90},
				"down": {"uv": [0, 0, 1.3, 0.7], "texture": "#1", "rotation": 90}
			}
		},
		{
			"from": [7.34896, 5.00157, 6],
			"to": [7.84896, 5.70157, 7.3],
			"rotation": {"angle": -22.5, "axis": "z", "origin": [7.84896, 5.75158, 7.5]},
			"faces": {
				"north": {"uv": [0, 0, 1.3, 0.7], "texture": "#1", "rotation": 270},
				"east": {"uv": [0, 0, 1.3, 0.7], "texture": "#1", "rotation": 270},
				"south": {"uv": [0, 0, 1.3, 0.7], "texture": "#1", "rotation": 270},
				"west": {"uv": [6, 0, 7.3, 0.7], "texture": "#1", "rotation": 270},
				"up": {"uv": [0, 0, 1.3, 0.7], "texture": "#1", "rotation": 270},
				"down": {"uv": [0, 0, 1.3, 0.7], "texture": "#1", "rotation": 270}
			}
		},
		{
			"from": [7.36788, 5.74672, 6],
			"to": [8.62788, 5.89672, 7.3],
			"faces": {
				"north": {"uv": [0, 0, 1.3, 0.15], "texture": "#1"},
				"east": {"uv": [0, 0, 1.3, 0.15], "texture": "#1"},
				"south": {"uv": [0, 0, 1.3, 0.15], "texture": "#1"},
				"west": {"uv": [0, 0, 1.3, 0.15], "texture": "#1"},
				"up": {"uv": [4, 2, 5.25938, 3.3], "texture": "#1"},
				"down": {"uv": [0, 0, 1.3, 0.15], "texture": "#1"}
			}
		},
		{
			"from": [7.1, 5.25, 7.3],
			"to": [8.9, 6, 9.5],
			"faces": {
				"north": {"uv": [0, 8, 2.2, 8.75], "texture": "#1"},
				"east": {"uv": [0, 8, 2.2, 8.75], "texture": "#1"},
				"south": {"uv": [0, 8, 2.2, 8.75], "texture": "#1"},
				"west": {"uv": [0, 8, 2.2, 8.75], "texture": "#1"},
				"up": {"uv": [0, 8, 2.2, 8.75], "texture": "#1"},
				"down": {"uv": [0, 8, 2.2, 8.75], "texture": "#1"}
			}
		},
		{
			"from": [7, 3.58045, 9.40171],
			"to": [9, 5.98045, 9.90171],
			"rotation": {"angle": -22.5, "axis": "x", "origin": [8, 4.98045, 9.65171]},
			"faces": {
				"north": {"uv": [0, 0, 0.5, 2.4], "texture": "#1"},
				"east": {"uv": [0, 0, 0.5, 2.4], "texture": "#1"},
				"south": {"uv": [3, 3, 5, 5.4], "texture": "#1"},
				"west": {"uv": [0, 0, 0.5, 2.4], "texture": "#1"},
				"up": {"uv": [0, 0, 0.5, 2.4], "texture": "#1"},
				"down": {"uv": [0, 0, 0.5, 2.4], "texture": "#1"}
			}
		},
		{
			"from": [7.1, 4, 6],
			"to": [8.9, 5.25, 9.75],
			"faces": {
				"north": {"uv": [0, 10, 3.75, 11.25], "texture": "#1"},
				"east": {"uv": [0, 10, 3.75, 11.25], "texture": "#1"},
				"south": {"uv": [0, 10, 3.75, 11.25], "texture": "#1"},
				"west": {"uv": [0, 10, 3.75, 11.25], "texture": "#1"},
				"up": {"uv": [0, 10, 3.75, 11.25], "texture": "#1"},
				"down": {"uv": [0, 10, 3.75, 11.25], "texture": "#1"}
			}
		},
		{
			"from": [7.35, 3.9, 7.25],
			"to": [8.65, 4.55, 8.55],
			"rotation": {"angle": 45, "axis": "y", "origin": [8, 4.375, 7.9]},
			"faces": {
				"north": {"uv": [0, 0, 1.3, 0.65], "texture": "#1"},
				"east": {"uv": [0, 0, 1.3, 0.65], "texture": "#1"},
				"south": {"uv": [0, 0, 1.3, 0.65], "texture": "#1"},
				"west": {"uv": [0, 0, 1.3, 0.65], "texture": "#1"},
				"up": {"uv": [0, 0, 1.3, 0.65], "texture": "#1"},
				"down": {"uv": [0, 0, 1.3, 0.65], "texture": "#1"}
			}
		},
		{
			"from": [7.35, 3.9, 7],
			"to": [8.65, 5.75, 8.3],
			"rotation": {"angle": 45, "axis": "y", "origin": [8, 4.375, 7.65]},
			"faces": {
				"north": {"uv": [0, 0, 1.3, 1.85], "texture": "#1"},
				"east": {"uv": [0, 0, 1.3, 1.85], "texture": "#1"},
				"south": {"uv": [0, 0, 1.3, 1.85], "texture": "#1"},
				"west": {"uv": [0, 0, 1.3, 1.85], "texture": "#1"},
				"up": {"uv": [0, 0, 1.3, 1.85], "texture": "#1"},
				"down": {"uv": [0, 0, 1.3, 1.85], "texture": "#1"}
			}
		},
		{
			"from": [7.35, 3.9, 6.75],
			"to": [8.65, 5.25, 8.05],
			"rotation": {"angle": 45, "axis": "y", "origin": [8, 4.375, 7.4]},
			"faces": {
				"north": {"uv": [0, 0, 1.3, 1.35], "texture": "#1"},
				"east": {"uv": [0, 0, 1.3, 1.35], "texture": "#1"},
				"south": {"uv": [0, 0, 1.3, 1.35], "texture": "#1"},
				"west": {"uv": [0, 0, 1.3, 1.35], "texture": "#1"},
				"up": {"uv": [0, 0, 1.3, 1.35], "texture": "#1"},
				"down": {"uv": [0, 0, 1.3, 1.35], "texture": "#1"}
			}
		},
		{
			"from": [7.35, 3.9, 6.5],
			"to": [8.65, 5.25, 7.8],
			"rotation": {"angle": 45, "axis": "y", "origin": [8, 4.375, 7.15]},
			"faces": {
				"north": {"uv": [0, 0, 1.3, 1.35], "texture": "#1"},
				"east": {"uv": [0, 0, 1.3, 1.35], "texture": "#1"},
				"south": {"uv": [0, 0, 1.3, 1.35], "texture": "#1"},
				"west": {"uv": [0, 0, 1.3, 1.35], "texture": "#1"},
				"up": {"uv": [0, 0, 1.3, 1.35], "texture": "#1"},
				"down": {"uv": [0, 0, 1.3, 1.35], "texture": "#1"}
			}
		},
		{
			"from": [7.35, 3.9, 6.25],
			"to": [8.65, 5.25, 7.55],
			"rotation": {"angle": 45, "axis": "y", "origin": [8, 4.375, 6.9]},
			"faces": {
				"north": {"uv": [0, 0, 1.3, 1.35], "texture": "#1"},
				"east": {"uv": [0, 0, 1.3, 1.35], "texture": "#1"},
				"south": {"uv": [0, 0, 1.3, 1.35], "texture": "#1"},
				"west": {"uv": [0, 0, 1.3, 1.35], "texture": "#1"},
				"up": {"uv": [0, 0, 1.3, 1.35], "texture": "#1"},
				"down": {"uv": [0, 0, 1.3, 1.35], "texture": "#1"}
			}
		},
		{
			"from": [7.35, 3.9, 6],
			"to": [8.65, 5.25, 7.3],
			"rotation": {"angle": 45, "axis": "y", "origin": [8, 4.375, 6.65]},
			"faces": {
				"north": {"uv": [0, 0, 1.3, 1.35], "texture": "#1"},
				"east": {"uv": [0, 0, 1.3, 1.35], "texture": "#1"},
				"south": {"uv": [0, 0, 1.3, 1.35], "texture": "#1"},
				"west": {"uv": [0, 0, 1.3, 1.35], "texture": "#1"},
				"up": {"uv": [0, 0, 1.3, 1.35], "texture": "#1"},
				"down": {"uv": [0, 0, 1.3, 1.35], "texture": "#1"}
			}
		},
		{
			"from": [7.35, 3.9, 5.5],
			"to": [8.65, 5.25, 6.8],
			"rotation": {"angle": 45, "axis": "y", "origin": [8, 4.375, 6.15]},
			"faces": {
				"north": {"uv": [0, 0, 1.3, 1.35], "texture": "#1"},
				"east": {"uv": [0, 0, 1.3, 1.35], "texture": "#1"},
				"south": {"uv": [0, 0, 1.3, 1.35], "texture": "#1"},
				"west": {"uv": [0, 0, 1.3, 1.35], "texture": "#1"},
				"up": {"uv": [0, 0, 1.3, 1.35], "texture": "#1"},
				"down": {"uv": [0, 0, 1.3, 1.35], "texture": "#1"}
			}
		},
		{
			"from": [7.35, 3.9, 5.75],
			"to": [8.65, 5.25, 7.05],
			"rotation": {"angle": 45, "axis": "y", "origin": [8, 4.375, 6.4]},
			"faces": {
				"north": {"uv": [0, 0, 1.3, 1.35], "texture": "#1"},
				"east": {"uv": [0, 0, 1.3, 1.35], "texture": "#1"},
				"south": {"uv": [0, 0, 1.3, 1.35], "texture": "#1"},
				"west": {"uv": [0, 0, 1.3, 1.35], "texture": "#1"},
				"up": {"uv": [0, 0, 1.3, 1.35], "texture": "#1"},
				"down": {"uv": [0, 0, 1.3, 1.35], "texture": "#1"}
			}
		},
		{
			"from": [7.35, 3.9, 7.5],
			"to": [8.65, 4.55, 8.8],
			"rotation": {"angle": 45, "axis": "y", "origin": [8, 4.375, 8.15]},
			"faces": {
				"north": {"uv": [0, 0, 1.3, 0.65], "texture": "#1"},
				"east": {"uv": [0, 0, 1.3, 0.65], "texture": "#1"},
				"south": {"uv": [0, 0, 1.3, 0.65], "texture": "#1"},
				"west": {"uv": [0, 0, 1.3, 0.65], "texture": "#1"},
				"up": {"uv": [0, 0, 1.3, 0.65], "texture": "#1"},
				"down": {"uv": [0, 0, 1.3, 0.65], "texture": "#1"}
			}
		},
		{
			"from": [7.35, 3.9, 7.75],
			"to": [8.65, 4.65, 9.05],
			"rotation": {"angle": 45, "axis": "y", "origin": [8, 4.375, 8.4]},
			"faces": {
				"north": {"uv": [0, 0, 1.3, 0.75], "texture": "#1"},
				"east": {"uv": [0, 0, 1.3, 0.75], "texture": "#1"},
				"south": {"uv": [0, 0, 1.3, 0.75], "texture": "#1"},
				"west": {"uv": [0, 0, 1.3, 0.75], "texture": "#1"},
				"up": {"uv": [0, 0, 1.3, 0.75], "texture": "#1"},
				"down": {"uv": [0, 0, 1.3, 0.75], "texture": "#1"}
			}
		},
		{
			"from": [7.35, 3.9, 8],
			"to": [8.65, 4.75, 9.3],
			"rotation": {"angle": 45, "axis": "y", "origin": [8, 4.375, 8.65]},
			"faces": {
				"north": {"uv": [0, 0, 1.3, 0.85], "texture": "#1"},
				"east": {"uv": [0, 0, 1.3, 0.85], "texture": "#1"},
				"south": {"uv": [0, 0, 1.3, 0.85], "texture": "#1"},
				"west": {"uv": [0, 0, 1.3, 0.85], "texture": "#1"},
				"up": {"uv": [0, 0, 1.3, 0.85], "texture": "#1"},
				"down": {"uv": [0, 0, 1.3, 0.85], "texture": "#1"}
			}
		},
		{
			"from": [7.35, 3.9, 8.25],
			"to": [8.65, 4.85, 9.55],
			"rotation": {"angle": 45, "axis": "y", "origin": [8, 4.375, 8.9]},
			"faces": {
				"north": {"uv": [0, 0, 1.3, 0.95], "texture": "#1"},
				"east": {"uv": [0, 0, 1.3, 0.95], "texture": "#1"},
				"south": {"uv": [0, 0, 1.3, 0.95], "texture": "#1"},
				"west": {"uv": [0, 0, 1.3, 0.95], "texture": "#1"},
				"up": {"uv": [0, 0, 1.3, 0.95], "texture": "#1"},
				"down": {"uv": [0, 0, 1.3, 0.95], "texture": "#1"}
			}
		},
		{
			"from": [7.35, 3.9, 8.5],
			"to": [8.65, 4.95, 9.8],
			"rotation": {"angle": 45, "axis": "y", "origin": [8, 4.375, 9.15]},
			"faces": {
				"north": {"uv": [0, 0, 1.3, 1.05], "texture": "#1"},
				"east": {"uv": [0, 0, 1.3, 1.05], "texture": "#1"},
				"south": {"uv": [0, 0, 1.3, 1.05], "texture": "#1"},
				"west": {"uv": [0, 0, 1.3, 1.05], "texture": "#1"},
				"up": {"uv": [0, 0, 1.3, 1.05], "texture": "#1"},
				"down": {"uv": [0, 0, 1.3, 1.05], "texture": "#1"}
			}
		},
		{
			"from": [7.1, 4.81817, 5.0859],
			"to": [8.9, 5.06817, 6.0859],
			"rotation": {"angle": -22.5, "axis": "x", "origin": [8.1, 4.94317, 5.5859]},
			"faces": {
				"north": {"uv": [0, 0, 1, 0.25], "texture": "#1"},
				"east": {"uv": [0, 0, 1, 0.25], "texture": "#1"},
				"south": {"uv": [0, 0, 1, 0.25], "texture": "#1"},
				"west": {"uv": [0, 0, 1, 0.25], "texture": "#1"},
				"up": {"uv": [0, 0, 1, 0.25], "texture": "#1"},
				"down": {"uv": [0, 0, 1, 0.25], "texture": "#1"}
			}
		},
		{
			"from": [6.9, 4.85, 8],
			"to": [9.1, 5.7, 9.2],
			"rotation": {"angle": -22.5, "axis": "x", "origin": [8, 5.325, 8.55]},
			"faces": {
				"north": {"uv": [0, 0, 1.2, 0.85], "texture": "#0"},
				"east": {"uv": [0, 0, 1.2, 0.85], "texture": "#0"},
				"south": {"uv": [0, 0, 1.2, 0.85], "texture": "#0"},
				"west": {"uv": [0, 0, 1.2, 0.85], "texture": "#0"},
				"up": {"uv": [0, 0, 1.2, 0.85], "texture": "#0"},
				"down": {"uv": [0, 0, 1.2, 0.85], "texture": "#0"}
			}
		},
		{
			"from": [6.9, 4.67568, 7.89836],
			"to": [9.1, 5.46098, 8.22364],
			"rotation": {"angle": 0, "axis": "x", "origin": [8, 5.15068, 8.57364]},
			"faces": {
				"north": {"uv": [0, 0, 0.32528, 0.7853], "texture": "#0"},
				"east": {"uv": [0, 0, 0.32528, 0.7853], "texture": "#0"},
				"south": {"uv": [0, 0, 0.32528, 0.7853], "texture": "#0"},
				"west": {"uv": [0, 0, 0.32528, 0.7853], "texture": "#0"},
				"up": {"uv": [0, 0, 0.32528, 0.7853], "texture": "#0"},
				"down": {"uv": [0, 0, 0.32528, 0.7853], "texture": "#0"}
			}
		},
		{
			"from": [6.9, 5.1349, 9.00702],
			"to": [9.1, 5.9202, 9.3323],
			"rotation": {"angle": 0, "axis": "x", "origin": [8, 5.6099, 8.4823]},
			"faces": {
				"north": {"uv": [0, 0, 0.32528, 0.7853], "texture": "#0"},
				"east": {"uv": [0, 0, 0.32528, 0.7853], "texture": "#0"},
				"south": {"uv": [0, 0, 0.32528, 0.7853], "texture": "#0"},
				"west": {"uv": [0, 0, 0.32528, 0.7853], "texture": "#0"},
				"up": {"uv": [0, 0, 0.32528, 0.7853], "texture": "#0"},
				"down": {"uv": [0, 0, 0.32528, 0.7853], "texture": "#0"}
			}
		},
		{
			"from": [7, 3.9609, 9.27815],
			"to": [9, 5.1462, 9.80343],
			"rotation": {"angle": 0, "axis": "x", "origin": [8, 4.4359, 8.95343]},
			"faces": {
				"north": {"uv": [0, 0, 0.52528, 1.1853], "texture": "#1"},
				"east": {"uv": [0, 0, 0.52528, 1.1853], "texture": "#1"},
				"south": {"uv": [0, 0, 0.52528, 1.1853], "texture": "#1"},
				"west": {"uv": [0, 0, 0.52528, 1.1853], "texture": "#1"},
				"up": {"uv": [0, 0, 0.52528, 1.1853], "texture": "#1"},
				"down": {"uv": [0, 0, 0.52528, 1.1853], "texture": "#1"}
			}
		},
		{
			"from": [7.85, 4.5, 9.8],
			"to": [8.15, 5, 10.95],
			"rotation": {"angle": -22.5, "axis": "x", "origin": [8, 4.75, 10.275]},
			"faces": {
				"north": {"uv": [0, 0, 1.15, 0.5], "texture": "#0"},
				"east": {"uv": [0, 0, 1.15, 0.5], "texture": "#0"},
				"south": {"uv": [0, 0, 1.15, 0.5], "texture": "#0"},
				"west": {"uv": [0, 0, 1.15, 0.5], "texture": "#0"},
				"up": {"uv": [0, 0, 1.15, 0.5], "texture": "#0"},
				"down": {"uv": [0, 0, 1.15, 0.5], "texture": "#0"}
			}
		},
		{
			"from": [7.85, 4.47815, 10.38478],
			"to": [8.15, 4.97815, 10.93478],
			"rotation": {"angle": 22.5, "axis": "x", "origin": [8, 4.72815, 10.45978]},
			"faces": {
				"north": {"uv": [0, 0, 0.55, 0.5], "texture": "#0"},
				"east": {"uv": [0, 0, 0.55, 0.5], "texture": "#0"},
				"south": {"uv": [0, 0, 0.55, 0.5], "texture": "#0"},
				"west": {"uv": [0, 0, 0.55, 0.5], "texture": "#0"},
				"up": {"uv": [0, 0, 0.55, 0.5], "texture": "#0"},
				"down": {"uv": [0, 0, 0.55, 0.5], "texture": "#0"}
			}
		},
		{
			"from": [7, 3.9, 4.8],
			"to": [9, 4, 10.75],
			"faces": {
				"north": {"uv": [0, 0, 5.95, 0.1], "texture": "#1"},
				"east": {"uv": [0, 0, 5.95, 0.1], "texture": "#1"},
				"south": {"uv": [0, 0, 5.95, 0.1], "texture": "#1"},
				"west": {"uv": [0, 0, 5.95, 0.1], "texture": "#1"},
				"up": {"uv": [0, 0, 5.95, 0.1], "texture": "#1"},
				"down": {"uv": [0, 0, 5.95, 0.1], "texture": "#1"}
			}
		},
		{
			"from": [7, 3.42741, 9.72411],
			"to": [9, 3.52741, 10.82411],
			"rotation": {"angle": -22.5, "axis": "x", "origin": [8, 3.47741, 9.59911]},
			"faces": {
				"north": {"uv": [0, 0, 1.1, 0.1], "texture": "#1"},
				"east": {"uv": [0, 0, 1.1, 0.1], "texture": "#1"},
				"south": {"uv": [0, 0, 1.1, 0.1], "texture": "#1"},
				"west": {"uv": [0, 0, 1.1, 0.1], "texture": "#1"},
				"up": {"uv": [0, 0, 1.1, 0.1], "texture": "#1"},
				"down": {"uv": [0, 0, 1.1, 0.1], "texture": "#1"}
			}
		},
		{
			"from": [7, 2.61987, 9.53961],
			"to": [9, 3.21987, 10.28961],
			"rotation": {"angle": -45, "axis": "x", "origin": [8, 2.66987, 8.86461]},
			"faces": {
				"north": {"uv": [0, 0, 0.75, 0.6], "texture": "#1"},
				"east": {"uv": [0, 0, 0.75, 0.6], "texture": "#1"},
				"south": {"uv": [0, 0, 0.75, 0.6], "texture": "#1"},
				"west": {"uv": [0, 0, 0.75, 0.6], "texture": "#1"},
				"up": {"uv": [0, 0, 0.75, 0.6], "texture": "#1"},
				"down": {"uv": [0, 0, 0.75, 0.6], "texture": "#1"}
			}
		},
		{
			"from": [7.1, 2.80664, 8.33396],
			"to": [8.9, 3.75664, 8.93396],
			"rotation": {"angle": 22.5, "axis": "x", "origin": [8, 2.03164, 8.88396]},
			"faces": {
				"north": {"uv": [0, 0, 0.6, 0.95], "texture": "#1", "rotation": 270},
				"east": {"uv": [0, 0, 0.6, 0.95], "texture": "#1", "rotation": 270},
				"south": {"uv": [0, 0, 0.6, 0.95], "texture": "#1", "rotation": 270},
				"west": {"uv": [0, 0, 0.6, 0.95], "texture": "#1", "rotation": 270},
				"up": {"uv": [0, 0, 0.6, 0.95], "texture": "#1", "rotation": 270},
				"down": {"uv": [0, 0, 0.6, 0.95], "texture": "#1", "rotation": 270}
			}
		},
		{
			"from": [7, 3.65, 4.8],
			"to": [9, 3.95, 10.1],
			"faces": {
				"north": {"uv": [0, 0, 5.3, 0.3], "texture": "#1"},
				"east": {"uv": [0, 0, 5.3, 0.3], "texture": "#1"},
				"south": {"uv": [0, 0, 5.3, 0.3], "texture": "#1"},
				"west": {"uv": [0, 0, 5.3, 0.3], "texture": "#1"},
				"up": {"uv": [0, 0, 5.3, 0.3], "texture": "#1"},
				"down": {"uv": [0, 0, 5.3, 0.3], "texture": "#1"}
			}
		},
		{
			"from": [7.2, 1.95, 6.8],
			"to": [8.8, 3.65, 9.15],
			"faces": {
				"north": {"uv": [0, 0, 2.35, 1.7], "texture": "#1"},
				"east": {"uv": [0, 0, 2.35, 1.7], "texture": "#1"},
				"south": {"uv": [0, 0, 2.35, 1.7], "texture": "#1"},
				"west": {"uv": [0, 0, 2.35, 1.7], "texture": "#1"},
				"up": {"uv": [0, 0, 2.35, 1.7], "texture": "#1"},
				"down": {"uv": [0, 0, 2.35, 1.7], "texture": "#1"}
			}
		},
		{
			"from": [7.2, -0.6, 8.75],
			"to": [8.8, 0.1, 9.75],
			"rotation": {"angle": -22.5, "axis": "x", "origin": [8, 0.9, 8.525]},
			"faces": {
				"north": {"uv": [0, 0, 1, 0.7], "texture": "#1"},
				"east": {"uv": [0, 0, 1, 0.7], "texture": "#1"},
				"south": {"uv": [0, 0, 1, 0.7], "texture": "#1"},
				"west": {"uv": [0, 0, 1, 0.7], "texture": "#1"},
				"up": {"uv": [0, 0, 1, 0.7], "texture": "#1"},
				"down": {"uv": [0, 0, 1, 0.7], "texture": "#1"}
			}
		},
		{
			"from": [7.2, 2.45, 4.7],
			"to": [8.8, 2.55, 6.8],
			"faces": {
				"north": {"uv": [0, 0, 2.1, 0.1], "texture": "#1"},
				"east": {"uv": [0, 0, 2.1, 0.1], "texture": "#1"},
				"south": {"uv": [0, 0, 2.1, 0.1], "texture": "#1"},
				"west": {"uv": [0, 0, 2.1, 0.1], "texture": "#1"},
				"up": {"uv": [0, 0, 2.1, 0.1], "texture": "#1"},
				"down": {"uv": [0, 0, 2.1, 0.1], "texture": "#1"}
			}
		},
		{
			"from": [7.2, 3.45, 4.5],
			"to": [8.8, 4.15, 4.8],
			"rotation": {"angle": -45, "axis": "x", "origin": [8, 3.9, 4.55]},
			"faces": {
				"north": {"uv": [0, 0, 0.3, 0.7], "texture": "#1"},
				"east": {"uv": [0, 0, 0.3, 0.7], "texture": "#1"},
				"south": {"uv": [0, 0, 0.3, 0.7], "texture": "#1"},
				"west": {"uv": [0, 0, 0.3, 0.7], "texture": "#1"},
				"up": {"uv": [0, 0, 0.3, 0.7], "texture": "#1"},
				"down": {"uv": [0, 0, 0.3, 0.7], "texture": "#1"}
			}
		},
		{
			"from": [7.2, 2.55, 4.8],
			"to": [8.8, 3.65, 4.9],
			"faces": {
				"north": {"uv": [0, 0, 0.1, 0.9], "texture": "#1"},
				"east": {"uv": [0, 0, 0.1, 0.9], "texture": "#1"},
				"south": {"uv": [0, 0, 0.1, 0.9], "texture": "#1"},
				"west": {"uv": [0, 0, 0.1, 0.9], "texture": "#1"},
				"up": {"uv": [0, 0, 0.1, 0.9], "texture": "#1"},
				"down": {"uv": [0, 0, 0.1, 0.9], "texture": "#1"}
			}
		},
		{
			"from": [7.2, 2.35, 6.9],
			"to": [8.8, 3.25, 7],
			"rotation": {"angle": 45, "axis": "x", "origin": [8, 2.8, 6.95]},
			"faces": {
				"north": {"uv": [0, 0, 0.1, 0.9], "texture": "#1"},
				"east": {"uv": [0, 0, 0.1, 0.9], "texture": "#1"},
				"south": {"uv": [0, 0, 0.1, 0.9], "texture": "#1"},
				"west": {"uv": [0, 0, 0.1, 0.9], "texture": "#1"},
				"up": {"uv": [0, 0, 0.1, 0.9], "texture": "#1"},
				"down": {"uv": [0, 0, 0.1, 0.9], "texture": "#1"}
			}
		},
		{
			"from": [7.2, -0.41703, 7.63078],
			"to": [8.8, -0.01703, 10.23078],
			"faces": {
				"north": {"uv": [0, 0, 2.6, 0.4], "texture": "#1"},
				"east": {"uv": [0, 0, 2.6, 0.4], "texture": "#1"},
				"south": {"uv": [0, 0, 2.6, 0.4], "texture": "#1"},
				"west": {"uv": [0, 0, 2.6, 0.4], "texture": "#1"},
				"up": {"uv": [0, 0, 2.6, 0.4], "texture": "#1"},
				"down": {"uv": [0, 0, 2.6, 0.4], "texture": "#1"}
			}
		},
		{
			"from": [7.1, 0.25, 7.55],
			"to": [8.9, 3.15, 9.25],
			"faces": {
				"north": {"uv": [0, 0, 1.7, 2.9], "texture": "#0"},
				"east": {"uv": [0, 0, 1.7, 2.9], "texture": "#0"},
				"south": {"uv": [0, 0, 1.7, 2.9], "texture": "#0"},
				"west": {"uv": [0, 0, 1.7, 2.9], "texture": "#0"},
				"up": {"uv": [0, 0, 1.7, 2.9], "texture": "#0"},
				"down": {"uv": [0, 0, 1.7, 2.9], "texture": "#0"}
			}
		},
		{
			"from": [7.1, 0.04487, 8.83126],
			"to": [8.9, 2, 9.75],
			"rotation": {"angle": -22.5, "axis": "x", "origin": [8, 0.9, 8.525]},
			"faces": {
				"north": {"uv": [0, 0, 0.91874, 1.95513], "texture": "#0"},
				"east": {"uv": [0, 0, 0.91874, 1.95513], "texture": "#0"},
				"south": {"uv": [0, 0, 0.91874, 1.95513], "texture": "#0"},
				"west": {"uv": [0, 0, 0.91874, 1.95513], "texture": "#0"},
				"up": {"uv": [0, 0, 0.91874, 1.95513], "texture": "#0"},
				"down": {"uv": [0, 0, 0.91874, 1.95513], "texture": "#0"}
			}
		},
		{
			"from": [7.2, 3.2, 7.3],
			"to": [8.8, 4.15, 7.9],
			"rotation": {"angle": -22.5, "axis": "x", "origin": [8, 1.8, 7.975]},
			"faces": {
				"north": {"uv": [0, 0, 0.6, 0.95], "texture": "#1"},
				"east": {"uv": [0, 0, 0.6, 0.95], "texture": "#1"},
				"south": {"uv": [0, 0, 0.6, 0.95], "texture": "#1"},
				"west": {"uv": [0, 0, 0.6, 0.95], "texture": "#1"},
				"up": {"uv": [0, 0, 0.6, 0.95], "texture": "#1"},
				"down": {"uv": [0, 0, 0.6, 0.95], "texture": "#1"}
			}
		},
		{
			"from": [7.2, -0.16281, 7.64792],
			"to": [8.8, 2.38719, 9.39792],
			"rotation": {"angle": -22.5, "axis": "x", "origin": [8, 0.03719, 8.32292]},
			"faces": {
				"north": {"uv": [0, 0, 1.75, 2.55], "texture": "#1"},
				"east": {"uv": [0, 0, 1.75, 2.55], "texture": "#1"},
				"south": {"uv": [0, 0, 1.75, 2.55], "texture": "#1"},
				"west": {"uv": [0, 0, 1.75, 2.55], "texture": "#1"},
				"up": {"uv": [0, 0, 1.75, 2.55], "texture": "#1"},
				"down": {"uv": [0, 0, 1.75, 2.55], "texture": "#1"}
			}
		},
		{
			"from": [7.2, -0.05, 8.65],
			"to": [8.8, 0.15, 9.15],
			"faces": {
				"north": {"uv": [0, 0, 0.5, 0.2], "texture": "#1"},
				"east": {"uv": [0, 0, 0.5, 0.2], "texture": "#1"},
				"south": {"uv": [0, 0, 0.5, 0.2], "texture": "#1"},
				"west": {"uv": [0, 0, 0.5, 0.2], "texture": "#1"},
				"up": {"uv": [0, 0, 0.5, 0.2], "texture": "#1"},
				"down": {"uv": [0, 0, 0.5, 0.2], "texture": "#1"}
			}
		},
		{
			"from": [7.7, 3.25, 5.8],
			"to": [8.3, 3.85, 6.1],
			"rotation": {"angle": 22.5, "axis": "x", "origin": [8, 3.3, 5.85]},
			"faces": {
				"north": {"uv": [0, 0, 0.3, 0.5], "texture": "#1"},
				"east": {"uv": [0, 0, 0.3, 0.5], "texture": "#1"},
				"south": {"uv": [0, 0, 0.3, 0.5], "texture": "#1"},
				"west": {"uv": [0, 0, 0.3, 0.5], "texture": "#1"},
				"up": {"uv": [0, 0, 0.3, 0.5], "texture": "#1"},
				"down": {"uv": [0, 0, 0.3, 0.5], "texture": "#1"}
			}
		},
		{
			"from": [7.69972, 3.06651, 5.51734],
			"to": [8.29972, 3.46651, 5.81734],
			"rotation": {"angle": 45, "axis": "x", "origin": [7.99972, 3.01651, 5.56734]},
			"faces": {
				"north": {"uv": [0, 0, 0.3, 0.4], "texture": "#1"},
				"east": {"uv": [0, 0, 0.3, 0.4], "texture": "#1"},
				"south": {"uv": [0, 0, 0.3, 0.4], "texture": "#1"},
				"west": {"uv": [0, 0, 0.3, 0.4], "texture": "#1"},
				"up": {"uv": [0, 0, 0.3, 0.4], "texture": "#1"},
				"down": {"uv": [0, 0, 0.3, 0.4], "texture": "#1"}
			}
		},
		{
			"from": [7.92716, 5.61481, 0.25],
			"to": [8.06716, 6.01481, 0.8],
			"rotation": {"angle": 22.5, "axis": "x", "origin": [7.99716, 5.81481, 0.425]},
			"faces": {
				"north": {"uv": [8, 0, 8.63984, 4.6], "texture": "#0"},
				"east": {"uv": [8, 0, 8.63984, 4.6], "texture": "#0"},
				"south": {"uv": [8, 0, 8.63984, 4.6], "texture": "#0"},
				"west": {"uv": [8, 0, 8.63984, 4.6], "texture": "#0"},
				"up": {"uv": [8, 0, 8.63984, 4.6], "texture": "#0"},
				"down": {"uv": [8, 0, 8.63984, 4.6], "texture": "#0"}
			}
		},
		{
			"from": [7.1, 5.25, 7.3],
			"to": [8.9, 6, 9.5],
			"faces": {
				"north": {"uv": [0, 8, 2.2, 8.75], "texture": "#1"},
				"east": {"uv": [0, 8, 2.2, 8.75], "texture": "#1"},
				"south": {"uv": [0, 8, 2.2, 8.75], "texture": "#1"},
				"west": {"uv": [0, 8, 2.2, 8.75], "texture": "#1"},
				"up": {"uv": [0, 8, 2.2, 8.75], "texture": "#1"},
				"down": {"uv": [0, 8, 2.2, 8.75], "texture": "#1"}
			}
		},
		{
			"from": [7.35, 5.95, 8.15],
			"to": [8.65, 6.1, 9.25],
			"faces": {
				"north": {"uv": [0, 8, 2.2, 8.75], "texture": "#0"},
				"east": {"uv": [0, 8, 2.2, 8.75], "texture": "#0"},
				"south": {"uv": [0, 8, 2.2, 8.75], "texture": "#0"},
				"west": {"uv": [0, 8, 2.2, 8.75], "texture": "#0"},
				"up": {"uv": [0, 8, 2.2, 8.75], "texture": "#0"},
				"down": {"uv": [0, 8, 2.2, 8.75], "texture": "#0"}
			}
		},
		{
			"from": [7.35, 5.95, 8.25],
			"to": [7.7, 6.4, 9.25],
			"rotation": {"angle": -22.5, "axis": "x", "origin": [7.525, 6.025, 9.15]},
			"faces": {
				"north": {"uv": [0, 8, 2.2, 8.75], "texture": "#0"},
				"east": {"uv": [0, 8, 2.2, 8.75], "texture": "#0"},
				"south": {"uv": [0, 8, 2.2, 8.75], "texture": "#0"},
				"west": {"uv": [0, 8, 2.2, 8.75], "texture": "#0"},
				"up": {"uv": [0, 8, 2.2, 8.75], "texture": "#0"},
				"down": {"uv": [0, 8, 2.2, 8.75], "texture": "#0"}
			}
		},
		{
			"from": [8.3, 5.95, 8.25],
			"to": [8.65, 6.4, 9.25],
			"rotation": {"angle": -22.5, "axis": "x", "origin": [8.475, 6.025, 9.15]},
			"faces": {
				"north": {"uv": [0, 8, 2.2, 8.75], "texture": "#0"},
				"east": {"uv": [0, 8, 2.2, 8.75], "texture": "#0"},
				"south": {"uv": [0, 8, 2.2, 8.75], "texture": "#0"},
				"west": {"uv": [0, 8, 2.2, 8.75], "texture": "#0"},
				"up": {"uv": [0, 8, 2.2, 8.75], "texture": "#0"},
				"down": {"uv": [0, 8, 2.2, 8.75], "texture": "#0"}
			}
		}
	],
	"display": {
		"thirdperson_righthand": {
			"scale": [0.75, 0.75, 1],
			"translation": [0, 3.5, 2.5]
		},
		"thirdperson_lefthand": {
			"scale": [0.75, 0.75, 1],
			"translation": [0, 3.5, 2.5]
		},
		"firstperson_righthand": {
			"scale": [1, 1, 1.33],
			"translation": [1.5, 5, 0]
		},
		"firstperson_lefthand": {
			"scale": [1, 1, 1.33],
			"translation": [1.5, 5, 0]
		},
		"head": {
			"scale": [1, 1, 1.33],
			"rotation": [90, -151, 90],
			"translation": [2, -18.5, 3.5]
		},
		"ground": {
			"scale": [1, 1, 1.33],
			"translation": [0, 9, 4]
		},
		"fixed": {
			"scale": [1, 1, 1.33],
			"rotation": [0, 90, 0],
			"translation": [3, 4.5, -1]
		},
		"gui": {
			"scale": [1, 1, 1.33],
			"rotation": [29, 132, 0],
			"translation": [2.5, 4, 0]
		}
	},
	"groups": [0, 1, 2, 3, 4, 5, 6, 7, 8, 9, 10,
		{
			"name": "octagon",
			"isOpen": true,
			"shade": true,
			"display": {
				"visibility": true,
				"autouv": true
			},
			"children": [11, 12, 13, 14]
		}, 15, 16, 17, 18, 19, 20, 21, 22, 23, 24, 25, 26, 27, 28, 29, 30, 31, 32, 33, 34, 35, 36, 37, 38, 39, 40, 41, 42, 43, 44, 45, 46, 47, 48, 49, 50, 51, 52, 53, 54, 55, 56, 57, 58, 59, 60, 61, 62, 63, 64, 65, 66, 67, 68, 69, 70]
}