{
	"credit": "Made with Blockbench",
	"textures": {
		"0": "#skin",
		"particle": "#skin"
	},
	"elements": [
		{
			"name": "right_leg_bottom_inner",
			"from": [8, -13, 7],
			"to": [12, -7.25, 11],
			"faces": {
				"north": {"uv": [1, 6.5, 2, 8], "texture": "#0"},
				"east": {"uv": [0, 6.5, 1, 8], "texture": "#0"},
				"south": {"uv": [3, 6.5, 4, 8], "texture": "#0"},
				"west": {"uv": [2, 6.5, 3, 8], "texture": "#0"},
				"up": {"uv": [1, 4, 2, 5], "texture": "#0"},
				"down": {"uv": [2, 4, 3, 5], "texture": "#0"}
			}
		},
		{
			"name": "right_leg_bottom_outer",
			"from": [7.75, -13.25, 6.75],
			"to": [12.25, -7.25, 11.25],
			"faces": {
				"north": {"uv": [1, 10.5, 2, 12], "texture": "#0"},
				"east": {"uv": [0, 10.5, 1, 12], "texture": "#0"},
				"south": {"uv": [3, 10.5, 4, 12], "texture": "#0"},
				"west": {"uv": [2, 10.75, 3, 12], "texture": "#0"},
				"up": {"uv": [0, 8, 1, 9], "texture": "#0"},
				"down": {"uv": [2, 8, 3, 9], "texture": "#0"}
			}
		}
	],
	"display": {
		"thirdperson_righthand": {
			"translation": [-6, -1, 9.25],
			"rotation": [90, 0, 0]
		},
		"head": {
			"translation": [0, -17.5, 0]
		},
		"ground": {
			"translation": [0, 21, 0]
		},
		"fixed": {
			"translation": [0, 5, -2]
		},
		"gui": {
			"scale": [0.4, 0.4, 0.4],
			"rotation": [37, 130, 0],
			"translation": [0, 1.5, 0]
		}
	},
	"groups": [
		{
			"name": "right_leg",
			"isOpen": true,
			"shade": true,
			"display": {
				"visibility": true,
				"autouv": 0
			},
			"children": [
				{
					"name": "bottom",
					"isOpen": false,
					"shade": true,
					"display": {
						"visibility": true,
						"autouv": 0
					},
					"children": [0, 1]
				}
			]
		}
	]
}