{
	"credit": "Made with Blockbench",
	"textures": {
		"0": "#skin",
		"particle": "#skin"
	},
	"elements": [
		{
			"from": [4, 0, 7],
			"to": [12, 11, 11],
			"rotation": {"angle": -22.5, "axis": "x", "origin": [8, 5.5, 9]},
			"faces": {
				"north": {"uv": [5, 5, 7, 8], "texture": "#0"},
				"east": {"uv": [4, 5, 5, 8], "texture": "#0"},
				"south": {"uv": [8, 5, 10, 8], "texture": "#0"},
				"west": {"uv": [7, 5, 8, 8], "texture": "#0"},
				"up": {"uv": [5, 4, 7, 5], "texture": "#0"},
				"down": {"uv": [7, 4, 9, 5], "texture": "#0"}
			}
		},
		{
			"from": [7.99786, -8.61249, 5.92331],
			"to": [11.99786, -1.61249, 9.92331],
			"rotation": {"angle": 22.5, "axis": "x", "origin": [9.99786, -5.11249, 7.92331]},
			"faces": {
				"north": {"uv": [1, 6.5, 2, 8], "texture": "#0"},
				"east": {"uv": [0, 6.5, 1, 8], "texture": "#0"},
				"south": {"uv": [3, 6.5, 4, 8], "texture": "#0"},
				"west": {"uv": [2, 6.5, 3, 8], "texture": "#0"},
				"up": {"uv": [1, 4, 2, 5], "texture": "#0"},
				"down": {"uv": [2, 4, 3, 5], "texture": "#0"}
			}
		},
		{
			"from": [4, 10.3, 3],
			"to": [12, 18.3, 11],
			"faces": {
				"north": {"uv": [2, 2, 4, 4], "texture": "#0"},
				"east": {"uv": [0, 2, 2, 4], "texture": "#0"},
				"south": {"uv": [6, 2, 8, 4], "texture": "#0"},
				"west": {"uv": [4.25, 2, 6.25, 4], "texture": "#0"},
				"up": {"uv": [2, 0, 4, 2], "texture": "#0"},
				"down": {"uv": [4, 0, 6, 2], "texture": "#0"}
			}
		},
		{
			"from": [-0.00801, 0.76083, 3.16725],
			"to": [3.99199, 6.76083, 7.16725],
			"rotation": {"angle": 45, "axis": "x", "origin": [1.99199, 3.76083, 5.16725]},
			"faces": {
				"north": {"uv": [9, 14.5, 10, 16], "texture": "#0"},
				"east": {"uv": [8, 14.75, 9, 16], "texture": "#0"},
				"south": {"uv": [11, 14.75, 12, 16], "texture": "#0"},
				"west": {"uv": [10, 14.5, 11, 16], "texture": "#0"},
				"up": {"uv": [11, 6, 12, 7], "texture": "#0"},
				"down": {"uv": [10, 12, 11, 13], "texture": "#0"}
			}
		},
		{
			"from": [12, 5, 6],
			"to": [16, 11, 10],
			"rotation": {"angle": -45, "axis": "x", "origin": [14, 8, 8]},
			"faces": {
				"north": {"uv": [11, 5, 12, 6.5], "texture": "#0"},
				"east": {"uv": [10, 5, 11, 6.5], "texture": "#0"},
				"south": {"uv": [13, 5, 14, 6.5], "texture": "#0"},
				"west": {"uv": [12, 5, 13, 6.5], "texture": "#0"},
				"up": {"uv": [11, 4, 12, 5], "texture": "#0"},
				"down": {"uv": [11, 6, 12, 7], "texture": "#0"}
			}
		},
		{
			"from": [3.99942, -8.95141, 11.94354],
			"to": [7.99942, -4.95141, 18.94354],
			"rotation": {"angle": 45, "axis": "x", "origin": [5.99942, -6.95141, 15.44354]},
			"faces": {
				"north": {"uv": [5, 12, 6, 13], "texture": "#0", "rotation": 180},
				"east": {"uv": [4, 14.5, 5, 16], "texture": "#0", "rotation": 90},
				"south": {"uv": [6, 12, 7, 13], "texture": "#0"},
				"west": {"uv": [6, 14.5, 7, 16], "texture": "#0", "rotation": 270},
				"up": {"uv": [7, 14.5, 8, 16], "texture": "#0"},
				"down": {"uv": [5, 14.5, 6, 16], "texture": "#0", "rotation": 180}
			}
		},
		{
			"from": [7.9996, -3.81589, 7.95284],
			"to": [11.9996, 0.18411, 13.95284],
			"rotation": {"angle": -22.5, "axis": "x", "origin": [9.9996, -1.81589, 10.95284]},
			"faces": {
				"north": {"uv": [1, 4, 2, 5], "texture": "#0", "rotation": 180},
				"east": {"uv": [0, 5, 1, 6.5], "texture": "#0", "rotation": 180},
				"south": {"uv": [1, 4, 2, 5], "texture": "#0", "rotation": 180},
				"west": {"uv": [2, 5, 3, 6.5], "texture": "#0", "rotation": 180},
				"up": {"uv": [1, 5, 2, 6.5], "texture": "#0", "rotation": 180},
				"down": {"uv": [3, 5, 4, 6.5], "texture": "#0", "rotation": 180}
			}
		},
		{
			"from": [4.00321, -5.35524, 10.25187],
			"to": [8.00321, 0.64476, 14.25187],
			"rotation": {"angle": -22.5, "axis": "x", "origin": [6.00321, -2.35524, 12.25187]},
			"faces": {
				"north": {"uv": [5, 13, 6, 14.5], "texture": "#0"},
				"east": {"uv": [4, 13, 5, 14.5], "texture": "#0"},
				"south": {"uv": [7, 13, 8, 14.5], "texture": "#0"},
				"west": {"uv": [6, 13, 7, 14.5], "texture": "#0"},
				"up": {"uv": [5, 12, 6, 13], "texture": "#0"},
				"down": {"uv": [5, 12, 6, 13], "texture": "#0"}
			}
		},
		{
			"from": [0, 5, 6],
			"to": [4, 11, 10],
			"rotation": {"angle": 22.5, "axis": "x", "origin": [2, 8, 8]},
			"faces": {
				"north": {"uv": [9, 13, 10, 14.75], "texture": "#0"},
				"east": {"uv": [8, 13, 9, 14.75], "texture": "#0"},
				"south": {"uv": [11, 13, 12, 14.75], "texture": "#0"},
				"west": {"uv": [10, 13, 11, 14.75], "texture": "#0"},
				"up": {"uv": [11, 4, 12, 5], "texture": "#0"},
				"down": {"uv": [11, 6, 12, 7], "texture": "#0"}
			}
		},
		{
			"from": [12.00188, 0.75093, 8.83889],
			"to": [16.00188, 6.75093, 12.83889],
			"rotation": {"angle": -22.5, "axis": "x", "origin": [14.00188, 3.75093, 10.83889]},
			"faces": {
				"north": {"uv": [11, 6.5, 12, 8], "texture": "#0"},
				"east": {"uv": [10, 6.5, 11, 8], "texture": "#0"},
				"south": {"uv": [13, 6.5, 14, 8], "texture": "#0"},
				"west": {"uv": [12, 6.5, 13, 8], "texture": "#0"},
				"up": {"uv": [11, 7, 12, 8], "texture": "#0"},
				"down": {"uv": [12, 4, 13, 5], "texture": "#0"}
			}
		}
	],
	"display": {
		"thirdperson_righthand": {
			"translation": [-6, -2, 9],
			"rotation": [90, 0, 0]
		},
		"head": {
			"translation": [0, -17.5, 0]
		},
		"gui": {
			"scale": [0.5, 0.5, 0.5],
			"translation": [0, 1, 0],
			"rotation": [26, 146, 0]
		},
		"fixed": {
			"translation": [0, 5, -3]
		},
		"ground": {
			"translation": [0, 20, 0]
		}
	}
}