{
	"credit": "Made with Blockbench",
	"textures": {
		"0": "#skin",
		"particle": "#skin"
	},
	"elements": [
		{
			"name": "right_leg_top_inner",
			"from": [8, -7.25, 7],
			"to": [12, -1.5, 11],
			"faces": {
				"north": {"uv": [1, 5, 2, 6.5], "texture": "#0"},
				"east": {"uv": [0, 5, 1, 6.25], "texture": "#0"},
				"south": {"uv": [3, 5, 4, 6.5], "texture": "#0"},
				"west": {"uv": [2, 5, 3, 6.5], "texture": "#0"},
				"up": {"uv": [1, 4, 2, 5], "texture": "#0"},
				"down": {"uv": [1, 4, 2, 5], "texture": "#0"}
			}
		},
		{
			"name": "right_leg_top_outer",
			"from": [7.75, -7.25, 6.75],
			"to": [12.25, -1.25, 11.25],
			"faces": {
				"north": {"uv": [1, 9, 2, 10.5], "texture": "#0"},
				"east": {"uv": [0, 9, 1, 10.5], "texture": "#0"},
				"south": {"uv": [3, 9, 4, 10.5], "texture": "#0"},
				"west": {"uv": [2, 9, 3, 10.5], "texture": "#0"},
				"up": {"uv": [1, 8, 2, 9], "texture": "#0"},
				"down": {"uv": [2, 8, 3, 9], "texture": "#0"}
			}
		}
	],
	"display": {
		"thirdperson_righthand": {
			"translation": [-6, -1, 9.25],
			"rotation": [90, 0, 0]
		},
		"head": {
			"translation": [0, -17.5, 0]
		},
		"ground": {
			"translation": [0, 14, 0]
		},
		"fixed": {
			"translation": [0, 5, -2]
		},
		"gui": {
			"scale": [0.4, 0.4, 0.4],
			"rotation": [37, 130, 0],
			"translation": [0, 1.5, 0]
		}
	},
	"groups": [
		{
			"name": "right_leg",
			"isOpen": true,
			"shade": true,
			"display": {
				"visibility": true,
				"autouv": 0
			},
			"children": [
				{
					"name": "top",
					"isOpen": true,
					"shade": true,
					"display": {
						"visibility": true,
						"autouv": 0
					},
					"children": [0, 1]
				}
			]
		}
	]
}