{
	"credit": "Made with Blockbench",
	"textures": {
		"0": "#skin",
		"particle": "#skin"
	},
	"elements": [
		{
			"name": "left_leg_bottom_inner",
			"from": [4, -13, 7],
			"to": [8, -7.25, 11],
			"faces": {
				"north": {"uv": [5, 14.5, 6, 16], "texture": "#0"},
				"east": {"uv": [4, 14.5, 5, 16], "texture": "#0"},
				"south": {"uv": [7, 14.5, 8, 16], "texture": "#0"},
				"west": {"uv": [6, 14.5, 7, 16], "texture": "#0"},
				"up": {"uv": [5, 12, 6.25, 13], "texture": "#0"},
				"down": {"uv": [6, 12, 7, 13], "texture": "#0"}
			}
		},
		{
			"name": "left_leg_bottom_outer",
			"from": [3.75, -13.25, 6.75],
			"to": [8.25, -7.25, 11.25],
			"faces": {
				"north": {"uv": [1, 14.5, 2, 16], "texture": "#0"},
				"east": {"uv": [0, 14.5, 1, 16], "texture": "#0"},
				"south": {"uv": [3, 14.5, 4, 16], "texture": "#0"},
				"west": {"uv": [2, 14.5, 3, 16], "texture": "#0"},
				"up": {"uv": [0, 12, 1, 13], "texture": "#0"},
				"down": {"uv": [2, 12, 3, 13], "texture": "#0"}
			}
		}
	],
	"display": {
		"thirdperson_righthand": {
			"translation": [-6, -1, 9.25],
			"rotation": [90, 0, 0]
		},
		"head": {
			"translation": [0, -17.5, 0]
		},
		"ground": {
			"translation": [0, 21, 0]
		},
		"fixed": {
			"translation": [0, 5, -2]
		},
		"gui": {
			"scale": [0.4, 0.4, 0.4],
			"rotation": [37, 130, 0],
			"translation": [0, 1.5, 0]
		}
	},
	"groups": [
		{
			"name": "left_leg",
			"isOpen": true,
			"shade": true,
			"display": {
				"visibility": true,
				"autouv": 0
			},
			"children": [
				{
					"name": "bottom",
					"isOpen": false,
					"shade": true,
					"display": {
						"visibility": true,
						"autouv": 0
					},
					"children": [0, 1]
				}
			]
		}
	]
}