{
	"credit": "Made with Blockbench",
	"textures": {
		"0": "#skin",
		"particle": "#skin"
	},
	"elements": [
		{
			"name": "chest_inner",
			"from": [4, -1.5, 7],
			"to": [12, 9, 11],
			"faces": {
				"north": {"uv": [5, 5, 7, 8], "texture": "#0"},
				"east": {"uv": [4, 5, 5, 8], "texture": "#0"},
				"south": {"uv": [8, 5, 10, 8], "texture": "#0"},
				"west": {"uv": [7, 5, 8, 8], "texture": "#0"},
				"up": {"uv": [5, 4, 7, 5], "texture": "#0"},
				"down": {"uv": [7, 4, 9, 5], "texture": "#0"}
			}
		},
		{
			"name": "chest_outer",
			"from": [3.75, -1.75, 6.75],
			"to": [12.25, 9.25, 11.25],
			"faces": {
				"north": {"uv": [5, 9, 7, 12], "texture": "#0"},
				"east": {"uv": [4, 9, 5.25, 12], "texture": "#0"},
				"south": {"uv": [8, 9, 10, 12], "texture": "#0"},
				"west": {"uv": [7, 9, 8, 12], "texture": "#0"},
				"up": {"uv": [5, 8, 7, 9], "texture": "#0"},
				"down": {"uv": [7, 8, 9, 9], "texture": "#0"}
			}
		},
		{
			"name": "head_inner",
			"from": [4, 9, 5],
			"to": [12, 17, 13],
			"faces": {
				"north": {"uv": [2, 2, 4, 4], "texture": "#0"},
				"east": {"uv": [0, 2, 2, 4], "texture": "#0"},
				"south": {"uv": [6, 2, 8, 4], "texture": "#0"},
				"west": {"uv": [4, 2, 6, 4], "texture": "#0"},
				"up": {"uv": [2, 0, 4, 2], "texture": "#0"},
				"down": {"uv": [4, 0, 6, 2], "texture": "#0"}
			}
		},
		{
			"name": "head_outer",
			"from": [3.75, 9, 4.75],
			"to": [12.25, 17.5, 13.25],
			"faces": {
				"north": {"uv": [10, 2, 12, 4], "texture": "#0"},
				"east": {"uv": [8, 2, 10, 4], "texture": "#0"},
				"south": {"uv": [14, 2, 16, 4], "texture": "#0"},
				"west": {"uv": [12, 2, 14, 4], "texture": "#0"},
				"up": {"uv": [10, 0, 12, 2], "texture": "#0"},
				"down": {"uv": [12, 0, 14, 2], "texture": "#0"}
			}
		},
		{
			"name": "right_leg_bottom_inner",
			"from": [8, -13, 7],
			"to": [12, -7.25, 11],
			"faces": {
				"north": {"uv": [1, 6.5, 2, 8], "texture": "#0"},
				"east": {"uv": [0, 6.5, 1, 8], "texture": "#0"},
				"south": {"uv": [3, 6.5, 4, 8], "texture": "#0"},
				"west": {"uv": [2, 6.5, 3, 8], "texture": "#0"},
				"up": {"uv": [1, 4, 2, 5], "texture": "#0"},
				"down": {"uv": [2, 4, 3, 5], "texture": "#0"}
			}
		},
		{
			"name": "right_leg_bottom_outer",
			"from": [7.75, -13.25, 6.75],
			"to": [12.25, -7.25, 11.25],
			"faces": {
				"north": {"uv": [1, 10.5, 2, 12], "texture": "#0"},
				"east": {"uv": [0, 10.5, 1, 12], "texture": "#0"},
				"south": {"uv": [3, 10.5, 4, 12], "texture": "#0"},
				"west": {"uv": [2, 10.75, 3, 12], "texture": "#0"},
				"up": {"uv": [0, 8, 1, 9], "texture": "#0"},
				"down": {"uv": [2, 8, 3, 9], "texture": "#0"}
			}
		},
		{
			"name": "right_leg_top_inner",
			"from": [8, -7.25, 7],
			"to": [12, -1.5, 11],
			"faces": {
				"north": {"uv": [1, 5, 2, 6.5], "texture": "#0"},
				"east": {"uv": [0, 5, 1, 6.25], "texture": "#0"},
				"south": {"uv": [3, 5, 4, 6.5], "texture": "#0"},
				"west": {"uv": [2, 5, 3, 6.5], "texture": "#0"},
				"up": {"uv": [1, 4, 2, 5], "texture": "#0"},
				"down": {"uv": [1, 4, 2, 5], "texture": "#0"}
			}
		},
		{
			"name": "right_leg_top_outer",
			"from": [7.75, -7.25, 6.75],
			"to": [12.25, -1.25, 11.25],
			"faces": {
				"north": {"uv": [1, 9, 2, 10.5], "texture": "#0"},
				"east": {"uv": [0, 9, 1, 10.5], "texture": "#0"},
				"south": {"uv": [3, 9, 4, 10.5], "texture": "#0"},
				"west": {"uv": [2, 9, 3, 10.5], "texture": "#0"},
				"up": {"uv": [1, 8, 2, 9], "texture": "#0"},
				"down": {"uv": [2, 8, 3, 9], "texture": "#0"}
			}
		},
		{
			"name": "left_leg_bottom_inner",
			"from": [4, -13, 7],
			"to": [8, -7.25, 11],
			"faces": {
				"north": {"uv": [5, 14.5, 6, 16], "texture": "#0"},
				"east": {"uv": [4, 14.5, 5, 16], "texture": "#0"},
				"south": {"uv": [7, 14.5, 8, 16], "texture": "#0"},
				"west": {"uv": [6, 14.5, 7, 16], "texture": "#0"},
				"up": {"uv": [5, 12, 6.25, 13], "texture": "#0"},
				"down": {"uv": [6, 12, 7, 13], "texture": "#0"}
			}
		},
		{
			"name": "left_leg_bottom_outer",
			"from": [3.75, -13.25, 6.75],
			"to": [8.25, -7.25, 11.25],
			"faces": {
				"north": {"uv": [1, 14.5, 2, 16], "texture": "#0"},
				"east": {"uv": [0, 14.5, 1, 16], "texture": "#0"},
				"south": {"uv": [3, 14.5, 4, 16], "texture": "#0"},
				"west": {"uv": [2, 14.5, 3, 16], "texture": "#0"},
				"up": {"uv": [0, 12, 1, 13], "texture": "#0"},
				"down": {"uv": [2, 12, 3, 13], "texture": "#0"}
			}
		},
		{
			"name": "left_leg_top_inner",
			"from": [4, -7.25, 7],
			"to": [8, -1.5, 11],
			"faces": {
				"north": {"uv": [5, 13, 6, 14.5], "texture": "#0"},
				"east": {"uv": [4, 13, 5, 14.5], "texture": "#0"},
				"south": {"uv": [7, 13, 8, 14.5], "texture": "#0"},
				"west": {"uv": [6, 13, 7, 14.5], "texture": "#0"},
				"up": {"uv": [5, 12, 6, 13], "texture": "#0"},
				"down": {"uv": [5, 12, 6, 13], "texture": "#0"}
			}
		},
		{
			"name": "left_leg_top_outer",
			"from": [3.75, -7.25, 6.75],
			"to": [8.25, -1.25, 11.25],
			"faces": {
				"north": {"uv": [1, 13, 2, 14.5], "texture": "#0"},
				"east": {"uv": [0, 13, 1, 14.5], "texture": "#0"},
				"south": {"uv": [3, 13, 4, 14.5], "texture": "#0"},
				"west": {"uv": [2, 13, 3, 14.5], "texture": "#0"},
				"up": {"uv": [0, 12, 1, 13], "texture": "#0"},
				"down": {"uv": [2, 12, 3, 13], "texture": "#0"}
			}
		},
		{
			"name": "right_arm_top_inner",
			"from": [12, 3.25, 7],
			"to": [16, 9, 11],
			"rotation": {"angle": 0, "axis": "x", "origin": [14, 6.5, 9]},
			"faces": {
				"north": {"uv": [11, 5, 12, 6.5], "texture": "#0"},
				"east": {"uv": [10, 5, 11, 6.5], "texture": "#0"},
				"south": {"uv": [13, 5, 14, 6.5], "texture": "#0"},
				"west": {"uv": [12, 5, 13, 6.5], "texture": "#0"},
				"up": {"uv": [11, 4, 12, 5], "texture": "#0"},
				"down": {"uv": [11, 4, 12, 5], "texture": "#0"}
			}
		},
		{
			"name": "right_arm_top_outer",
			"from": [11.75, 3.25, 6.75],
			"to": [16.25, 9.25, 11.25],
			"rotation": {"angle": 0, "axis": "x", "origin": [14, 6.5, 9]},
			"faces": {
				"north": {"uv": [11, 9, 12, 10.5], "texture": "#0"},
				"east": {"uv": [10, 9, 11, 10.5], "texture": "#0"},
				"south": {"uv": [13, 9, 14, 10.5], "texture": "#0"},
				"west": {"uv": [12.25, 9, 13.25, 10.5], "texture": "#0"},
				"up": {"uv": [11, 8, 12, 9], "texture": "#0"},
				"down": {"uv": [13, 8, 14, 9], "texture": "#0"}
			}
		},
		{
			"name": "right_arm_bottom_inner",
			"from": [12, -2.5, 7],
			"to": [16, 3.25, 11],
			"faces": {
				"north": {"uv": [11, 6.5, 12, 8], "texture": "#0"},
				"east": {"uv": [10, 6.5, 11, 8], "texture": "#0"},
				"south": {"uv": [13, 6.5, 14, 8], "texture": "#0"},
				"west": {"uv": [12, 6.5, 13, 8], "texture": "#0"},
				"up": {"uv": [11, 4, 12, 5], "texture": "#0"},
				"down": {"uv": [12, 4, 13, 5], "texture": "#0"}
			}
		},
		{
			"name": "right_arm_bottom_outer",
			"from": [11.75, -2.75, 6.75],
			"to": [16.25, 3.25, 11.25],
			"faces": {
				"north": {"uv": [11, 10.5, 12, 12], "texture": "#0"},
				"east": {"uv": [10, 10.5, 11, 12], "texture": "#0"},
				"south": {"uv": [13, 10.5, 14, 12], "texture": "#0"},
				"west": {"uv": [12, 10.5, 13, 12], "texture": "#0"},
				"up": {"uv": [10, 8, 11, 9], "texture": "#0"},
				"down": {"uv": [12, 8, 13, 9], "texture": "#0"}
			}
		},
		{
			"name": "left_arm_top_inner",
			"from": [0, 3.25, 7],
			"to": [4, 9, 11],
			"faces": {
				"north": {"uv": [9, 13, 10, 14.5], "texture": "#0"},
				"east": {"uv": [8, 13, 9, 14.5], "texture": "#0"},
				"south": {"uv": [11, 13, 12, 14.5], "texture": "#0"},
				"west": {"uv": [10, 13, 11, 14.5], "texture": "#0"},
				"up": {"uv": [9, 12, 10, 13], "texture": "#0"},
				"down": {"uv": [9, 12, 10, 13], "texture": "#0"}
			}
		},
		{
			"name": "left_arm_top_outer",
			"from": [-0.25, 3.25, 6.75],
			"to": [4.25, 9.25, 11.25],
			"faces": {
				"north": {"uv": [13, 13, 14, 14.5], "texture": "#0"},
				"east": {"uv": [12, 13, 13, 14.5], "texture": "#0"},
				"south": {"uv": [15, 13, 16, 14.5], "texture": "#0"},
				"west": {"uv": [14, 13, 15, 14.5], "texture": "#0"},
				"up": {"uv": [13, 12, 14, 13], "texture": "#0"},
				"down": {"uv": [12, 12, 13, 13], "texture": "#0"}
			}
		},
		{
			"name": "left_arm_bottom_inner",
			"from": [0, -2.5, 7],
			"to": [4, 3.25, 11],
			"faces": {
				"north": {"uv": [9, 14.5, 10, 16], "texture": "#0"},
				"east": {"uv": [8, 14.5, 9, 16], "texture": "#0"},
				"south": {"uv": [11, 14.5, 12, 16], "texture": "#0"},
				"west": {"uv": [10, 14.5, 11, 16], "texture": "#0"},
				"up": {"uv": [9, 12, 10, 13], "texture": "#0"},
				"down": {"uv": [10, 12, 11, 13], "texture": "#0"}
			}
		},
		{
			"name": "left_arm_bottom_outer",
			"from": [-0.25, -2.75, 6.75],
			"to": [4.25, 3.25, 11.25],
			"faces": {
				"north": {"uv": [13, 14.5, 14, 16], "texture": "#0"},
				"east": {"uv": [12, 14.5, 13, 16], "texture": "#0"},
				"south": {"uv": [15, 14.5, 16, 16], "texture": "#0"},
				"west": {"uv": [14, 14.5, 15, 16], "texture": "#0"},
				"up": {"uv": [12, 12, 13, 13], "texture": "#0"},
				"down": {"uv": [14, 12, 15, 13], "texture": "#0"}
			}
		}
	],
	"display": {
		"thirdperson_righthand": {
			"translation": [-6, -1, 9.25],
			"rotation": [90, 0, 0]
		},
		"head": {
			"translation": [0, -17.5, 0]
		},
		"ground": {
			"translation": [0, 21, 0]
		},
		"fixed": {
			"translation": [0, 5, -2]
		},
		"gui": {
			"scale": [0.4, 0.4, 0.4],
			"rotation": [37, 130, 0],
			"translation": [0, 1.5, 0]
		}
	},
	"groups": [
		{
			"name": "chest",
			"isOpen": true,
			"shade": true,
			"display": {
				"visibility": true,
				"autouv": 0
			},
			"children": [0, 1]
		},
		{
			"name": "head",
			"isOpen": true,
			"shade": true,
			"display": {
				"visibility": true,
				"autouv": 0
			},
			"children": [2, 3]
		},
		{
			"name": "right_leg",
			"isOpen": true,
			"shade": true,
			"display": {
				"visibility": true,
				"autouv": 0
			},
			"children": [
				{
					"name": "bottom",
					"isOpen": true,
					"shade": true,
					"display": {
						"visibility": true,
						"autouv": 0
					},
					"children": [4, 5]
				},
				{
					"name": "top",
					"isOpen": true,
					"shade": true,
					"display": {
						"visibility": true,
						"autouv": 0
					},
					"children": [6, 7]
				}
			]
		},
		{
			"name": "left_leg",
			"isOpen": true,
			"shade": true,
			"display": {
				"visibility": true,
				"autouv": 0
			},
			"children": [
				{
					"name": "bottom",
					"isOpen": true,
					"shade": true,
					"display": {
						"visibility": true,
						"autouv": 0
					},
					"children": [8, 9]
				},
				{
					"name": "top",
					"isOpen": true,
					"shade": true,
					"display": {
						"visibility": true,
						"autouv": 0
					},
					"children": [10, 11]
				}
			]
		},
		{
			"name": "right_arm",
			"isOpen": true,
			"shade": true,
			"display": {
				"visibility": true,
				"autouv": 0
			},
			"children": [
				{
					"name": "top",
					"isOpen": true,
					"shade": true,
					"display": {
						"visibility": true,
						"autouv": 0
					},
					"children": [12, 13]
				},
				{
					"name": "bottom",
					"isOpen": true,
					"shade": true,
					"display": {
						"visibility": true,
						"autouv": 0
					},
					"children": [14, 15]
				}
			]
		},
		{
			"name": "left_arm",
			"isOpen": true,
			"shade": true,
			"display": {
				"visibility": true,
				"autouv": 0
			},
			"children": [
				{
					"name": "top",
					"isOpen": true,
					"shade": true,
					"display": {
						"visibility": true,
						"autouv": 0
					},
					"children": [16, 17]
				},
				{
					"name": "bottom",
					"isOpen": true,
					"shade": true,
					"display": {
						"visibility": true,
						"autouv": 0
					},
					"children": [18, 19]
				}
			]
		}
	]
}