{
	"credit": "Made with Blockbench",
	"textures": {
		"0": "custom/black-metal",
		"1": "custom/handle",
		"2": "custom/brushed-metal",
		"particle": "custom/black-metal"
	},
	"elements": [
		{
			"from": [6, 4, -0.75],
			"to": [10, 7, 24],
			"faces": {
				"north": {"uv": [0, 0, 16, 3], "texture": "#0"},
				"east": {"uv": [0, 0, 16, 3], "texture": "#0"},
				"south": {"uv": [0, 0, 16, 3], "texture": "#0"},
				"west": {"uv": [0, 0, 16, 3], "texture": "#0"},
				"up": {"uv": [0, 0, 16, 3], "texture": "#0"},
				"down": {"uv": [0, 0, 16, 3], "texture": "#0"}
			}
		},
		{
			"from": [6.25, 0, 15],
			"to": [9.75, 4, 24],
			"faces": {
				"north": {"uv": [0, 0, 9, 4], "texture": "#0"},
				"east": {"uv": [0, 0, 9, 4], "texture": "#0"},
				"south": {"uv": [0, 0, 9, 4], "texture": "#0"},
				"west": {"uv": [0, 0, 9, 4], "texture": "#0"},
				"up": {"uv": [0, 0, 9, 4], "texture": "#0"},
				"down": {"uv": [0, 0, 9, 4], "texture": "#0"}
			}
		},
		{
			"from": [6.25, 7, 1],
			"to": [9.75, 8, 15.25],
			"faces": {
				"north": {"uv": [0, 0, 3.5, 14.25], "texture": "#1"},
				"east": {"uv": [0, 0, 3.5, 14.25], "texture": "#1"},
				"south": {"uv": [0, 0, 3.5, 14.25], "texture": "#1"},
				"west": {"uv": [0, 0, 3.5, 14.25], "texture": "#1"},
				"up": {"uv": [0, 0, 3.5, 14.25], "texture": "#1"},
				"down": {"uv": [0, 0, 3.5, 14.25], "texture": "#1"}
			}
		},
		{
			"from": [6.75, 0, 11],
			"to": [9.25, 4, 15],
			"faces": {
				"north": {"uv": [0, 0, 4, 4], "texture": "#0"},
				"east": {"uv": [0, 0, 4, 4], "texture": "#0"},
				"south": {"uv": [0, 0, 4, 4], "texture": "#0"},
				"west": {"uv": [0, 0, 4, 4], "texture": "#0"},
				"up": {"uv": [0, 0, 4, 4], "texture": "#0"},
				"down": {"uv": [0, 0, 4, 4], "texture": "#0"}
			}
		},
		{
			"from": [6.75, -0.4, 6.45],
			"to": [9.25, 1.25, 10],
			"rotation": {"angle": 22.5, "axis": "x", "origin": [8, 0.25, 8]},
			"faces": {
				"north": {"uv": [0, 0, 3.55, 1.65], "texture": "#0"},
				"east": {"uv": [0, 0, 3.55, 1.65], "texture": "#0"},
				"south": {"uv": [0, 0, 3.55, 1.65], "texture": "#0"},
				"west": {"uv": [0, 0, 3.55, 1.65], "texture": "#0"},
				"up": {"uv": [0, 0, 3.55, 1.65], "texture": "#0"},
				"down": {"uv": [0, 0, 3.55, 1.65], "texture": "#0"}
			}
		},
		{
			"from": [6.75, 3, 4],
			"to": [9.25, 4, 7],
			"faces": {
				"north": {"uv": [0, 0, 3, 1], "texture": "#0"},
				"east": {"uv": [0, 0, 3, 1], "texture": "#0"},
				"south": {"uv": [0, 0, 3, 1], "texture": "#0"},
				"west": {"uv": [0, 0, 3, 1], "texture": "#0"},
				"up": {"uv": [0, 0, 3, 1], "texture": "#0"},
				"down": {"uv": [0, 0, 3, 1], "texture": "#0"}
			}
		},
		{
			"from": [6.75, -0.75, 10.9],
			"to": [9.25, 1.25, 15],
			"rotation": {"angle": -22.5, "axis": "x", "origin": [8, 0.25, 13]},
			"faces": {
				"north": {"uv": [0, 0, 4.1, 2], "texture": "#0"},
				"east": {"uv": [0, 0, 4.1, 2], "texture": "#0"},
				"south": {"uv": [0, 0, 4.1, 2], "texture": "#0"},
				"west": {"uv": [0, 0, 4.1, 2], "texture": "#0"},
				"up": {"uv": [0, 0, 4.1, 2], "texture": "#0"},
				"down": {"uv": [0, 0, 4.1, 2], "texture": "#0"}
			}
		},
		{
			"from": [6.75, -1.5, 8.4],
			"to": [9.25, 0.5, 11.4],
			"faces": {
				"north": {"uv": [0, 0, 3, 2], "texture": "#0"},
				"east": {"uv": [0, 0, 3, 2], "texture": "#0"},
				"south": {"uv": [0, 0, 3, 2], "texture": "#0"},
				"west": {"uv": [0, 0, 3, 2], "texture": "#0"},
				"up": {"uv": [0, 0, 3, 2], "texture": "#0"},
				"down": {"uv": [0, 0, 3, 2], "texture": "#0"}
			}
		},
		{
			"from": [6.75, -0.5, 9],
			"to": [9.25, 0.5, 12],
			"rotation": {"angle": -22.5, "axis": "x", "origin": [8, 0, 10.5]},
			"faces": {
				"north": {"uv": [0, 0, 3, 1], "texture": "#0"},
				"east": {"uv": [0, 0, 3, 1], "texture": "#0"},
				"south": {"uv": [0, 0, 3, 1], "texture": "#0"},
				"west": {"uv": [0, 0, 3, 1], "texture": "#0"},
				"up": {"uv": [0, 0, 3, 1], "texture": "#0"},
				"down": {"uv": [0, 0, 3, 1], "texture": "#0"}
			}
		},
		{
			"from": [6.75, -0.2, 6.6],
			"to": [9.25, 0.7, 9.5],
			"rotation": {"angle": 45, "axis": "x", "origin": [8, 0.45, 7.4]},
			"faces": {
				"north": {"uv": [0, 0, 2.9, 0.9], "texture": "#0"},
				"east": {"uv": [0, 0, 2.9, 0.9], "texture": "#0"},
				"south": {"uv": [0, 0, 2.9, 0.9], "texture": "#0"},
				"west": {"uv": [0, 0, 2.9, 0.9], "texture": "#0"},
				"up": {"uv": [0, 0, 2.9, 0.9], "texture": "#0"},
				"down": {"uv": [0, 0, 2.9, 0.9], "texture": "#0"}
			}
		},
		{
			"from": [6.75, -1.5, 3.75],
			"to": [9.25, 0.15, 5],
			"faces": {
				"north": {"uv": [0, 0, 1.25, 1.65], "texture": "#0"},
				"east": {"uv": [0, 0, 1.25, 1.65], "texture": "#0"},
				"south": {"uv": [0, 0, 1.25, 1.65], "texture": "#0"},
				"west": {"uv": [0, 0, 1.25, 1.65], "texture": "#0"},
				"up": {"uv": [0, 0, 1.25, 1.65], "texture": "#0"},
				"down": {"uv": [0, 0, 1.25, 1.65], "texture": "#0"}
			}
		},
		{
			"from": [6.75, 3.5, 9],
			"to": [9.25, 4.5, 12],
			"rotation": {"angle": 45, "axis": "x", "origin": [8, 4, 10.5]},
			"faces": {
				"north": {"uv": [0, 0, 3, 1], "texture": "#0"},
				"east": {"uv": [0, 0, 3, 1], "texture": "#0"},
				"south": {"uv": [0, 0, 3, 1], "texture": "#0"},
				"west": {"uv": [0, 0, 3, 1], "texture": "#0"},
				"up": {"uv": [0, 0, 3, 1], "texture": "#0"},
				"down": {"uv": [0, 0, 3, 1], "texture": "#0"}
			}
		},
		{
			"from": [6.75, 3.5, 6],
			"to": [9.25, 4.5, 9],
			"rotation": {"angle": -45, "axis": "x", "origin": [8, 4, 7.5]},
			"faces": {
				"north": {"uv": [0, 0, 3, 1], "texture": "#0"},
				"east": {"uv": [0, 0, 3, 1], "texture": "#0"},
				"south": {"uv": [0, 0, 3, 1], "texture": "#0"},
				"west": {"uv": [0, 0, 3, 1], "texture": "#0"},
				"up": {"uv": [0, 0, 3, 1], "texture": "#0"},
				"down": {"uv": [0, 0, 3, 1], "texture": "#0"}
			}
		},
		{
			"from": [6.75, -1.15, 2.65],
			"to": [9.25, 0.35, 4.25],
			"rotation": {"angle": 22.5, "axis": "x", "origin": [8, -0.15, 3.15]},
			"faces": {
				"north": {"uv": [0, 0, 1.6, 1.5], "texture": "#0"},
				"east": {"uv": [0, 0, 1.6, 1.5], "texture": "#0"},
				"south": {"uv": [0, 0, 1.6, 1.5], "texture": "#0"},
				"west": {"uv": [0, 0, 1.6, 1.5], "texture": "#0"},
				"up": {"uv": [0, 0, 1.6, 1.5], "texture": "#0"},
				"down": {"uv": [0, 0, 1.6, 1.5], "texture": "#0"}
			}
		},
		{
			"from": [6.75, -0.45, 1.8],
			"to": [9.25, 1.05, 3.3],
			"rotation": {"angle": 45, "axis": "x", "origin": [8, 0.55, 2.3]},
			"faces": {
				"north": {"uv": [0, 0, 1.5, 1.5], "texture": "#0"},
				"east": {"uv": [0, 0, 1.5, 1.5], "texture": "#0"},
				"south": {"uv": [0, 0, 1.5, 1.5], "texture": "#0"},
				"west": {"uv": [0, 0, 1.5, 1.5], "texture": "#0"},
				"up": {"uv": [0, 0, 1.5, 1.5], "texture": "#0"},
				"down": {"uv": [0, 0, 1.5, 1.5], "texture": "#0"}
			}
		},
		{
			"from": [6.75, 0.55, 0.8],
			"to": [9.25, 2.05, 2.3],
			"rotation": {"angle": -22.5, "axis": "x", "origin": [8, 1.55, 1.8]},
			"faces": {
				"north": {"uv": [0, 0, 1.5, 1.5], "texture": "#0", "rotation": 90},
				"east": {"uv": [0, 0, 1.5, 1.5], "texture": "#0", "rotation": 90},
				"south": {"uv": [0, 0, 1.5, 1.5], "texture": "#0", "rotation": 90},
				"west": {"uv": [0, 0, 1.5, 1.5], "texture": "#0", "rotation": 90},
				"up": {"uv": [0, 0, 1.5, 1.5], "texture": "#0", "rotation": 90},
				"down": {"uv": [0, 0, 1.5, 1.5], "texture": "#0", "rotation": 90}
			}
		},
		{
			"from": [6.75, 1.45, 1.8],
			"to": [9.25, 5.05, 3.3],
			"rotation": {"angle": 45, "axis": "x", "origin": [8, 2.55, 2.8]},
			"faces": {
				"north": {"uv": [0, 0, 3.6, 1.5], "texture": "#0", "rotation": 90},
				"east": {"uv": [0, 0, 3.6, 1.5], "texture": "#0", "rotation": 90},
				"south": {"uv": [0, 0, 3.6, 1.5], "texture": "#0", "rotation": 90},
				"west": {"uv": [0, 0, 3.6, 1.5], "texture": "#0", "rotation": 90},
				"up": {"uv": [0, 0, 3.6, 1.5], "texture": "#0", "rotation": 90},
				"down": {"uv": [0, 0, 3.6, 1.5], "texture": "#0", "rotation": 90}
			}
		},
		{
			"from": [6.75, 0, 5],
			"to": [9.25, 1, 7],
			"faces": {
				"north": {"uv": [0, 0, 2, 1], "texture": "#0"},
				"east": {"uv": [0, 0, 2, 1], "texture": "#0"},
				"south": {"uv": [0, 0, 2, 1], "texture": "#0"},
				"west": {"uv": [0, 0, 2, 1], "texture": "#0"},
				"up": {"uv": [0, 0, 2, 1], "texture": "#0"},
				"down": {"uv": [0, 0, 2, 1], "texture": "#0"}
			}
		},
		{
			"from": [6.75, 1, 6],
			"to": [9.25, 3, 7],
			"faces": {
				"north": {"uv": [0, 0, 1, 2], "texture": "#0"},
				"east": {"uv": [0, 0, 1, 2], "texture": "#0"},
				"south": {"uv": [0, 0, 1, 2], "texture": "#0"},
				"west": {"uv": [0, 0, 1, 2], "texture": "#0"},
				"up": {"uv": [0, 0, 1, 2], "texture": "#0"},
				"down": {"uv": [0, 0, 1, 2], "texture": "#0"}
			}
		},
		{
			"from": [6.75, -0.6, 3.65],
			"to": [9.25, 0.4, 5.65],
			"rotation": {"angle": -45, "axis": "x", "origin": [8, -0.1, 4.65]},
			"faces": {
				"north": {"uv": [0, 0, 2, 1], "texture": "#0"},
				"east": {"uv": [0, 0, 2, 1], "texture": "#0"},
				"south": {"uv": [0, 0, 2, 1], "texture": "#0"},
				"west": {"uv": [0, 0, 2, 1], "texture": "#0"},
				"up": {"uv": [0, 0, 2, 1], "texture": "#0"},
				"down": {"uv": [0, 0, 2, 1], "texture": "#0"}
			}
		},
		{
			"from": [6.75, 3, -0.65],
			"to": [9.25, 4, 2.75],
			"faces": {
				"north": {"uv": [0, 0, 3.5, 1], "texture": "#0"},
				"east": {"uv": [0, 0, 3.5, 1], "texture": "#0"},
				"south": {"uv": [0, 0, 3.5, 1], "texture": "#0"},
				"west": {"uv": [0, 0, 3.5, 1], "texture": "#0"},
				"up": {"uv": [0, 0, 3.5, 1], "texture": "#0"},
				"down": {"uv": [0, 0, 3.5, 1], "texture": "#0"}
			}
		},
		{
			"from": [6.75, 1.5, -0.55],
			"to": [9.25, 3, 1.75],
			"faces": {
				"north": {"uv": [0, 0, 2.5, 1.5], "texture": "#0"},
				"east": {"uv": [0, 0, 2.5, 1.5], "texture": "#0"},
				"south": {"uv": [0, 0, 2.5, 1.5], "texture": "#0"},
				"west": {"uv": [0, 0, 2.5, 1.5], "texture": "#0"},
				"up": {"uv": [0, 0, 2.5, 1.5], "texture": "#0"},
				"down": {"uv": [0, 0, 2.5, 1.5], "texture": "#0"}
			}
		},
		{
			"from": [6.75, 0.5, -0.55],
			"to": [9.25, 3, -0.25],
			"faces": {
				"north": {"uv": [0, 0, 0.5, 2.5], "texture": "#0"},
				"east": {"uv": [0, 0, 0.5, 2.5], "texture": "#0"},
				"south": {"uv": [0, 0, 0.5, 2.5], "texture": "#0"},
				"west": {"uv": [0, 0, 0.5, 2.5], "texture": "#0"},
				"up": {"uv": [0, 0, 0.5, 2.5], "texture": "#0"},
				"down": {"uv": [0, 0, 0.5, 2.5], "texture": "#0"}
			}
		},
		{
			"from": [7.75, 1, 4.25],
			"to": [8.25, 3, 6],
			"faces": {
				"north": {"uv": [0, 0, 1.75, 2], "texture": "#2"},
				"east": {"uv": [0, 0, 1.75, 2], "texture": "#2"},
				"south": {"uv": [0, 0, 1.75, 2], "texture": "#2"},
				"west": {"uv": [0, 0, 1.75, 2], "texture": "#2"},
				"up": {"uv": [0, 0, 1.75, 2], "texture": "#2"},
				"down": {"uv": [0, 0, 1.75, 2], "texture": "#2"}
			}
		},
		{
			"from": [6, 7, -0.75],
			"to": [10, 9.2, 1],
			"faces": {
				"north": {"uv": [0, 0, 1.75, 2.2], "texture": "#0"},
				"east": {"uv": [0, 0, 1.75, 2.2], "texture": "#0"},
				"south": {"uv": [0, 0, 1.75, 2.2], "texture": "#0"},
				"west": {"uv": [0, 0, 1.75, 2.2], "texture": "#0"},
				"up": {"uv": [0, 0, 1.75, 2.2], "texture": "#0"},
				"down": {"uv": [0, 0, 1.75, 2.2], "texture": "#0"}
			}
		},
		{
			"from": [6, 8.5, 1],
			"to": [10, 10, 6.85],
			"faces": {
				"north": {"uv": [0, 0, 5.85, 1.5], "texture": "#0"},
				"east": {"uv": [0, 0, 5.85, 1.5], "texture": "#0"},
				"south": {"uv": [0, 0, 5.85, 1.5], "texture": "#0"},
				"west": {"uv": [0, 0, 5.85, 1.5], "texture": "#0"},
				"up": {"uv": [0, 0, 5.85, 1.5], "texture": "#0"},
				"down": {"uv": [0, 0, 5.85, 1.5], "texture": "#0"}
			}
		},
		{
			"from": [6, 7.725, 6.625],
			"to": [10, 9.975, 8.125],
			"rotation": {"angle": -22.5, "axis": "x", "origin": [8, 6.9, 7.375]},
			"faces": {
				"north": {"uv": [0, 0, 2.25, 1.5], "texture": "#0", "rotation": 90},
				"east": {"uv": [0, 0, 2.25, 1.5], "texture": "#0", "rotation": 90},
				"south": {"uv": [0, 0, 2.25, 1.5], "texture": "#0", "rotation": 90},
				"west": {"uv": [0, 0, 2.25, 1.5], "texture": "#0", "rotation": 90},
				"up": {"uv": [0, 0, 2.25, 1.5], "texture": "#0", "rotation": 90},
				"down": {"uv": [0, 0, 2.25, 1.5], "texture": "#0", "rotation": 90}
			}
		},
		{
			"from": [6, 6.975, 6.375],
			"to": [10, 7.975, 7.775],
			"rotation": {"angle": 0, "axis": "x", "origin": [8, 4.9, 7.125]},
			"faces": {
				"north": {"uv": [0, 0, 1, 1.4], "texture": "#0", "rotation": 90},
				"east": {"uv": [0, 0, 1, 1.4], "texture": "#0", "rotation": 90},
				"south": {"uv": [0, 0, 1, 1.4], "texture": "#0", "rotation": 90},
				"west": {"uv": [0, 0, 1, 1.4], "texture": "#0", "rotation": 90},
				"up": {"uv": [0, 0, 1, 1.4], "texture": "#0", "rotation": 90},
				"down": {"uv": [0, 0, 1, 1.4], "texture": "#0", "rotation": 90}
			}
		},
		{
			"from": [6, 7, 15.25],
			"to": [10, 8, 24],
			"faces": {
				"north": {"uv": [0, 0, 8.75, 1], "texture": "#0"},
				"east": {"uv": [0, 0, 8.75, 1], "texture": "#0"},
				"south": {"uv": [0, 0, 8.75, 1], "texture": "#0"},
				"west": {"uv": [0, 0, 8.75, 1], "texture": "#0"},
				"up": {"uv": [0, 0, 8.75, 1], "texture": "#0"},
				"down": {"uv": [0, 0, 8.75, 1], "texture": "#0"}
			}
		},
		{
			"from": [7.5, 5, -3.5],
			"to": [8.5, 6, -0.75],
			"faces": {
				"north": {"uv": [0, 0, 2.75, 1], "texture": "#2"},
				"east": {"uv": [0, 0, 2.75, 1], "texture": "#2"},
				"south": {"uv": [0, 0, 2.75, 1], "texture": "#2"},
				"west": {"uv": [0, 0, 2.75, 1], "texture": "#2"},
				"up": {"uv": [0, 0, 2.75, 1], "texture": "#2"},
				"down": {"uv": [0, 0, 2.75, 1], "texture": "#2"}
			}
		},
		{
			"from": [6.5, 8.2, -0.35],
			"to": [9.5, 10.7, 1.3],
			"rotation": {"angle": 45, "axis": "x", "origin": [8, 9.1, 0.625]},
			"faces": {
				"north": {"uv": [0, 0, 1.65, 2.5], "texture": "#0"},
				"east": {"uv": [0, 0, 1.65, 2.5], "texture": "#0"},
				"south": {"uv": [0, 0, 1.65, 2.5], "texture": "#0"},
				"west": {"uv": [0, 0, 1.65, 2.5], "texture": "#0"},
				"up": {"uv": [0, 0, 1.65, 2.5], "texture": "#0"},
				"down": {"uv": [0, 0, 1.65, 2.5], "texture": "#0"}
			}
		},
		{
			"from": [8.675, 9.675, 1],
			"to": [9.675, 10.825, 6.85],
			"rotation": {"angle": 22.5, "axis": "z", "origin": [9.175, 10.55, 3.925]},
			"faces": {
				"north": {"uv": [0, 0, 1.15, 5.85], "texture": "#0", "rotation": 90},
				"east": {"uv": [0, 0, 1.15, 5.85], "texture": "#0", "rotation": 90},
				"south": {"uv": [0, 0, 1.15, 5.85], "texture": "#0", "rotation": 90},
				"west": {"uv": [0, 0, 1.15, 5.85], "texture": "#0", "rotation": 90},
				"up": {"uv": [0, 0, 1.15, 5.85], "texture": "#0", "rotation": 90},
				"down": {"uv": [0, 0, 1.15, 5.85], "texture": "#0", "rotation": 90}
			}
		},
		{
			"from": [6.45, 10, 1],
			"to": [9.5, 11, 6.85],
			"faces": {
				"north": {"uv": [0, 0, 5.85, 1], "texture": "#0"},
				"east": {"uv": [0, 0, 5.85, 1], "texture": "#0"},
				"south": {"uv": [0, 0, 5.85, 1], "texture": "#0"},
				"west": {"uv": [0, 0, 5.85, 1], "texture": "#0"},
				"up": {"uv": [0, 0, 5.85, 1], "texture": "#0"},
				"down": {"uv": [0, 0, 5.85, 1], "texture": "#0"}
			}
		},
		{
			"from": [6.3, 9.675, 1],
			"to": [7.3, 10.825, 6.85],
			"rotation": {"angle": -22.5, "axis": "z", "origin": [6.8, 10.55, 3.925]},
			"faces": {
				"north": {"uv": [0, 0, 1.15, 5.85], "texture": "#0", "rotation": 90},
				"east": {"uv": [0, 0, 1.15, 5.85], "texture": "#0", "rotation": 90},
				"south": {"uv": [0, 0, 1.15, 5.85], "texture": "#0", "rotation": 90},
				"west": {"uv": [0, 0, 1.15, 5.85], "texture": "#0", "rotation": 90},
				"up": {"uv": [0, 0, 1.15, 5.85], "texture": "#0", "rotation": 90},
				"down": {"uv": [0, 0, 1.15, 5.85], "texture": "#0", "rotation": 90}
			}
		},
		{
			"from": [7.45, 11, 1],
			"to": [8.5, 11.25, 6.85],
			"faces": {
				"north": {"uv": [0, 0, 5.85, 0.25], "texture": "#0"},
				"east": {"uv": [0, 0, 5.85, 0.25], "texture": "#0"},
				"south": {"uv": [0, 0, 5.85, 0.25], "texture": "#0"},
				"west": {"uv": [0, 0, 5.85, 0.25], "texture": "#0"},
				"up": {"uv": [0, 0, 5.85, 0.25], "texture": "#0"},
				"down": {"uv": [0, 0, 5.85, 0.25], "texture": "#0"}
			}
		},
		{
			"from": [8.2, 11.25, 1],
			"to": [8.5, 11.5, 6.85],
			"faces": {
				"north": {"uv": [0, 0, 5.85, 0.25], "texture": "#0"},
				"east": {"uv": [0, 0, 5.85, 0.25], "texture": "#0"},
				"south": {"uv": [0, 0, 5.85, 0.25], "texture": "#0"},
				"west": {"uv": [0, 0, 5.85, 0.25], "texture": "#0"},
				"up": {"uv": [0, 0, 5.85, 0.25], "texture": "#0"},
				"down": {"uv": [0, 0, 5.85, 0.25], "texture": "#0"}
			}
		},
		{
			"from": [7.45, 11.25, 1],
			"to": [7.75, 11.5, 6.85],
			"faces": {
				"north": {"uv": [0, 0, 5.85, 0.25], "texture": "#0"},
				"east": {"uv": [0, 0, 5.85, 0.25], "texture": "#0"},
				"south": {"uv": [0, 0, 5.85, 0.25], "texture": "#0"},
				"west": {"uv": [0, 0, 5.85, 0.25], "texture": "#0"},
				"up": {"uv": [0, 0, 5.85, 0.25], "texture": "#0"},
				"down": {"uv": [0, 0, 5.85, 0.25], "texture": "#0"}
			}
		}
	],
	"display": {
		"thirdperson_righthand": {
			"scale": [0.5, 0.5, 0.5],
			"translation": [0, 2.5, 2]
		},
		"thirdperson_lefthand": {
			"scale": [0.5, 0.5, 0.5],
			"translation": [0, 2.5, 2]
		},
		"gui": {
			"scale": [0.5, 0.5, 0.5],
			"rotation": [26, 121, 0],
			"translation": [-1, 1.5, 0]
		},
		"ground": {
			"scale": [0.75, 0.75, 0.75],
			"translation": [0, 9, 0]
		},
		"head": {
			"rotation": [-90, 32, 90],
			"translation": [-3.5, -16, 4.5]
		},
		"firstperson_lefthand": {
			"rotation": [-1, 0, 0],
			"translation": [-9, 4.9, 7.5]
		},
		"firstperson_righthand": {
			"translation": [-8.95, 4.9, 7.5],
			"rotation": [-1, 0, 0]
		},
		"fixed": {
			"rotation": [0, 90, 0],
			"translation": [-3.5, 3.5, -2.5]
		}
	}
}