{
	"credit": "Made with Blockbench",
	"textures": {
		"0": "custom/anvil_top_damaged_0",
		"1": "custom/black-metal",
		"2": "custom/brushed-metal"
	},
	"elements": [
		{
			"from": [20, 0, 0],
			"to": [32, 2, 2],
			"faces": {
				"north": {"uv": [0, 0, 12, 2], "texture": "#2"},
				"east": {"uv": [0, 0, 2, 2], "texture": "#2"},
				"south": {"uv": [0, 0, 12, 2], "texture": "#2"},
				"west": {"uv": [0, 0, 2, 2], "texture": "#2"},
				"up": {"uv": [0, 0, 12, 2], "texture": "#2"},
				"down": {"uv": [0, 0, 12, 2], "texture": "#2"}
			}
		},
		{
			"from": [10, -1, 0],
			"to": [24, 3, 2],
			"faces": {
				"north": {"uv": [0, 0, 14, 4], "texture": "#1"},
				"east": {"uv": [0, 0, 2, 4], "texture": "#1"},
				"south": {"uv": [0, 0, 14, 4], "texture": "#1"},
				"west": {"uv": [0, 0, 2, 4], "texture": "#1"},
				"up": {"uv": [0, 0, 14, 2], "texture": "#1"},
				"down": {"uv": [0, 0, 14, 2], "texture": "#1"}
			}
		},
		{
			"from": [-14, -2, -1],
			"to": [-2, 2, 3],
			"faces": {
				"north": {"uv": [0, 0, 12, 4], "texture": "#1"},
				"east": {"uv": [0, 0, 4, 4], "texture": "#1"},
				"south": {"uv": [0, 0, 12, 4], "texture": "#1"},
				"west": {"uv": [0, 0, 4, 4], "texture": "#1"},
				"up": {"uv": [0, 0, 12, 4], "texture": "#1"},
				"down": {"uv": [0, 0, 12, 4], "texture": "#1"}
			}
		},
		{
			"from": [-13.2, -5, -1],
			"to": [0.2, 0, 3],
			"rotation": {"angle": 22.5, "axis": "z", "origin": [-8.2, -3, 1]},
			"faces": {
				"north": {"uv": [0, 0, 13.4, 5], "texture": "#1"},
				"east": {"uv": [0, 0, 4, 5], "texture": "#1"},
				"south": {"uv": [0, 0, 13.4, 5], "texture": "#1"},
				"west": {"uv": [0, 0, 4, 5], "texture": "#1"},
				"up": {"uv": [0, 0, 13.4, 4], "texture": "#1"},
				"down": {"uv": [0, 0, 13.4, 4], "texture": "#1"}
			}
		},
		{
			"from": [-14, -6.77, -1],
			"to": [-12, -1.77, 3],
			"faces": {
				"north": {"uv": [0, 0, 2, 5], "texture": "#1"},
				"east": {"uv": [0, 0, 4, 5], "texture": "#1"},
				"south": {"uv": [0, 0, 2, 5], "texture": "#1"},
				"west": {"uv": [0, 0, 4, 5], "texture": "#1"},
				"up": {"uv": [0, 0, 2, 4], "texture": "#1"},
				"down": {"uv": [0, 0, 2, 4], "texture": "#1"}
			}
		},
		{
			"from": [-1.6, -2, -1],
			"to": [10.3, 3, 3],
			"faces": {
				"north": {"uv": [0, 0, 11.6, 5], "texture": "#1"},
				"east": {"uv": [0, 0, 4, 5], "texture": "#1"},
				"south": {"uv": [0, 0, 11.6, 5], "texture": "#1"},
				"west": {"uv": [0, 0, 4, 5], "texture": "#1"},
				"up": {"uv": [0, 0, 11.6, 4], "texture": "#1"},
				"down": {"uv": [0, 0, 11.6, 4], "texture": "#1"}
			}
		},
		{
			"from": [10, 0, -1],
			"to": [24, 2, 3],
			"faces": {
				"north": {"uv": [0, 0, 14, 2], "texture": "#1"},
				"east": {"uv": [0, 0, 4, 2], "texture": "#1"},
				"south": {"uv": [0, 0, 14, 2], "texture": "#1"},
				"west": {"uv": [0, 0, 4, 2], "texture": "#1"},
				"up": {"uv": [0, 0, 14, 4], "texture": "#1"},
				"down": {"uv": [0, 0, 14, 4], "texture": "#1"}
			}
		},
		{
			"from": [10, 0.3, -1.1],
			"to": [24, 1.7, 3.1],
			"rotation": {"angle": 45, "axis": "x", "origin": [16.5, 1, 1]},
			"faces": {
				"north": {"uv": [0, 0, 14, 1.4], "texture": "#1"},
				"east": {"uv": [0, 0, 4.1, 1.4], "texture": "#1"},
				"south": {"uv": [0, 0, 14, 1.4], "texture": "#1"},
				"west": {"uv": [0, 0, 4.1, 1.4], "texture": "#1"},
				"up": {"uv": [0, 0, 14, 4.1], "texture": "#1"},
				"down": {"uv": [0, 0, 14, 4.1], "texture": "#1"}
			}
		},
		{
			"from": [10, 0.3, -1.1],
			"to": [24, 1.7, 3.1],
			"rotation": {"angle": -45, "axis": "x", "origin": [16.5, 1, 1]},
			"faces": {
				"north": {"uv": [0, 0, 14, 1.4], "texture": "#1"},
				"east": {"uv": [0, 0, 4.1, 1.4], "texture": "#1"},
				"south": {"uv": [0, 0, 14, 1.4], "texture": "#1"},
				"west": {"uv": [0, 0, 4.1, 1.4], "texture": "#1"},
				"up": {"uv": [0, 0, 14, 4.1], "texture": "#1"},
				"down": {"uv": [0, 0, 14, 4.1], "texture": "#1"}
			}
		},
		{
			"from": [-1, 3, 1.65],
			"to": [10.3, 3.85, 3.05],
			"rotation": {"angle": 45, "axis": "x", "origin": [-2, 3.5, 2]},
			"faces": {
				"north": {"uv": [0, 0, 11, 0.85], "texture": "#1"},
				"east": {"uv": [0, 0, 1.4, 0.85], "texture": "#1"},
				"south": {"uv": [0, 0, 11, 0.85], "texture": "#1"},
				"west": {"uv": [0, 0, 1.4, 0.85], "texture": "#1"},
				"up": {"uv": [0, 0, 11, 1.4], "texture": "#1"},
				"down": {"uv": [0, 0, 11, 1.4], "texture": "#1"}
			}
		},
		{
			"from": [-14, 2, 0],
			"to": [-1, 3, 2],
			"faces": {
				"north": {"uv": [0, 0, 13, 1], "texture": "#1"},
				"east": {"uv": [0, 0, 2, 1], "texture": "#1"},
				"south": {"uv": [0, 0, 13, 1], "texture": "#1"},
				"west": {"uv": [0, 0, 2, 1], "texture": "#1"},
				"up": {"uv": [0, 0, 13, 2], "texture": "#1"},
				"down": {"uv": [0, 0, 13, 2], "texture": "#1"}
			}
		},
		{
			"from": [-1, 2.5, -0.85],
			"to": [10.3, 3.35, 0.55],
			"rotation": {"angle": -45, "axis": "x", "origin": [-2, 3, -0.5]},
			"faces": {
				"north": {"uv": [0, 0, 11, 0.85], "texture": "#1"},
				"east": {"uv": [0, 0, 1.4, 0.85], "texture": "#1"},
				"south": {"uv": [0, 0, 11, 0.85], "texture": "#1"},
				"west": {"uv": [0, 0, 1.4, 0.85], "texture": "#1"},
				"up": {"uv": [0, 0, 11, 1.4], "texture": "#1"},
				"down": {"uv": [0, 0, 11, 1.4], "texture": "#1"}
			}
		},
		{
			"from": [6, -11, -0.6],
			"to": [10, -6, 2.5],
			"faces": {
				"north": {"uv": [0, 0, 4, 5], "texture": "#1"},
				"east": {"uv": [0, 0, 3.1, 5], "texture": "#1"},
				"south": {"uv": [0, 0, 4, 5], "texture": "#1"},
				"west": {"uv": [0, 0, 3.1, 5], "texture": "#1"},
				"up": {"uv": [0, 0, 4, 3.1], "texture": "#1"},
				"down": {"uv": [0, 0, 4, 3.1], "texture": "#1"}
			}
		},
		{
			"from": [6, -6.2, -1],
			"to": [10.3, -2, 3],
			"faces": {
				"north": {"uv": [0, 0, 4, 4.2], "texture": "#1"},
				"east": {"uv": [0, 0, 4, 4.2], "texture": "#1"},
				"south": {"uv": [0, 0, 4, 4.2], "texture": "#1"},
				"west": {"uv": [0, 0, 4, 4.2], "texture": "#1"},
				"up": {"uv": [0, 0, 4, 4], "texture": "#1"},
				"down": {"uv": [0, 0, 4, 4], "texture": "#1"}
			}
		},
		{
			"from": [-3, -11, -0.6],
			"to": [0, -2, 2.6],
			"rotation": {"angle": -22.5, "axis": "z", "origin": [-2, -10, 1]},
			"faces": {
				"north": {"uv": [0, 0, 3, 9], "texture": "#1", "rotation": 90},
				"east": {"uv": [0, 0, 4, 9], "texture": "#1"},
				"south": {"uv": [0, 0, 3, 9], "texture": "#1"},
				"west": {"uv": [0, 0, 4, 9], "texture": "#1"},
				"up": {"uv": [0, 0, 3, 4], "texture": "#1"},
				"down": {"uv": [0, 0, 3, 4], "texture": "#1"}
			}
		},
		{
			"from": [-0.6, -4, -1],
			"to": [6, -2, 3],
			"faces": {
				"north": {"uv": [0, 0, 6.6, 2], "texture": "#1"},
				"east": {"uv": [0, 0, 4, 2], "texture": "#1"},
				"south": {"uv": [0, 0, 6.6, 2], "texture": "#1"},
				"west": {"uv": [0, 0, 4, 2], "texture": "#1"},
				"up": {"uv": [0, 0, 6.6, 4], "texture": "#1"},
				"down": {"uv": [0, 0, 6.6, 4], "texture": "#1"}
			}
		},
		{
			"from": [1, -7.8, -1],
			"to": [5.8, -6.5, 3],
			"faces": {
				"north": {"uv": [0, 0, 4.8, 1.3], "texture": "#1"},
				"east": {"uv": [0, 0, 4, 1.3], "texture": "#1"},
				"south": {"uv": [0, 0, 4.8, 1.3], "texture": "#1"},
				"west": {"uv": [0, 0, 4, 1.3], "texture": "#1"},
				"up": {"uv": [0, 0, 4.8, 4], "texture": "#1"},
				"down": {"uv": [0, 0, 4.8, 4], "texture": "#1"}
			}
		},
		{
			"from": [5.6, -7, -1],
			"to": [10, -5.6, 3],
			"rotation": {"angle": 22.5, "axis": "z", "origin": [7.7, -6.85, 1]},
			"faces": {
				"north": {"uv": [0, 0, 4.4, 1.4], "texture": "#1"},
				"east": {"uv": [0, 0, 4, 1.4], "texture": "#1"},
				"south": {"uv": [0, 0, 4.4, 1.4], "texture": "#1"},
				"west": {"uv": [0, 0, 4, 1.4], "texture": "#1"},
				"up": {"uv": [0, 0, 4.4, 4], "texture": "#1"},
				"down": {"uv": [0, 0, 4.4, 4], "texture": "#1"}
			}
		},
		{
			"from": [3.85, -5.85, 0],
			"to": [4.25, -3.05, 2],
			"rotation": {"angle": 22.5, "axis": "z", "origin": [3.6, -4.45, 1]},
			"faces": {
				"north": {"uv": [3, 0, 3.4, 2.8], "texture": "#0", "rotation": 270},
				"east": {"uv": [3, 0, 5, 2.8], "texture": "#0", "rotation": 270},
				"south": {"uv": [3, 0, 3.4, 2.8], "texture": "#0", "rotation": 270},
				"west": {"uv": [3, 0, 5, 2.8], "texture": "#0", "rotation": 270},
				"up": {"uv": [3, 0, 3.4, 2], "texture": "#0", "rotation": 270},
				"down": {"uv": [3, 0, 3.4, 2], "texture": "#0", "rotation": 270}
			}
		},
		{
			"from": [-1, 3, 0],
			"to": [10.3, 4, 2],
			"faces": {
				"north": {"uv": [0, 0, 11, 1], "texture": "#1"},
				"east": {"uv": [0, 0, 2, 1], "texture": "#1"},
				"south": {"uv": [0, 0, 11, 1], "texture": "#1"},
				"west": {"uv": [0, 0, 2, 1], "texture": "#1"},
				"up": {"uv": [0, 0, 11, 2], "texture": "#1"},
				"down": {"uv": [0, 0, 11, 2], "texture": "#1"}
			}
		},
		{
			"from": [-14, 2, 1.65],
			"to": [-1, 2.85, 3.05],
			"rotation": {"angle": 45, "axis": "x", "origin": [-2, 2.5, 2]},
			"faces": {
				"north": {"uv": [0, 0, 13, 0.85], "texture": "#1"},
				"east": {"uv": [0, 0, 1.4, 0.85], "texture": "#1"},
				"south": {"uv": [0, 0, 13, 0.85], "texture": "#1"},
				"west": {"uv": [0, 0, 1.4, 0.85], "texture": "#1"},
				"up": {"uv": [0, 0, 13, 1.4], "texture": "#1"},
				"down": {"uv": [0, 0, 13, 1.4], "texture": "#1"}
			}
		},
		{
			"from": [-14, 1.5, -0.85],
			"to": [-1, 2.35, 0.55],
			"rotation": {"angle": -45, "axis": "x", "origin": [-2, 2, -0.5]},
			"faces": {
				"north": {"uv": [0, 0, 13, 0.85], "texture": "#1"},
				"east": {"uv": [0, 0, 1.4, 0.85], "texture": "#1"},
				"south": {"uv": [0, 0, 13, 0.85], "texture": "#1"},
				"west": {"uv": [0, 0, 1.4, 0.85], "texture": "#1"},
				"up": {"uv": [0, 0, 13, 1.4], "texture": "#1"},
				"down": {"uv": [0, 0, 13, 1.4], "texture": "#1"}
			}
		},
		{
			"from": [-0.6, -1, -1.1],
			"to": [9.3, 2, 3.1],
			"faces": {
				"north": {"uv": [0, 0, 9.9, 3], "texture": "#1"},
				"east": {"uv": [0, 0, 9.9, 3], "texture": "#1"},
				"south": {"uv": [0, 0, 9.9, 3], "texture": "#1"},
				"west": {"uv": [0, 0, 9.9, 3], "texture": "#1"},
				"up": {"uv": [0, 0, 9.9, 3], "texture": "#1"},
				"down": {"uv": [0, 0, 9.9, 3], "texture": "#1"}
			}
		},
		{
			"from": [-1, 3, 0],
			"to": [1.3, 4.4, 2],
			"faces": {
				"north": {"uv": [0, 0, 11, 1], "texture": "#1"},
				"east": {"uv": [0, 0, 2, 1], "texture": "#1"},
				"south": {"uv": [0, 0, 11, 1], "texture": "#1"},
				"west": {"uv": [0, 0, 2, 1], "texture": "#1"},
				"up": {"uv": [0, 0, 11, 2], "texture": "#1"},
				"down": {"uv": [0, 0, 11, 2], "texture": "#1"}
			}
		},
		{
			"from": [-1, 4, 0],
			"to": [1.3, 5.4, 0.3],
			"faces": {
				"north": {"uv": [0, 0, 11, 1], "texture": "#1"},
				"east": {"uv": [0, 0, 2, 1], "texture": "#1"},
				"south": {"uv": [0, 0, 11, 1], "texture": "#1"},
				"west": {"uv": [0, 0, 2, 1], "texture": "#1"},
				"up": {"uv": [0, 0, 11, 2], "texture": "#1"},
				"down": {"uv": [0, 0, 11, 2], "texture": "#1"}
			}
		},
		{
			"from": [-1, 4, 1.7],
			"to": [1.3, 5.4, 2],
			"faces": {
				"north": {"uv": [0, 0, 11, 1], "texture": "#1"},
				"east": {"uv": [0, 0, 2, 1], "texture": "#1"},
				"south": {"uv": [0, 0, 11, 1], "texture": "#1"},
				"west": {"uv": [0, 0, 2, 1], "texture": "#1"},
				"up": {"uv": [0, 0, 11, 2], "texture": "#1"},
				"down": {"uv": [0, 0, 11, 2], "texture": "#1"}
			}
		},
		{
			"from": [23.6, 3, 0.2],
			"to": [23.9, 3.7, 1.8],
			"faces": {
				"north": {"uv": [0, 0, 11, 1], "texture": "#1"},
				"east": {"uv": [0, 0, 2, 1], "texture": "#1"},
				"south": {"uv": [0, 0, 11, 1], "texture": "#1"},
				"west": {"uv": [0, 0, 2, 1], "texture": "#1"},
				"up": {"uv": [0, 0, 11, 2], "texture": "#1"},
				"down": {"uv": [0, 0, 11, 2], "texture": "#1"}
			}
		},
		{
			"from": [23.6, 3.7, 0.6],
			"to": [23.9, 4.7, 1.4],
			"faces": {
				"north": {"uv": [0, 0, 11, 1], "texture": "#1"},
				"east": {"uv": [0, 0, 2, 1], "texture": "#1"},
				"south": {"uv": [0, 0, 11, 1], "texture": "#1"},
				"west": {"uv": [0, 0, 2, 1], "texture": "#1"},
				"up": {"uv": [0, 0, 11, 2], "texture": "#1"},
				"down": {"uv": [0, 0, 11, 2], "texture": "#1"}
			}
		},
		{
			"from": [23.2, 2.7, 0.6],
			"to": [23.5, 4.7, 1.4],
			"rotation": {"angle": -22.5, "axis": "z", "origin": [23.35, 3.7, 1]},
			"faces": {
				"north": {"uv": [0, 0, 11, 1], "texture": "#1"},
				"east": {"uv": [0, 0, 2, 1], "texture": "#1"},
				"south": {"uv": [0, 0, 11, 1], "texture": "#1"},
				"west": {"uv": [0, 0, 2, 1], "texture": "#1"},
				"up": {"uv": [0, 0, 11, 2], "texture": "#1"},
				"down": {"uv": [0, 0, 11, 2], "texture": "#1"}
			}
		}
	],
	"display": {
		"thirdperson_righthand": {
			"scale": [0.75, 0.5, 0.5],
			"rotation": [0, 90, 0],
			"translation": [-2.5, 6.5, -1.5]
		},
		"thirdperson_lefthand": {
			"scale": [0.75, 0.5, 0.5],
			"rotation": [0, -90, 0],
			"translation": [-9.5, 6.5, -1.5]
		},
		"firstperson_righthand": {
			"scale": [1.825, 1.825, 1.825],
			"rotation": [0, 98, 0],
			"translation": [25, 5, -24.5]
		},
		"firstperson_lefthand": {
			"scale": [1.825, 1.825, 1.825],
			"rotation": [0, -98, 0],
			"translation": [4.5, 5, -24.5]
		},
		"ground": {
			"scale": [1.5, 1, 1],
			"translation": [0.5, 13, 7]
		},
		"gui": {
			"scale": [0.36, 0.24, 0.24],
			"translation": [-0.25, 2.5, -6],
			"rotation": [35, -164, 0]
		}
	}
}