{
	"credit": "Made by MadstonMagic, using Cubik Pro & Blockbench",
	"textures": {
		"texture": "weapons/beretta_92fs/base"
	},
	"elements": [
		{
			"from": [2, 11.75, 7.75],
			"to": [8.6, 12, 8.25],
			"faces": {
				"north": {"uv": [13, 5.75, 14, 6.75], "texture": "#texture"},
				"east": {"uv": [13, 5.75, 14, 6.75], "texture": "#texture"},
				"south": {"uv": [13, 5.75, 14, 6.75], "texture": "#texture"},
				"west": {"uv": [13, 5.75, 14, 6.75], "texture": "#texture"},
				"up": {"uv": [13, 5.75, 14, 6.75], "texture": "#texture"},
				"down": {"uv": [13, 5.75, 14, 6.75], "texture": "#texture"}
			}
		},
		{
			"from": [2, 11, 7.75],
			"to": [8.6, 11.25, 8.25],
			"faces": {
				"north": {"uv": [13, 5.75, 14, 6.75], "texture": "#texture"},
				"east": {"uv": [13, 5.75, 14, 6.75], "texture": "#texture"},
				"south": {"uv": [13, 5.75, 14, 6.75], "texture": "#texture"},
				"west": {"uv": [13, 5.75, 14, 6.75], "texture": "#texture"},
				"up": {"uv": [13, 5.75, 14, 6.75], "texture": "#texture"},
				"down": {"uv": [13, 5.75, 14, 6.75], "texture": "#texture"}
			}
		},
		{
			"name": "barrel",
			"from": [2, 11.485, 7.5],
			"to": [8.6, 11.75, 7.854],
			"rotation": {"angle": -45, "axis": "x", "origin": [2, 11.75, 7.5]},
			"faces": {
				"north": {"uv": [13, 5.75, 14, 6.75], "texture": "#texture"},
				"east": {"uv": [13, 5.75, 14, 6.75], "texture": "#texture"},
				"south": {"uv": [13, 5.75, 14, 6.75], "texture": "#texture"},
				"west": {"uv": [13, 5.75, 14, 6.75], "texture": "#texture"},
				"up": {"uv": [13, 5.75, 14, 6.75], "texture": "#texture"},
				"down": {"uv": [13, 5.75, 14, 6.75], "texture": "#texture"}
			}
		},
		{
			"name": "barrel",
			"from": [2, 11.1725, 7.6875],
			"to": [8.6, 11.4375, 8.0415],
			"rotation": {"angle": 45, "axis": "x", "origin": [2, 11.4375, 7.6875]},
			"faces": {
				"north": {"uv": [13, 5.75, 14, 6.75], "texture": "#texture"},
				"east": {"uv": [13, 5.75, 14, 6.75], "texture": "#texture"},
				"south": {"uv": [13, 5.75, 14, 6.75], "texture": "#texture"},
				"west": {"uv": [13, 5.75, 14, 6.75], "texture": "#texture"},
				"up": {"uv": [13, 5.75, 14, 6.75], "texture": "#texture"},
				"down": {"uv": [13, 5.75, 14, 6.75], "texture": "#texture"}
			}
		},
		{
			"name": "barrel",
			"from": [2, 10.9225, 8.0625],
			"to": [8.6, 11.1875, 8.4165],
			"rotation": {"angle": -45, "axis": "x", "origin": [2, 11.1875, 8.0625]},
			"faces": {
				"north": {"uv": [13, 5.75, 14, 6.75], "texture": "#texture"},
				"east": {"uv": [13, 5.75, 14, 6.75], "texture": "#texture"},
				"south": {"uv": [13, 5.75, 14, 6.75], "texture": "#texture"},
				"west": {"uv": [13, 5.75, 14, 6.75], "texture": "#texture"},
				"up": {"uv": [13, 5.75, 14, 6.75], "texture": "#texture"},
				"down": {"uv": [13, 5.75, 14, 6.75], "texture": "#texture"}
			}
		},
		{
			"name": "barrel",
			"from": [2, 11.735, 8.25],
			"to": [8.6, 12, 8.604],
			"rotation": {"angle": 45, "axis": "x", "origin": [2, 12, 8.25]},
			"faces": {
				"north": {"uv": [13, 5.75, 14, 6.75], "texture": "#texture"},
				"east": {"uv": [13, 5.75, 14, 6.75], "texture": "#texture"},
				"south": {"uv": [13, 5.75, 14, 6.75], "texture": "#texture"},
				"west": {"uv": [13, 5.75, 14, 6.75], "texture": "#texture"},
				"up": {"uv": [13, 5.75, 14, 6.75], "texture": "#texture"},
				"down": {"uv": [13, 5.75, 14, 6.75], "texture": "#texture"}
			}
		},
		{
			"from": [2, 11.25, 8.25],
			"to": [8.6, 11.75, 8.5],
			"faces": {
				"north": {"uv": [13, 5.75, 14, 6.75], "texture": "#texture"},
				"east": {"uv": [13, 5.75, 14, 6.75], "texture": "#texture"},
				"south": {"uv": [13, 5.75, 14, 6.75], "texture": "#texture"},
				"west": {"uv": [13, 5.75, 14, 6.75], "texture": "#texture"},
				"up": {"uv": [13, 5.75, 14, 6.75], "texture": "#texture"},
				"down": {"uv": [13, 5.75, 14, 6.75], "texture": "#texture"}
			}
		},
		{
			"from": [2, 11.25, 7.5],
			"to": [8.6, 11.75, 7.75],
			"faces": {
				"north": {"uv": [13, 5.75, 14, 6.75], "texture": "#texture"},
				"east": {"uv": [13, 5.75, 14, 6.75], "texture": "#texture"},
				"south": {"uv": [13, 5.75, 14, 6.75], "texture": "#texture"},
				"west": {"uv": [13, 5.75, 14, 6.75], "texture": "#texture"},
				"up": {"uv": [13, 5.75, 14, 6.75], "texture": "#texture"},
				"down": {"uv": [13, 5.75, 14, 6.75], "texture": "#texture"}
			}
		},
		{
			"from": [11, 10.5, 7.75],
			"to": [11.5, 12, 8.25],
			"rotation": {"angle": 22.5, "axis": "z", "origin": [11, 12, 7.75]},
			"faces": {
				"north": {"uv": [13, 2.75, 13.75, 3.5], "texture": "#texture"},
				"east": {"uv": [13.25, 2.5, 14, 3.25], "texture": "#texture"},
				"south": {"uv": [13.25, 2.5, 14, 3.25], "texture": "#texture"},
				"west": {"uv": [13, 2.5, 13.75, 3.25], "texture": "#texture"},
				"up": {"uv": [13, 2.5, 13.75, 3.25], "texture": "#texture"},
				"down": {"uv": [13, 2.5, 13.75, 3.25], "texture": "#texture"}
			}
		},
		{
			"from": [11.5, 10.5, 7.75],
			"to": [12.5, 11, 8.25],
			"faces": {
				"north": {"uv": [13, 2.75, 13.75, 3.5], "texture": "#texture"},
				"east": {"uv": [13.25, 2.5, 14, 3.25], "texture": "#texture"},
				"south": {"uv": [13.25, 2.5, 14, 3.25], "texture": "#texture"},
				"west": {"uv": [13, 2.5, 13.75, 3.25], "texture": "#texture"},
				"up": {"uv": [13, 2.5, 13.75, 3.25], "texture": "#texture"},
				"down": {"uv": [13, 2.5, 13.75, 3.25], "texture": "#texture"}
			}
		},
		{
			"from": [11.625, 11, 7.75],
			"to": [12.375, 11.25, 8.25],
			"rotation": {"angle": -22.5, "axis": "z", "origin": [11.625, 11.25, 7.75]},
			"faces": {
				"north": {"uv": [13, 2.75, 13.75, 3.5], "texture": "#texture"},
				"east": {"uv": [13.25, 2.5, 14, 3.25], "texture": "#texture"},
				"south": {"uv": [13.25, 2.5, 14, 3.25], "texture": "#texture"},
				"west": {"uv": [13, 2.5, 13.75, 3.25], "texture": "#texture"},
				"up": {"uv": [13, 2.5, 13.75, 3.25], "texture": "#texture"},
				"down": {"uv": [13, 2.5, 13.75, 3.25], "texture": "#texture"}
			}
		},
		{
			"from": [3.25, 10, 7.75],
			"to": [11.5, 10.75, 8.25],
			"faces": {
				"north": {"uv": [13, 2.75, 13.75, 3.5], "texture": "#texture"},
				"east": {"uv": [13.25, 2.5, 14, 3.25], "texture": "#texture"},
				"south": {"uv": [13.25, 2.5, 14, 3.25], "texture": "#texture"},
				"west": {"uv": [13, 2.5, 13.75, 3.25], "texture": "#texture"},
				"up": {"uv": [13, 2.5, 13.75, 3.25], "texture": "#texture"},
				"down": {"uv": [13, 2.5, 13.75, 3.25], "texture": "#texture"}
			}
		},
		{
			"from": [11.27, 10.02, 7.75],
			"to": [12.395, 10.52, 8.25],
			"rotation": {"angle": 22.5, "axis": "z", "origin": [11.27, 10.52, 7.75]},
			"faces": {
				"north": {"uv": [13, 2.75, 13.75, 3.5], "texture": "#texture"},
				"east": {"uv": [13.25, 2.5, 14, 3.25], "texture": "#texture"},
				"south": {"uv": [13.25, 2.5, 14, 3.25], "texture": "#texture"},
				"west": {"uv": [13, 2.5, 13.75, 3.25], "texture": "#texture"},
				"up": {"uv": [13, 2.5, 13.75, 3.25], "texture": "#texture"},
				"down": {"uv": [13, 2.5, 13.75, 3.25], "texture": "#texture"}
			}
		},
		{
			"from": [3.25, 10.25, 7.5],
			"to": [10.5, 10.75, 8.5],
			"faces": {
				"north": {"uv": [13, 2.75, 13.75, 3.5], "texture": "#texture"},
				"east": {"uv": [13.25, 2.5, 14, 3.25], "texture": "#texture"},
				"south": {"uv": [13.25, 2.5, 14, 3.25], "texture": "#texture"},
				"west": {"uv": [13, 2.5, 13.75, 3.25], "texture": "#texture"},
				"up": {"uv": [13, 2.5, 13.75, 3.25], "texture": "#texture"},
				"down": {"uv": [13, 2.5, 13.75, 3.25], "texture": "#texture"}
			}
		},
		{
			"from": [3.25, 10.145, 8.25],
			"to": [10.5, 10.5, 8.605],
			"rotation": {"angle": 45, "axis": "x", "origin": [3.25, 10.5, 8.25]},
			"faces": {
				"north": {"uv": [13, 2.75, 13.75, 3.5], "texture": "#texture"},
				"east": {"uv": [13.25, 2.5, 14, 3.25], "texture": "#texture"},
				"south": {"uv": [13.25, 2.5, 14, 3.25], "texture": "#texture"},
				"west": {"uv": [13, 2.5, 13.75, 3.25], "texture": "#texture"},
				"up": {"uv": [13, 2.5, 13.75, 3.25], "texture": "#texture"},
				"down": {"uv": [13, 2.5, 13.75, 3.25], "texture": "#texture"}
			}
		},
		{
			"from": [3.25, 9.895, 7.5],
			"to": [10.875, 10.25, 7.855],
			"rotation": {"angle": -45, "axis": "x", "origin": [3.25, 10.25, 7.5]},
			"faces": {
				"north": {"uv": [13, 2.75, 13.75, 3.5], "texture": "#texture"},
				"east": {"uv": [13.25, 2.5, 14, 3.25], "texture": "#texture"},
				"south": {"uv": [13.25, 2.5, 14, 3.25], "texture": "#texture"},
				"west": {"uv": [13, 2.5, 13.75, 3.25], "texture": "#texture"},
				"up": {"uv": [13, 2.5, 13.75, 3.25], "texture": "#texture"},
				"down": {"uv": [13, 2.5, 13.75, 3.25], "texture": "#texture"}
			}
		},
		{
			"from": [7.5, 9.5, 7.5],
			"to": [11.5625, 10.875, 8.5],
			"faces": {
				"north": {"uv": [13, 2.75, 13.75, 3.5], "texture": "#texture"},
				"east": {"uv": [13.25, 2.5, 14, 3.25], "texture": "#texture"},
				"south": {"uv": [13.25, 2.5, 14, 3.25], "texture": "#texture"},
				"west": {"uv": [13, 2.5, 13.75, 3.25], "texture": "#texture"},
				"up": {"uv": [13, 2.5, 13.75, 3.25], "texture": "#texture"},
				"down": {"uv": [13, 2.5, 13.75, 3.25], "texture": "#texture"}
			}
		},
		{
			"from": [6.5, 9.085, 7.5],
			"to": [7.215, 10.5, 8.5],
			"rotation": {"angle": 45, "axis": "z", "origin": [6.5, 10.5, 7.5]},
			"faces": {
				"north": {"uv": [13, 2.75, 13.75, 3.5], "texture": "#texture"},
				"east": {"uv": [13.25, 2.5, 14, 3.25], "texture": "#texture"},
				"south": {"uv": [13.25, 2.5, 14, 3.25], "texture": "#texture"},
				"west": {"uv": [13, 2.5, 13.75, 3.25], "texture": "#texture"},
				"up": {"uv": [13, 2.5, 13.75, 3.25], "texture": "#texture"},
				"down": {"uv": [13, 2.5, 13.75, 3.25], "texture": "#texture"}
			}
		},
		{
			"from": [9.125, 4.4375, 7.5],
			"to": [11.5, 9.5, 8.5],
			"rotation": {"angle": 22.5, "axis": "z", "origin": [9.125, 9.5, 7.5]},
			"faces": {
				"north": {"uv": [13, 2.75, 13.75, 3.5], "texture": "#texture"},
				"east": {"uv": [13.25, 2.5, 14, 3.25], "texture": "#texture"},
				"south": {"uv": [13.25, 2.5, 14, 3.25], "texture": "#texture"},
				"west": {"uv": [13, 2.5, 13.75, 3.25], "texture": "#texture"},
				"up": {"uv": [13, 2.5, 13.75, 3.25], "texture": "#texture"},
				"down": {"uv": [13, 2.5, 13.75, 3.25], "texture": "#texture"}
			}
		},
		{
			"from": [7.25, 7.875, 7.625],
			"to": [7.625, 8.375, 8.375],
			"rotation": {"angle": 45, "axis": "z", "origin": [7.25, 8.375, 7.625]},
			"faces": {
				"north": {"uv": [13.125, 5.875, 13.875, 6.625], "texture": "#texture"},
				"east": {"uv": [13.125, 5.875, 13.875, 6.625], "texture": "#texture"},
				"south": {"uv": [13.125, 5.875, 13.875, 6.625], "texture": "#texture"},
				"west": {"uv": [13.125, 5.875, 13.875, 6.625], "texture": "#texture"},
				"up": {"uv": [13.125, 5.875, 13.875, 6.625], "texture": "#texture"},
				"down": {"uv": [13.125, 5.875, 13.875, 6.625], "texture": "#texture"}
			}
		},
		{
			"from": [7.5, 8.25, 7.625],
			"to": [7.75, 10, 8.375],
			"faces": {
				"north": {"uv": [13.125, 5.875, 13.875, 6.625], "texture": "#texture"},
				"east": {"uv": [13.125, 5.875, 13.875, 6.625], "texture": "#texture"},
				"south": {"uv": [13.125, 5.875, 13.875, 6.625], "texture": "#texture"},
				"west": {"uv": [13.125, 5.875, 13.875, 6.625], "texture": "#texture"},
				"up": {"uv": [13.125, 5.875, 13.875, 6.625], "texture": "#texture"},
				"down": {"uv": [13.125, 5.875, 13.875, 6.625], "texture": "#texture"}
			}
		},
		{
			"from": [7.75, 8.125, 7.625],
			"to": [8.25, 8.375, 8.375],
			"rotation": {"angle": -22.5, "axis": "z", "origin": [7.75, 8.375, 7.625]},
			"faces": {
				"north": {"uv": [13.125, 5.875, 13.875, 6.625], "texture": "#texture"},
				"east": {"uv": [13.125, 5.875, 13.875, 6.625], "texture": "#texture"},
				"south": {"uv": [13.125, 5.875, 13.875, 6.625], "texture": "#texture"},
				"west": {"uv": [13.125, 5.875, 13.875, 6.625], "texture": "#texture"},
				"up": {"uv": [13.125, 5.875, 13.875, 6.625], "texture": "#texture"},
				"down": {"uv": [13.125, 5.875, 13.875, 6.625], "texture": "#texture"}
			}
		},
		{
			"from": [8.125, 7.9375, 7.625],
			"to": [9.375, 8.1875, 8.375],
			"faces": {
				"north": {"uv": [13.125, 5.875, 13.875, 6.625], "texture": "#texture"},
				"east": {"uv": [13.125, 5.875, 13.875, 6.625], "texture": "#texture"},
				"south": {"uv": [13.125, 5.875, 13.875, 6.625], "texture": "#texture"},
				"west": {"uv": [13.125, 5.875, 13.875, 6.625], "texture": "#texture"},
				"up": {"uv": [13.125, 5.875, 13.875, 6.625], "texture": "#texture"},
				"down": {"uv": [13.125, 5.875, 13.875, 6.625], "texture": "#texture"}
			}
		},
		{
			"from": [9.28, 7.9175, 7.625],
			"to": [10.405, 8.1675, 8.375],
			"rotation": {"angle": 22.5, "axis": "z", "origin": [9.28, 8.1675, 7.625]},
			"faces": {
				"north": {"uv": [13.125, 5.875, 13.875, 6.625], "texture": "#texture"},
				"east": {"uv": [13.125, 5.875, 13.875, 6.625], "texture": "#texture"},
				"south": {"uv": [13.125, 5.875, 13.875, 6.625], "texture": "#texture"},
				"west": {"uv": [13.125, 5.875, 13.875, 6.625], "texture": "#texture"},
				"up": {"uv": [13.125, 5.875, 13.875, 6.625], "texture": "#texture"},
				"down": {"uv": [13.125, 5.875, 13.875, 6.625], "texture": "#texture"}
			}
		},
		{
			"from": [7.615, 8.02, 7.625],
			"to": [7.99, 8.27, 8.375],
			"faces": {
				"north": {"uv": [13.125, 5.875, 13.875, 6.625], "texture": "#texture"},
				"east": {"uv": [13.125, 5.875, 13.875, 6.625], "texture": "#texture"},
				"south": {"uv": [13.125, 5.875, 13.875, 6.625], "texture": "#texture"},
				"west": {"uv": [13.125, 5.875, 13.875, 6.625], "texture": "#texture"},
				"up": {"uv": [13.125, 5.875, 13.875, 6.625], "texture": "#texture"},
				"down": {"uv": [13.125, 5.875, 13.875, 6.625], "texture": "#texture"}
			}
		},
		{
			"from": [11.25, 8.875, 7.75],
			"to": [12.125, 11, 8.25],
			"rotation": {"angle": -22.5, "axis": "z", "origin": [11.25, 11, 7.75]},
			"faces": {
				"north": {"uv": [13, 2.75, 13.75, 3.5], "texture": "#texture"},
				"east": {"uv": [13.25, 2.5, 14, 3.25], "texture": "#texture"},
				"south": {"uv": [13.25, 2.5, 14, 3.25], "texture": "#texture"},
				"west": {"uv": [13, 2.5, 13.75, 3.25], "texture": "#texture"},
				"up": {"uv": [13, 2.5, 13.75, 3.25], "texture": "#texture"},
				"down": {"uv": [13, 2.5, 13.75, 3.25], "texture": "#texture"}
			}
		},
		{
			"from": [10.875, 8.125, 7.75],
			"to": [11.75, 10.25, 8.25],
			"faces": {
				"north": {"uv": [13, 2.75, 13.75, 3.5], "texture": "#texture"},
				"east": {"uv": [13.25, 2.5, 14, 3.25], "texture": "#texture"},
				"south": {"uv": [13.25, 2.5, 14, 3.25], "texture": "#texture"},
				"west": {"uv": [13, 2.5, 13.75, 3.25], "texture": "#texture"},
				"up": {"uv": [13, 2.5, 13.75, 3.25], "texture": "#texture"},
				"down": {"uv": [13, 2.5, 13.75, 3.25], "texture": "#texture"}
			}
		},
		{
			"name": "handle",
			"from": [9.5, 5.125, 7.25],
			"to": [10.625, 9, 8.75],
			"rotation": {"angle": 22.5, "axis": "z", "origin": [9.5, 9, 7.25]},
			"faces": {
				"north": {"uv": [13.125, 4.25, 13.875, 5], "texture": "#texture"},
				"east": {"uv": [13.125, 4.25, 13.875, 5], "texture": "#texture"},
				"south": {"uv": [13, 4.125, 13.75, 4.875], "texture": "#texture"},
				"west": {"uv": [13, 4.375, 13.75, 5.125], "texture": "#texture"},
				"up": {"uv": [13, 4.125, 13.75, 4.875], "texture": "#texture"},
				"down": {"uv": [13, 4.25, 13.75, 5], "texture": "#texture"}
			}
		},
		{
			"name": "handle",
			"from": [9.5, 9, 7.25],
			"to": [11.5, 10, 8.75],
			"faces": {
				"north": {"uv": [13.125, 4.25, 13.875, 5], "texture": "#texture"},
				"east": {"uv": [13.125, 4.25, 13.875, 5], "texture": "#texture"},
				"south": {"uv": [13, 4.125, 13.75, 4.875], "texture": "#texture"},
				"west": {"uv": [13, 4.375, 13.75, 5.125], "texture": "#texture"},
				"up": {"uv": [13, 4.125, 13.75, 4.875], "texture": "#texture"},
				"down": {"uv": [13, 4.25, 13.75, 5], "texture": "#texture"}
			}
		},
		{
			"name": "handle",
			"from": [10.5625, 5.0625, 7.25],
			"to": [11.5625, 9, 8.75],
			"rotation": {"angle": 22.5, "axis": "z", "origin": [10.5625, 9, 7.25]},
			"faces": {
				"north": {"uv": [13.125, 4.25, 13.875, 5], "texture": "#texture"},
				"east": {"uv": [13.125, 4.25, 13.875, 5], "texture": "#texture"},
				"south": {"uv": [13, 4.125, 13.75, 4.875], "texture": "#texture"},
				"west": {"uv": [13, 4.375, 13.75, 5.125], "texture": "#texture"},
				"up": {"uv": [13, 4.125, 13.75, 4.875], "texture": "#texture"},
				"down": {"uv": [13, 4.25, 13.75, 5], "texture": "#texture"}
			}
		},
		{
			"from": [10.5, 5, 7.5],
			"to": [12.125, 7.5, 8.5],
			"faces": {
				"north": {"uv": [13, 2.75, 13.75, 3.5], "texture": "#texture"},
				"east": {"uv": [13.25, 2.5, 14, 3.25], "texture": "#texture"},
				"south": {"uv": [13.25, 2.5, 14, 3.25], "texture": "#texture"},
				"west": {"uv": [13, 2.5, 13.75, 3.25], "texture": "#texture"},
				"up": {"uv": [13, 2.5, 13.75, 3.25], "texture": "#texture"},
				"down": {"uv": [13, 2.5, 13.75, 3.25], "texture": "#texture"}
			}
		},
		{
			"from": [11.5, 5, 7.5],
			"to": [13.25, 5.75, 8.5],
			"faces": {
				"north": {"uv": [13, 2.75, 13.75, 3.5], "texture": "#texture"},
				"east": {"uv": [13.25, 2.5, 14, 3.25], "texture": "#texture"},
				"south": {"uv": [13.25, 2.5, 14, 3.25], "texture": "#texture"},
				"west": {"uv": [13, 2.5, 13.75, 3.25], "texture": "#texture"},
				"up": {"uv": [13, 2.5, 13.75, 3.25], "texture": "#texture"},
				"down": {"uv": [13, 2.5, 13.75, 3.25], "texture": "#texture"}
			}
		},
		{
			"from": [10.75, 4.75, 7.5],
			"to": [13, 5, 8.5],
			"faces": {
				"north": {"uv": [13, 2.75, 13.75, 3.5], "texture": "#texture"},
				"east": {"uv": [13.25, 2.5, 14, 3.25], "texture": "#texture"},
				"south": {"uv": [13.25, 2.5, 14, 3.25], "texture": "#texture"},
				"west": {"uv": [13, 2.5, 13.75, 3.25], "texture": "#texture"},
				"up": {"uv": [13, 2.5, 13.75, 3.25], "texture": "#texture"},
				"down": {"uv": [13, 2.5, 13.75, 3.25], "texture": "#texture"}
			}
		},
		{
			"from": [10.5, 4.645, 7.5],
			"to": [10.855, 5, 8.5],
			"rotation": {"angle": 45, "axis": "z", "origin": [10.5, 5, 7.5]},
			"faces": {
				"north": {"uv": [13, 2.75, 13.75, 3.5], "texture": "#texture"},
				"east": {"uv": [13.25, 2.5, 14, 3.25], "texture": "#texture"},
				"south": {"uv": [13.25, 2.5, 14, 3.25], "texture": "#texture"},
				"west": {"uv": [13, 2.5, 13.75, 3.25], "texture": "#texture"},
				"up": {"uv": [13, 2.5, 13.75, 3.25], "texture": "#texture"},
				"down": {"uv": [13, 2.5, 13.75, 3.25], "texture": "#texture"}
			}
		},
		{
			"from": [13, 4.895, 7.5],
			"to": [13.355, 5.25, 8.5],
			"rotation": {"angle": -45, "axis": "z", "origin": [13, 5.25, 7.5]},
			"faces": {
				"north": {"uv": [13, 2.75, 13.75, 3.5], "texture": "#texture"},
				"east": {"uv": [13.25, 2.5, 14, 3.25], "texture": "#texture"},
				"south": {"uv": [13.25, 2.5, 14, 3.25], "texture": "#texture"},
				"west": {"uv": [13, 2.5, 13.75, 3.25], "texture": "#texture"},
				"up": {"uv": [13, 2.5, 13.75, 3.25], "texture": "#texture"},
				"down": {"uv": [13, 2.5, 13.75, 3.25], "texture": "#texture"}
			}
		},
		{
			"name": "handle",
			"from": [10.75, 5.25, 7.25],
			"to": [12.125, 6.125, 8.75],
			"faces": {
				"north": {"uv": [13.125, 4.25, 13.875, 5], "texture": "#texture"},
				"east": {"uv": [13.125, 4.25, 13.875, 5], "texture": "#texture"},
				"south": {"uv": [13, 4.125, 13.75, 4.875], "texture": "#texture"},
				"west": {"uv": [13, 4.375, 13.75, 5.125], "texture": "#texture"},
				"up": {"uv": [13, 4.125, 13.75, 4.875], "texture": "#texture"},
				"down": {"uv": [13, 4.25, 13.75, 5], "texture": "#texture"}
			}
		},
		{
			"name": "handle",
			"from": [12.125, 5.25, 7.25],
			"to": [13, 5.75, 8.75],
			"faces": {
				"north": {"uv": [13.125, 4.25, 13.875, 5], "texture": "#texture"},
				"east": {"uv": [13.125, 4.25, 13.875, 5], "texture": "#texture"},
				"south": {"uv": [13, 4.125, 13.75, 4.875], "texture": "#texture"},
				"west": {"uv": [13, 4.375, 13.75, 5.125], "texture": "#texture"},
				"up": {"uv": [13, 4.125, 13.75, 4.875], "texture": "#texture"},
				"down": {"uv": [13, 4.25, 13.75, 5], "texture": "#texture"}
			}
		},
		{
			"name": "handle",
			"from": [11, 5, 7.25],
			"to": [12.75, 5.25, 8.75],
			"faces": {
				"north": {"uv": [13.125, 4.25, 13.875, 5], "texture": "#texture"},
				"east": {"uv": [13.125, 4.25, 13.875, 5], "texture": "#texture"},
				"south": {"uv": [13, 4.125, 13.75, 4.875], "texture": "#texture"},
				"west": {"uv": [13, 4.375, 13.75, 5.125], "texture": "#texture"},
				"up": {"uv": [13, 4.125, 13.75, 4.875], "texture": "#texture"},
				"down": {"uv": [13, 4.25, 13.75, 5], "texture": "#texture"}
			}
		},
		{
			"name": "handle",
			"from": [10.75, 4.895, 7.25],
			"to": [11.105, 5.25, 8.75],
			"rotation": {"angle": 45, "axis": "z", "origin": [10.75, 5.25, 7.25]},
			"faces": {
				"north": {"uv": [13.125, 4.25, 13.875, 5], "texture": "#texture"},
				"east": {"uv": [13.125, 4.25, 13.875, 5], "texture": "#texture"},
				"south": {"uv": [13, 4.125, 13.75, 4.875], "texture": "#texture"},
				"west": {"uv": [13, 4.375, 13.75, 5.125], "texture": "#texture"},
				"up": {"uv": [13, 4.125, 13.75, 4.875], "texture": "#texture"},
				"down": {"uv": [13, 4.25, 13.75, 5], "texture": "#texture"}
			}
		},
		{
			"name": "handle",
			"from": [12.75, 5.145, 7.25],
			"to": [13.105, 5.5, 8.75],
			"rotation": {"angle": -45, "axis": "z", "origin": [12.75, 5.5, 7.25]},
			"faces": {
				"north": {"uv": [13.125, 4.25, 13.875, 5], "texture": "#texture"},
				"east": {"uv": [13.125, 4.25, 13.875, 5], "texture": "#texture"},
				"south": {"uv": [13, 4.125, 13.75, 4.875], "texture": "#texture"},
				"west": {"uv": [13, 4.375, 13.75, 5.125], "texture": "#texture"},
				"up": {"uv": [13, 4.125, 13.75, 4.875], "texture": "#texture"},
				"down": {"uv": [13, 4.25, 13.75, 5], "texture": "#texture"}
			}
		},
		{
			"name": "safety",
			"from": [8.875, 10.25, 8.375],
			"to": [10, 10.5, 8.625],
			"faces": {
				"north": {"uv": [11.5, 2.375, 12.25, 3.125], "texture": "#texture"},
				"east": {"uv": [11.375, 2.625, 12.125, 3.375], "texture": "#texture"},
				"south": {"uv": [11.5, 2.375, 12.25, 3.125], "texture": "#texture"},
				"west": {"uv": [11.5, 2.375, 12.25, 3.125], "texture": "#texture"},
				"up": {"uv": [11.5, 2.625, 12.25, 3.375], "texture": "#texture"},
				"down": {"uv": [11.375, 2.375, 12.125, 3.125], "texture": "#texture"}
			}
		},
		{
			"name": "safety",
			"from": [9, 10.125, 8.375],
			"to": [9.5, 10.625, 8.625],
			"faces": {
				"north": {"uv": [11.5, 2.375, 12.25, 3.125], "texture": "#texture"},
				"east": {"uv": [11.375, 2.625, 12.125, 3.375], "texture": "#texture"},
				"south": {"uv": [11.5, 2.375, 12.25, 3.125], "texture": "#texture"},
				"west": {"uv": [11.5, 2.375, 12.25, 3.125], "texture": "#texture"},
				"up": {"uv": [11.5, 2.625, 12.25, 3.375], "texture": "#texture"},
				"down": {"uv": [11.375, 2.375, 12.125, 3.125], "texture": "#texture"}
			}
		},
		{
			"name": "safety",
			"from": [9.25, 10.02, 8.375],
			"to": [9.605, 10.375, 8.625],
			"rotation": {"angle": 45, "axis": "z", "origin": [9.25, 10.375, 8.375]},
			"faces": {
				"north": {"uv": [11.5, 2.375, 12.25, 3.125], "texture": "#texture"},
				"east": {"uv": [11.375, 2.625, 12.125, 3.375], "texture": "#texture"},
				"south": {"uv": [11.5, 2.375, 12.25, 3.125], "texture": "#texture"},
				"west": {"uv": [11.5, 2.375, 12.25, 3.125], "texture": "#texture"},
				"up": {"uv": [11.5, 2.625, 12.25, 3.375], "texture": "#texture"},
				"down": {"uv": [11.375, 2.375, 12.125, 3.125], "texture": "#texture"}
			}
		},
		{
			"name": "safety",
			"from": [9, 10.45, 8.375],
			"to": [9.175, 10.625, 8.625],
			"rotation": {"angle": -45, "axis": "z", "origin": [9, 10.625, 8.375]},
			"faces": {
				"north": {"uv": [11.5, 2.375, 12.25, 3.125], "texture": "#texture"},
				"east": {"uv": [11.375, 2.625, 12.125, 3.375], "texture": "#texture"},
				"south": {"uv": [11.5, 2.375, 12.25, 3.125], "texture": "#texture"},
				"west": {"uv": [11.5, 2.375, 12.25, 3.125], "texture": "#texture"},
				"up": {"uv": [11.5, 2.625, 12.25, 3.375], "texture": "#texture"},
				"down": {"uv": [11.375, 2.375, 12.125, 3.125], "texture": "#texture"}
			}
		},
		{
			"name": "safety",
			"from": [8.875, 10.075, 8.375],
			"to": [9.05, 10.25, 8.625],
			"rotation": {"angle": 45, "axis": "z", "origin": [8.875, 10.25, 8.375]},
			"faces": {
				"north": {"uv": [11.5, 2.375, 12.25, 3.125], "texture": "#texture"},
				"east": {"uv": [11.375, 2.625, 12.125, 3.375], "texture": "#texture"},
				"south": {"uv": [11.5, 2.375, 12.25, 3.125], "texture": "#texture"},
				"west": {"uv": [11.5, 2.375, 12.25, 3.125], "texture": "#texture"},
				"up": {"uv": [11.5, 2.625, 12.25, 3.375], "texture": "#texture"},
				"down": {"uv": [11.375, 2.375, 12.125, 3.125], "texture": "#texture"}
			}
		},
		{
			"name": "safety",
			"from": [9.375, 10.5, 8.375],
			"to": [10.75, 10.75, 8.625],
			"faces": {
				"north": {"uv": [11.5, 2.375, 12.25, 3.125], "texture": "#texture"},
				"east": {"uv": [11.375, 2.625, 12.125, 3.375], "texture": "#texture"},
				"south": {"uv": [11.5, 2.375, 12.25, 3.125], "texture": "#texture"},
				"west": {"uv": [11.5, 2.375, 12.25, 3.125], "texture": "#texture"},
				"up": {"uv": [11.5, 2.625, 12.25, 3.375], "texture": "#texture"},
				"down": {"uv": [11.375, 2.375, 12.125, 3.125], "texture": "#texture"}
			}
		},
		{
			"name": "safety",
			"from": [9.25, 10.27, 8.375],
			"to": [9.605, 10.625, 8.625],
			"rotation": {"angle": 45, "axis": "z", "origin": [9.25, 10.625, 8.375]},
			"faces": {
				"north": {"uv": [11.5, 2.375, 12.25, 3.125], "texture": "#texture"},
				"east": {"uv": [11.375, 2.625, 12.125, 3.375], "texture": "#texture"},
				"south": {"uv": [11.5, 2.375, 12.25, 3.125], "texture": "#texture"},
				"west": {"uv": [11.5, 2.375, 12.25, 3.125], "texture": "#texture"},
				"up": {"uv": [11.5, 2.625, 12.25, 3.375], "texture": "#texture"},
				"down": {"uv": [11.375, 2.375, 12.125, 3.125], "texture": "#texture"}
			}
		},
		{
			"name": "safety",
			"from": [9.625, 10.5, 8.5],
			"to": [10.25, 10.75, 8.75],
			"faces": {
				"north": {"uv": [11.5, 2.375, 12.25, 3.125], "texture": "#texture"},
				"east": {"uv": [11.375, 2.625, 12.125, 3.375], "texture": "#texture"},
				"south": {"uv": [11.5, 2.375, 12.25, 3.125], "texture": "#texture"},
				"west": {"uv": [11.5, 2.375, 12.25, 3.125], "texture": "#texture"},
				"up": {"uv": [11.5, 2.625, 12.25, 3.375], "texture": "#texture"},
				"down": {"uv": [11.375, 2.375, 12.125, 3.125], "texture": "#texture"}
			}
		},
		{
			"name": "safety",
			"from": [9.625, 10.395, 8.5],
			"to": [10.25, 10.75, 8.855],
			"rotation": {"angle": 45, "axis": "x", "origin": [9.625, 10.75, 8.5]},
			"faces": {
				"north": {"uv": [11.5, 2.375, 12.25, 3.125], "texture": "#texture"},
				"east": {"uv": [11.375, 2.625, 12.125, 3.375], "texture": "#texture"},
				"south": {"uv": [11.5, 2.375, 12.25, 3.125], "texture": "#texture"},
				"west": {"uv": [11.5, 2.375, 12.25, 3.125], "texture": "#texture"},
				"up": {"uv": [11.5, 2.625, 12.25, 3.375], "texture": "#texture"},
				"down": {"uv": [11.375, 2.375, 12.125, 3.125], "texture": "#texture"}
			}
		},
		{
			"from": [8.25, 8.75, 7.875],
			"to": [8.625, 10, 8.125],
			"rotation": {"angle": 22.5, "axis": "z", "origin": [8.25, 10, 7.875]},
			"faces": {
				"north": {"uv": [13, 2.75, 13.75, 3.5], "texture": "#texture"},
				"east": {"uv": [13.25, 2.5, 14, 3.25], "texture": "#texture"},
				"south": {"uv": [13.25, 2.5, 14, 3.25], "texture": "#texture"},
				"west": {"uv": [13, 2.5, 13.75, 3.25], "texture": "#texture"},
				"up": {"uv": [13, 2.5, 13.75, 3.25], "texture": "#texture"},
				"down": {"uv": [13, 2.5, 13.75, 3.25], "texture": "#texture"}
			}
		},
		{
			"from": [9, 8.5, 7.875],
			"to": [9.375, 9.75, 8.125],
			"rotation": {"angle": -22.5, "axis": "z", "origin": [9, 9.75, 7.875]},
			"faces": {
				"north": {"uv": [13, 2.75, 13.75, 3.5], "texture": "#texture"},
				"east": {"uv": [13.25, 2.5, 14, 3.25], "texture": "#texture"},
				"south": {"uv": [13.25, 2.5, 14, 3.25], "texture": "#texture"},
				"west": {"uv": [13, 2.5, 13.75, 3.25], "texture": "#texture"},
				"up": {"uv": [13, 2.5, 13.75, 3.25], "texture": "#texture"},
				"down": {"uv": [13, 2.5, 13.75, 3.25], "texture": "#texture"}
			}
		},
		{
			"from": [8.625, 9.25, 7.875],
			"to": [9.125, 9.75, 8.125],
			"rotation": {"angle": 22.5, "axis": "z", "origin": [8.625, 9.75, 7.875]},
			"faces": {
				"north": {"uv": [13, 2.75, 13.75, 3.5], "texture": "#texture"},
				"east": {"uv": [13.25, 2.5, 14, 3.25], "texture": "#texture"},
				"south": {"uv": [13.25, 2.5, 14, 3.25], "texture": "#texture"},
				"west": {"uv": [13, 2.5, 13.75, 3.25], "texture": "#texture"},
				"up": {"uv": [13, 2.5, 13.75, 3.25], "texture": "#texture"},
				"down": {"uv": [13, 2.5, 13.75, 3.25], "texture": "#texture"}
			}
		},
		{
			"from": [8.5625, 8.625, 7.875],
			"to": [8.8125, 9.875, 8.125],
			"faces": {
				"north": {"uv": [13, 2.75, 13.75, 3.5], "texture": "#texture"},
				"east": {"uv": [13.25, 2.5, 14, 3.25], "texture": "#texture"},
				"south": {"uv": [13.25, 2.5, 14, 3.25], "texture": "#texture"},
				"west": {"uv": [13, 2.5, 13.75, 3.25], "texture": "#texture"},
				"up": {"uv": [13, 2.5, 13.75, 3.25], "texture": "#texture"},
				"down": {"uv": [13, 2.5, 13.75, 3.25], "texture": "#texture"}
			}
		},
		{
			"name": "safety",
			"from": [7.625, 10.375, 8.375],
			"to": [8.5, 10.75, 8.625],
			"faces": {
				"north": {"uv": [11.5, 2.375, 12.25, 3.125], "texture": "#texture"},
				"east": {"uv": [11.375, 2.625, 12.125, 3.375], "texture": "#texture"},
				"south": {"uv": [11.5, 2.375, 12.25, 3.125], "texture": "#texture"},
				"west": {"uv": [11.5, 2.375, 12.25, 3.125], "texture": "#texture"},
				"up": {"uv": [11.5, 2.625, 12.25, 3.375], "texture": "#texture"},
				"down": {"uv": [11.375, 2.375, 12.125, 3.125], "texture": "#texture"}
			}
		},
		{
			"name": "safety",
			"from": [8.125, 10, 8.375],
			"to": [8.5, 10.5, 8.625],
			"rotation": {"angle": 22.5, "axis": "z", "origin": [8.125, 10.5, 8.375]},
			"faces": {
				"north": {"uv": [11.5, 2.375, 12.25, 3.125], "texture": "#texture"},
				"east": {"uv": [11.375, 2.625, 12.125, 3.375], "texture": "#texture"},
				"south": {"uv": [11.5, 2.375, 12.25, 3.125], "texture": "#texture"},
				"west": {"uv": [11.5, 2.375, 12.25, 3.125], "texture": "#texture"},
				"up": {"uv": [11.5, 2.625, 12.25, 3.375], "texture": "#texture"},
				"down": {"uv": [11.375, 2.375, 12.125, 3.125], "texture": "#texture"}
			}
		},
		{
			"name": "screw",
			"from": [10.25, 9.625, 7.1875],
			"to": [10.5, 10.125, 8.8125],
			"faces": {
				"north": {"uv": [14.625, 7.75, 15.375, 8.5], "texture": "#texture"},
				"east": {"uv": [14.625, 7.5, 15.375, 8.25], "texture": "#texture"},
				"south": {"uv": [14.75, 7.5, 15.5, 8.25], "texture": "#texture"},
				"west": {"uv": [14.75, 7.625, 15.5, 8.375], "texture": "#texture"},
				"up": {"uv": [14.875, 7.625, 15.625, 8.375], "texture": "#texture"},
				"down": {"uv": [14.625, 7.375, 15.375, 8.125], "texture": "#texture"}
			}
		},
		{
			"name": "screw",
			"from": [10.125, 9.75, 7.1875],
			"to": [10.625, 10, 8.8125],
			"faces": {
				"north": {"uv": [14.625, 7.75, 15.375, 8.5], "texture": "#texture"},
				"east": {"uv": [14.625, 7.5, 15.375, 8.25], "texture": "#texture"},
				"south": {"uv": [14.75, 7.5, 15.5, 8.25], "texture": "#texture"},
				"west": {"uv": [14.75, 7.625, 15.5, 8.375], "texture": "#texture"},
				"up": {"uv": [14.875, 7.625, 15.625, 8.375], "texture": "#texture"},
				"down": {"uv": [14.625, 7.375, 15.375, 8.125], "texture": "#texture"}
			}
		},
		{
			"name": "screw",
			"from": [10.125, 9.47, 7.1875],
			"to": [10.3, 10, 8.8125],
			"rotation": {"angle": 45, "axis": "z", "origin": [10.125, 10, 7.1875]},
			"faces": {
				"north": {"uv": [14.625, 7.75, 15.375, 8.5], "texture": "#texture"},
				"east": {"uv": [14.625, 7.5, 15.375, 8.25], "texture": "#texture"},
				"south": {"uv": [14.75, 7.5, 15.5, 8.25], "texture": "#texture"},
				"west": {"uv": [14.75, 7.625, 15.5, 8.375], "texture": "#texture"},
				"up": {"uv": [14.875, 7.625, 15.625, 8.375], "texture": "#texture"},
				"down": {"uv": [14.625, 7.375, 15.375, 8.125], "texture": "#texture"}
			}
		},
		{
			"name": "screw",
			"from": [10.5, 9.595, 7.1875],
			"to": [10.675, 10.125, 8.8125],
			"rotation": {"angle": -45, "axis": "z", "origin": [10.5, 10.125, 7.1875]},
			"faces": {
				"north": {"uv": [14.625, 7.75, 15.375, 8.5], "texture": "#texture"},
				"east": {"uv": [14.625, 7.5, 15.375, 8.25], "texture": "#texture"},
				"south": {"uv": [14.75, 7.5, 15.5, 8.25], "texture": "#texture"},
				"west": {"uv": [14.75, 7.625, 15.5, 8.375], "texture": "#texture"},
				"up": {"uv": [14.875, 7.625, 15.625, 8.375], "texture": "#texture"},
				"down": {"uv": [14.625, 7.375, 15.375, 8.125], "texture": "#texture"}
			}
		},
		{
			"from": [11.375, 10.375, 7.5],
			"to": [12, 11.375, 8.5],
			"rotation": {"angle": -45, "axis": "z", "origin": [11.375, 11.375, 7.5]},
			"faces": {
				"north": {"uv": [13, 2.75, 13.75, 3.5], "texture": "#texture"},
				"east": {"uv": [13.25, 2.5, 14, 3.25], "texture": "#texture"},
				"south": {"uv": [13.25, 2.5, 14, 3.25], "texture": "#texture"},
				"west": {"uv": [13, 2.5, 13.75, 3.25], "texture": "#texture"},
				"up": {"uv": [13, 2.5, 13.75, 3.25], "texture": "#texture"},
				"down": {"uv": [13, 2.5, 13.75, 3.25], "texture": "#texture"}
			}
		},
		{
			"name": "screw*",
			"from": [9.75, 8.125, 7.1875],
			"to": [10, 8.625, 8.8125],
			"faces": {
				"north": {"uv": [14.625, 7.75, 15.375, 8.5], "texture": "#texture"},
				"east": {"uv": [14.625, 7.5, 15.375, 8.25], "texture": "#texture"},
				"south": {"uv": [14.75, 7.5, 15.5, 8.25], "texture": "#texture"},
				"west": {"uv": [14.75, 7.625, 15.5, 8.375], "texture": "#texture"},
				"up": {"uv": [14.875, 7.625, 15.625, 8.375], "texture": "#texture"},
				"down": {"uv": [14.625, 7.375, 15.375, 8.125], "texture": "#texture"}
			}
		},
		{
			"name": "screw*",
			"from": [9.625, 8.25, 7.1875],
			"to": [10.125, 8.5, 8.8125],
			"faces": {
				"north": {"uv": [14.625, 7.75, 15.375, 8.5], "texture": "#texture"},
				"east": {"uv": [14.625, 7.5, 15.375, 8.25], "texture": "#texture"},
				"south": {"uv": [14.75, 7.5, 15.5, 8.25], "texture": "#texture"},
				"west": {"uv": [14.75, 7.625, 15.5, 8.375], "texture": "#texture"},
				"up": {"uv": [14.875, 7.625, 15.625, 8.375], "texture": "#texture"},
				"down": {"uv": [14.625, 7.375, 15.375, 8.125], "texture": "#texture"}
			}
		},
		{
			"name": "screw*",
			"from": [10, 8.095, 7.1875],
			"to": [10.175, 8.625, 8.8125],
			"rotation": {"angle": -45, "axis": "z", "origin": [10, 8.625, 7.1875]},
			"faces": {
				"north": {"uv": [14.625, 7.75, 15.375, 8.5], "texture": "#texture"},
				"east": {"uv": [14.625, 7.5, 15.375, 8.25], "texture": "#texture"},
				"south": {"uv": [14.75, 7.5, 15.5, 8.25], "texture": "#texture"},
				"west": {"uv": [14.75, 7.625, 15.5, 8.375], "texture": "#texture"},
				"up": {"uv": [14.875, 7.625, 15.625, 8.375], "texture": "#texture"},
				"down": {"uv": [14.625, 7.375, 15.375, 8.125], "texture": "#texture"}
			}
		},
		{
			"name": "screw*",
			"from": [9.625, 7.97, 7.1875],
			"to": [9.8, 8.5, 8.8125],
			"rotation": {"angle": 45, "axis": "z", "origin": [9.625, 8.5, 7.1875]},
			"faces": {
				"north": {"uv": [14.625, 7.75, 15.375, 8.5], "texture": "#texture"},
				"east": {"uv": [14.625, 7.5, 15.375, 8.25], "texture": "#texture"},
				"south": {"uv": [14.75, 7.5, 15.5, 8.25], "texture": "#texture"},
				"west": {"uv": [14.75, 7.625, 15.5, 8.375], "texture": "#texture"},
				"up": {"uv": [14.875, 7.625, 15.625, 8.375], "texture": "#texture"},
				"down": {"uv": [14.625, 7.375, 15.375, 8.125], "texture": "#texture"}
			}
		},
		{
			"name": "screw*",
			"from": [11.75, 4.875, 7.1875],
			"to": [12, 5.375, 8.8125],
			"faces": {
				"north": {"uv": [14.625, 7.75, 15.375, 8.5], "texture": "#texture"},
				"east": {"uv": [14.625, 7.5, 15.375, 8.25], "texture": "#texture"},
				"south": {"uv": [14.75, 7.5, 15.5, 8.25], "texture": "#texture"},
				"west": {"uv": [14.75, 7.625, 15.5, 8.375], "texture": "#texture"},
				"up": {"uv": [14.875, 7.625, 15.625, 8.375], "texture": "#texture"},
				"down": {"uv": [14.625, 7.375, 15.375, 8.125], "texture": "#texture"}
			}
		},
		{
			"name": "screw*",
			"from": [11.625, 5, 7.1875],
			"to": [12.125, 5.25, 8.8125],
			"faces": {
				"north": {"uv": [14.625, 7.75, 15.375, 8.5], "texture": "#texture"},
				"east": {"uv": [14.625, 7.5, 15.375, 8.25], "texture": "#texture"},
				"south": {"uv": [14.75, 7.5, 15.5, 8.25], "texture": "#texture"},
				"west": {"uv": [14.75, 7.625, 15.5, 8.375], "texture": "#texture"},
				"up": {"uv": [14.875, 7.625, 15.625, 8.375], "texture": "#texture"},
				"down": {"uv": [14.625, 7.375, 15.375, 8.125], "texture": "#texture"}
			}
		},
		{
			"name": "screw*",
			"from": [11.625, 4.72, 7.1875],
			"to": [11.8, 5.25, 8.8125],
			"rotation": {"angle": 45, "axis": "z", "origin": [11.625, 5.25, 7.1875]},
			"faces": {
				"north": {"uv": [14.625, 7.75, 15.375, 8.5], "texture": "#texture"},
				"east": {"uv": [14.625, 7.5, 15.375, 8.25], "texture": "#texture"},
				"south": {"uv": [14.75, 7.5, 15.5, 8.25], "texture": "#texture"},
				"west": {"uv": [14.75, 7.625, 15.5, 8.375], "texture": "#texture"},
				"up": {"uv": [14.875, 7.625, 15.625, 8.375], "texture": "#texture"},
				"down": {"uv": [14.625, 7.375, 15.375, 8.125], "texture": "#texture"}
			}
		},
		{
			"name": "screw*",
			"from": [12, 4.845, 7.1875],
			"to": [12.175, 5.375, 8.8125],
			"rotation": {"angle": -45, "axis": "z", "origin": [12, 5.375, 7.1875]},
			"faces": {
				"north": {"uv": [14.625, 7.75, 15.375, 8.5], "texture": "#texture"},
				"east": {"uv": [14.625, 7.5, 15.375, 8.25], "texture": "#texture"},
				"south": {"uv": [14.75, 7.5, 15.5, 8.25], "texture": "#texture"},
				"west": {"uv": [14.75, 7.625, 15.5, 8.375], "texture": "#texture"},
				"up": {"uv": [14.875, 7.625, 15.625, 8.375], "texture": "#texture"},
				"down": {"uv": [14.625, 7.375, 15.375, 8.125], "texture": "#texture"}
			}
		},
		{
			"from": [6.8325, 9, 7.625],
			"to": [7.0825, 10.75, 8.375],
			"rotation": {"angle": 22.5, "axis": "z", "origin": [6.8325, 10.75, 7.625]},
			"faces": {
				"north": {"uv": [13.125, 5.875, 13.875, 6.625], "texture": "#texture"},
				"east": {"uv": [13.125, 5.875, 13.875, 6.625], "texture": "#texture"},
				"south": {"uv": [13.125, 5.875, 13.875, 6.625], "texture": "#texture"},
				"west": {"uv": [13.125, 5.875, 13.875, 6.625], "texture": "#texture"},
				"up": {"uv": [13.125, 5.875, 13.875, 6.625], "texture": "#texture"},
				"down": {"uv": [13.125, 5.875, 13.875, 6.625], "texture": "#texture"}
			}
		},
		{
			"from": [2.5, 10.125, 7.75],
			"to": [10.75, 10.75, 8.25],
			"faces": {
				"north": {"uv": [11.375, 7.375, 12.125, 8.125], "texture": "#texture"},
				"east": {"uv": [11.5, 7.625, 12.25, 8.375], "texture": "#texture"},
				"south": {"uv": [11.375, 7.375, 12.125, 8.125], "texture": "#texture"},
				"west": {"uv": [11.375, 7.375, 12.125, 8.125], "texture": "#texture"},
				"up": {"uv": [11.375, 7.5, 12.125, 8.25], "texture": "#texture"},
				"down": {"uv": [11.5, 7.75, 12.25, 8.5], "texture": "#texture"}
			}
		},
		{
			"from": [2.5, 10.25, 7.625],
			"to": [10.75, 10.75, 8.375],
			"faces": {
				"north": {"uv": [11.375, 7.375, 12.125, 8.125], "texture": "#texture"},
				"east": {"uv": [11.5, 7.625, 12.25, 8.375], "texture": "#texture"},
				"south": {"uv": [11.375, 7.375, 12.125, 8.125], "texture": "#texture"},
				"west": {"uv": [11.375, 7.375, 12.125, 8.125], "texture": "#texture"},
				"up": {"uv": [11.375, 7.5, 12.125, 8.25], "texture": "#texture"},
				"down": {"uv": [11.5, 7.75, 12.25, 8.5], "texture": "#texture"}
			}
		},
		{
			"from": [2.5, 10.095, 8],
			"to": [10.75, 10.625, 8.175],
			"rotation": {"angle": 45, "axis": "x", "origin": [2.5, 10.625, 8]},
			"faces": {
				"north": {"uv": [11.375, 7.375, 12.125, 8.125], "texture": "#texture"},
				"east": {"uv": [11.5, 7.625, 12.25, 8.375], "texture": "#texture"},
				"south": {"uv": [11.375, 7.375, 12.125, 8.125], "texture": "#texture"},
				"west": {"uv": [11.375, 7.375, 12.125, 8.125], "texture": "#texture"},
				"up": {"uv": [11.375, 7.5, 12.125, 8.25], "texture": "#texture"},
				"down": {"uv": [11.5, 7.75, 12.25, 8.5], "texture": "#texture"}
			}
		},
		{
			"from": [2.5, 9.97, 7.875],
			"to": [10.75, 10.5, 8.05],
			"rotation": {"angle": -45, "axis": "x", "origin": [2.5, 10.5, 7.875]},
			"faces": {
				"north": {"uv": [11.375, 7.375, 12.125, 8.125], "texture": "#texture"},
				"east": {"uv": [11.5, 7.625, 12.25, 8.375], "texture": "#texture"},
				"south": {"uv": [11.375, 7.375, 12.125, 8.125], "texture": "#texture"},
				"west": {"uv": [11.375, 7.375, 12.125, 8.125], "texture": "#texture"},
				"up": {"uv": [11.375, 7.5, 12.125, 8.25], "texture": "#texture"},
				"down": {"uv": [11.5, 7.75, 12.25, 8.5], "texture": "#texture"}
			}
		},
		{
			"from": [6.125, 10.345, 7.5],
			"to": [7.625, 10.875, 8.5],
			"rotation": {"angle": -22.5, "axis": "z", "origin": [6.125, 10.875, 7.5]},
			"faces": {
				"north": {"uv": [13, 2.75, 13.75, 3.5], "texture": "#texture"},
				"east": {"uv": [13.25, 2.5, 14, 3.25], "texture": "#texture"},
				"south": {"uv": [13.25, 2.5, 14, 3.25], "texture": "#texture"},
				"west": {"uv": [13, 2.5, 13.75, 3.25], "texture": "#texture"},
				"up": {"uv": [13, 2.5, 13.75, 3.25], "texture": "#texture"},
				"down": {"uv": [13, 2.5, 13.75, 3.25], "texture": "#texture"}
			}
		},
		{
			"from": [11.75, 11.47, 7.875],
			"to": [12.28, 12, 8.125],
			"rotation": {"angle": -45, "axis": "z", "origin": [11.75, 12, 7.875]},
			"faces": {
				"north": {"uv": [11.375, 7.375, 12.125, 8.125], "texture": "#texture"},
				"east": {"uv": [11.5, 7.625, 12.25, 8.375], "texture": "#texture"},
				"south": {"uv": [11.375, 7.375, 12.125, 8.125], "texture": "#texture"},
				"west": {"uv": [11.375, 7.375, 12.125, 8.125], "texture": "#texture"},
				"up": {"uv": [11.375, 7.5, 12.125, 8.25], "texture": "#texture"},
				"down": {"uv": [11.5, 7.75, 12.25, 8.5], "texture": "#texture"}
			}
		},
		{
			"from": [11.625, 11.7, 7.875],
			"to": [11.98, 11.875, 8.125],
			"rotation": {"angle": 45, "axis": "z", "origin": [11.625, 11.875, 7.875]},
			"faces": {
				"north": {"uv": [11.375, 7.375, 12.125, 8.125], "texture": "#texture"},
				"east": {"uv": [11.5, 7.625, 12.25, 8.375], "texture": "#texture"},
				"south": {"uv": [11.375, 7.375, 12.125, 8.125], "texture": "#texture"},
				"west": {"uv": [11.375, 7.375, 12.125, 8.125], "texture": "#texture"},
				"up": {"uv": [11.375, 7.5, 12.125, 8.25], "texture": "#texture"},
				"down": {"uv": [11.5, 7.75, 12.25, 8.5], "texture": "#texture"}
			}
		},
		{
			"from": [11.875, 11.45, 7.875],
			"to": [12.23, 11.625, 8.125],
			"rotation": {"angle": 45, "axis": "z", "origin": [11.875, 11.625, 7.875]},
			"faces": {
				"north": {"uv": [11.375, 7.375, 12.125, 8.125], "texture": "#texture"},
				"east": {"uv": [11.5, 7.625, 12.25, 8.375], "texture": "#texture"},
				"south": {"uv": [11.375, 7.375, 12.125, 8.125], "texture": "#texture"},
				"west": {"uv": [11.375, 7.375, 12.125, 8.125], "texture": "#texture"},
				"up": {"uv": [11.375, 7.5, 12.125, 8.25], "texture": "#texture"},
				"down": {"uv": [11.5, 7.75, 12.25, 8.5], "texture": "#texture"}
			}
		},
		{
			"from": [11.875, 12, 7.875],
			"to": [12.125, 12.125, 8.125],
			"faces": {
				"north": {"uv": [11.375, 7.375, 12.125, 8.125], "texture": "#texture"},
				"east": {"uv": [11.5, 7.625, 12.25, 8.375], "texture": "#texture"},
				"south": {"uv": [11.375, 7.375, 12.125, 8.125], "texture": "#texture"},
				"west": {"uv": [11.375, 7.375, 12.125, 8.125], "texture": "#texture"},
				"up": {"uv": [11.375, 7.5, 12.125, 8.25], "texture": "#texture"},
				"down": {"uv": [11.5, 7.75, 12.25, 8.5], "texture": "#texture"}
			}
		},
		{
			"from": [12.125, 11.75, 7.875],
			"to": [12.25, 12, 8.125],
			"faces": {
				"north": {"uv": [11.375, 7.375, 12.125, 8.125], "texture": "#texture"},
				"east": {"uv": [11.5, 7.625, 12.25, 8.375], "texture": "#texture"},
				"south": {"uv": [11.375, 7.375, 12.125, 8.125], "texture": "#texture"},
				"west": {"uv": [11.375, 7.375, 12.125, 8.125], "texture": "#texture"},
				"up": {"uv": [11.375, 7.5, 12.125, 8.25], "texture": "#texture"},
				"down": {"uv": [11.5, 7.75, 12.25, 8.5], "texture": "#texture"}
			}
		},
		{
			"from": [12.125, 11.95, 7.875],
			"to": [12.3, 12.125, 8.125],
			"rotation": {"angle": -45, "axis": "z", "origin": [12.125, 12.125, 7.875]},
			"faces": {
				"north": {"uv": [11.375, 7.375, 12.125, 8.125], "texture": "#texture"},
				"east": {"uv": [11.5, 7.625, 12.25, 8.375], "texture": "#texture"},
				"south": {"uv": [11.375, 7.375, 12.125, 8.125], "texture": "#texture"},
				"west": {"uv": [11.375, 7.375, 12.125, 8.125], "texture": "#texture"},
				"up": {"uv": [11.375, 7.5, 12.125, 8.25], "texture": "#texture"},
				"down": {"uv": [11.5, 7.75, 12.25, 8.5], "texture": "#texture"}
			}
		},
		{
			"name": "sight",
			"from": [10.375, 12.2, 8.125],
			"to": [10.625, 12.375, 8.3],
			"rotation": {"angle": -45, "axis": "x", "origin": [10.375, 12.375, 8.125]},
			"faces": {
				"north": {"uv": [13, 2.625, 13.75, 3.375], "texture": "#texture"},
				"east": {"uv": [13.125, 2.5, 13.875, 3.25], "texture": "#texture"},
				"south": {"uv": [13, 2.375, 13.75, 3.125], "texture": "#texture"},
				"west": {"uv": [13.125, 2.75, 13.875, 3.5], "texture": "#texture"},
				"up": {"uv": [13.125, 2.5, 13.875, 3.25], "texture": "#texture"},
				"down": {"uv": [13.125, 2.375, 13.875, 3.125], "texture": "#texture"}
			}
		},
		{
			"name": "sight",
			"from": [10.375, 12, 7.75],
			"to": [10.625, 12.375, 8.25],
			"faces": {
				"north": {"uv": [13, 2.625, 13.75, 3.375], "texture": "#texture"},
				"east": {"uv": [13.125, 2.5, 13.875, 3.25], "texture": "#texture"},
				"south": {"uv": [13, 2.375, 13.75, 3.125], "texture": "#texture"},
				"west": {"uv": [13.125, 2.75, 13.875, 3.5], "texture": "#texture"},
				"up": {"uv": [13.125, 2.5, 13.875, 3.25], "texture": "#texture"},
				"down": {"uv": [13.125, 2.375, 13.875, 3.125], "texture": "#texture"}
			}
		},
		{
			"name": "sight",
			"from": [10.375, 12.325, 7.75],
			"to": [10.625, 12.5, 7.925],
			"rotation": {"angle": 45, "axis": "x", "origin": [10.375, 12.5, 7.75]},
			"faces": {
				"north": {"uv": [13, 2.625, 13.75, 3.375], "texture": "#texture"},
				"east": {"uv": [13.125, 2.5, 13.875, 3.25], "texture": "#texture"},
				"south": {"uv": [13, 2.375, 13.75, 3.125], "texture": "#texture"},
				"west": {"uv": [13.125, 2.75, 13.875, 3.5], "texture": "#texture"},
				"up": {"uv": [13.125, 2.5, 13.875, 3.25], "texture": "#texture"},
				"down": {"uv": [13.125, 2.375, 13.875, 3.125], "texture": "#texture"}
			}
		},
		{
			"name": "sight",
			"from": [10.25, 12.5, 7.625],
			"to": [10.75, 12.625, 7.75],
			"faces": {
				"north": {"uv": [13, 4.25, 13.75, 5], "texture": "#texture"},
				"east": {"uv": [13.25, 4, 14, 4.75], "texture": "#texture"},
				"south": {"uv": [13, 4.25, 13.75, 5], "texture": "#texture"},
				"west": {"uv": [13, 4.25, 13.75, 5], "texture": "#texture"},
				"up": {"uv": [13.25, 4.25, 14, 5], "texture": "#texture"},
				"down": {"uv": [13.25, 4.25, 14, 5], "texture": "#texture"}
			}
		},
		{
			"name": "sight",
			"from": [10.25, 12.325, 7.5],
			"to": [10.75, 12.5, 7.675],
			"rotation": {"angle": -45, "axis": "x", "origin": [10.25, 12.5, 7.5]},
			"faces": {
				"north": {"uv": [13, 4.25, 13.75, 5], "texture": "#texture"},
				"east": {"uv": [13.25, 4, 14, 4.75], "texture": "#texture"},
				"south": {"uv": [13, 4.25, 13.75, 5], "texture": "#texture"},
				"west": {"uv": [13, 4.25, 13.75, 5], "texture": "#texture"},
				"up": {"uv": [13.25, 4.25, 14, 5], "texture": "#texture"},
				"down": {"uv": [13.25, 4.25, 14, 5], "texture": "#texture"}
			}
		},
		{
			"name": "sight",
			"from": [10.25, 12.5, 8.25],
			"to": [10.75, 12.625, 8.375],
			"faces": {
				"north": {"uv": [13, 4.25, 13.75, 5], "texture": "#texture"},
				"east": {"uv": [13.25, 4, 14, 4.75], "texture": "#texture"},
				"south": {"uv": [13, 4.25, 13.75, 5], "texture": "#texture"},
				"west": {"uv": [13, 4.25, 13.75, 5], "texture": "#texture"},
				"up": {"uv": [13.25, 4.25, 14, 5], "texture": "#texture"},
				"down": {"uv": [13.25, 4.25, 14, 5], "texture": "#texture"}
			}
		},
		{
			"name": "sight",
			"from": [10.25, 12.45, 8.375],
			"to": [10.75, 12.625, 8.55],
			"rotation": {"angle": 45, "axis": "x", "origin": [10.25, 12.625, 8.375]},
			"faces": {
				"north": {"uv": [13, 4.25, 13.75, 5], "texture": "#texture"},
				"east": {"uv": [13.25, 4, 14, 4.75], "texture": "#texture"},
				"south": {"uv": [13, 4.25, 13.75, 5], "texture": "#texture"},
				"west": {"uv": [13, 4.25, 13.75, 5], "texture": "#texture"},
				"up": {"uv": [13.25, 4.25, 14, 5], "texture": "#texture"},
				"down": {"uv": [13.25, 4.25, 14, 5], "texture": "#texture"}
			}
		},
		{
			"name": "sight",
			"from": [10.25, 11.75, 8.25],
			"to": [10.75, 12.5, 8.5],
			"faces": {
				"north": {"uv": [13, 4.25, 13.75, 5], "texture": "#texture"},
				"east": {"uv": [13.25, 4, 14, 4.75], "texture": "#texture"},
				"south": {"uv": [13, 4.25, 13.75, 5], "texture": "#texture"},
				"west": {"uv": [13, 4.25, 13.75, 5], "texture": "#texture"},
				"up": {"uv": [13.25, 4.25, 14, 5], "texture": "#texture"},
				"down": {"uv": [13.25, 4.25, 14, 5], "texture": "#texture"}
			}
		},
		{
			"name": "sight",
			"from": [10.25, 11.75, 7.5],
			"to": [10.75, 12.5, 7.75],
			"faces": {
				"north": {"uv": [13, 4.25, 13.75, 5], "texture": "#texture"},
				"east": {"uv": [13.25, 4, 14, 4.75], "texture": "#texture"},
				"south": {"uv": [13, 4.25, 13.75, 5], "texture": "#texture"},
				"west": {"uv": [13, 4.25, 13.75, 5], "texture": "#texture"},
				"up": {"uv": [13.25, 4.25, 14, 5], "texture": "#texture"},
				"down": {"uv": [13.25, 4.25, 14, 5], "texture": "#texture"}
			}
		},
		{
			"name": "sight",
			"from": [10.385, 12.375, 7.5625],
			"to": [10.76, 12.5, 7.6875],
			"faces": {
				"north": {"uv": [6.625, 14.5, 7.5, 15.375], "texture": "#texture"},
				"east": {"uv": [12, 0.125, 13.875, 2], "texture": "#texture"},
				"south": {"uv": [6.625, 14.5, 7.5, 15.375], "texture": "#texture"},
				"west": {"uv": [6.625, 14.5, 7.5, 15.375], "texture": "#texture"},
				"up": {"uv": [6.625, 14.5, 7.5, 15.375], "texture": "#texture"},
				"down": {"uv": [6.625, 14.5, 7.5, 15.375], "texture": "#texture"}
			}
		},
		{
			"name": "sight",
			"from": [10.385, 12.375, 8.3125],
			"to": [10.76, 12.5, 8.4375],
			"faces": {
				"north": {"uv": [6.625, 14.5, 7.5, 15.375], "texture": "#texture"},
				"east": {"uv": [12, 0.125, 13.875, 2], "texture": "#texture"},
				"south": {"uv": [6.625, 14.5, 7.5, 15.375], "texture": "#texture"},
				"west": {"uv": [6.625, 14.5, 7.5, 15.375], "texture": "#texture"},
				"up": {"uv": [6.625, 14.5, 7.5, 15.375], "texture": "#texture"},
				"down": {"uv": [6.625, 14.5, 7.5, 15.375], "texture": "#texture"}
			}
		},
		{
			"name": "sight",
			"from": [3.01, 12.3125, 7.9375],
			"to": [3.385, 12.4375, 8.0625],
			"faces": {
				"north": {"uv": [6.625, 14.5, 7.5, 15.375], "texture": "#texture"},
				"east": {"uv": [12, 0.125, 13.875, 2], "texture": "#texture"},
				"south": {"uv": [6.625, 14.5, 7.5, 15.375], "texture": "#texture"},
				"west": {"uv": [6.625, 14.5, 7.5, 15.375], "texture": "#texture"},
				"up": {"uv": [6.625, 14.5, 7.5, 15.375], "texture": "#texture"},
				"down": {"uv": [6.625, 14.5, 7.5, 15.375], "texture": "#texture"}
			}
		},
		{
			"name": "sight",
			"from": [3, 11.95, 7.875],
			"to": [3.375, 12.5, 8.125],
			"faces": {
				"north": {"uv": [13, 4.25, 13.75, 5], "texture": "#texture"},
				"east": {"uv": [13.25, 4, 14, 4.75], "texture": "#texture"},
				"south": {"uv": [13, 4.25, 13.75, 5], "texture": "#texture"},
				"west": {"uv": [13, 4.25, 13.75, 5], "texture": "#texture"},
				"up": {"uv": [13.25, 4.25, 14, 5], "texture": "#texture"},
				"down": {"uv": [13.25, 4.25, 14, 5], "texture": "#texture"}
			}
		},
		{
			"name": "sight",
			"from": [3, 12, 7.875],
			"to": [3.375, 12.5, 8.125],
			"rotation": {"angle": -45, "axis": "z", "origin": [3, 12.5, 7.875]},
			"faces": {
				"north": {"uv": [13, 4.25, 13.75, 5], "texture": "#texture"},
				"east": {"uv": [13.25, 4, 14, 4.75], "texture": "#texture"},
				"south": {"uv": [13, 4.25, 13.75, 5], "texture": "#texture"},
				"west": {"uv": [13, 4.25, 13.75, 5], "texture": "#texture"},
				"up": {"uv": [13.25, 4.25, 14, 5], "texture": "#texture"},
				"down": {"uv": [13.25, 4.25, 14, 5], "texture": "#texture"}
			}
		},
		{
			"from": [2.5, 11.984, 8.275],
			"to": [3.5, 12.25, 8.63],
			"rotation": {"angle": 45, "axis": "x", "origin": [2.5, 12.25, 8.275]},
			"faces": {
				"north": {"uv": [14.75, 5.875, 15.5, 6.625], "texture": "#texture"},
				"east": {"uv": [14.75, 6, 15.5, 6.75], "texture": "#texture"},
				"south": {"uv": [14.625, 5.875, 15.375, 6.625], "texture": "#texture"},
				"west": {"uv": [14.75, 6, 15.5, 6.75], "texture": "#texture"},
				"up": {"uv": [14.75, 5.875, 15.5, 6.625], "texture": "#texture"},
				"down": {"uv": [14.75, 5.875, 15.5, 6.625], "texture": "#texture"}
			}
		},
		{
			"from": [2.5, 10.75, 8.275],
			"to": [3.5, 12, 8.525],
			"rotation": {"angle": 0, "axis": "y", "origin": [8, 8, 8.775]},
			"faces": {
				"north": {"uv": [13.125, 6, 13.875, 6.75], "texture": "#texture"},
				"east": {"uv": [14.75, 6, 15.5, 6.75], "texture": "#texture"},
				"south": {"uv": [14.625, 6, 15.375, 6.75], "texture": "#texture"},
				"west": {"uv": [14.75, 6, 15.5, 6.75], "texture": "#texture"},
				"up": {"uv": [14.75, 5.875, 15.5, 6.625], "texture": "#texture"},
				"down": {"uv": [13.125, 6, 13.875, 6.75], "texture": "#texture"}
			}
		},
		{
			"from": [2.5, 12, 7.725],
			"to": [3.5, 12.25, 8.275],
			"rotation": {"angle": 0, "axis": "y", "origin": [8, 8, 7.975]},
			"faces": {
				"north": {"uv": [14.75, 5.875, 15.5, 6.625], "texture": "#texture"},
				"east": {"uv": [14.75, 6, 15.5, 6.75], "texture": "#texture"},
				"south": {"uv": [14.625, 5.875, 15.375, 6.625], "texture": "#texture"},
				"west": {"uv": [14.75, 6, 15.5, 6.75], "texture": "#texture"},
				"up": {"uv": [14.75, 5.875, 15.5, 6.625], "texture": "#texture"},
				"down": {"uv": [14.75, 5.875, 15.5, 6.625], "texture": "#texture"}
			}
		},
		{
			"from": [2.5, 11.734, 7.475],
			"to": [3.5, 12, 7.83],
			"rotation": {"angle": -45, "axis": "x", "origin": [2.5, 12, 7.475]},
			"faces": {
				"north": {"uv": [14.75, 5.875, 15.5, 6.625], "texture": "#texture"},
				"east": {"uv": [14.75, 6, 15.5, 6.75], "texture": "#texture"},
				"south": {"uv": [14.625, 5.875, 15.375, 6.625], "texture": "#texture"},
				"west": {"uv": [14.75, 6, 15.5, 6.75], "texture": "#texture"},
				"up": {"uv": [14.75, 5.875, 15.5, 6.625], "texture": "#texture"},
				"down": {"uv": [14.75, 5.875, 15.5, 6.625], "texture": "#texture"}
			}
		},
		{
			"from": [3.1625, 10.75, 8.225],
			"to": [3.8125, 11.75, 8.5],
			"rotation": {"angle": -22.5, "axis": "y", "origin": [3.0625, 10.75, 8]},
			"faces": {
				"north": {"uv": [14.75, 5.875, 15.5, 6.625], "texture": "#texture"},
				"east": {"uv": [14.75, 6, 15.5, 6.75], "texture": "#texture"},
				"south": {"uv": [14.625, 5.875, 15.375, 6.625], "texture": "#texture"},
				"west": {"uv": [14.75, 6, 15.5, 6.75], "texture": "#texture"},
				"up": {"uv": [14.75, 5.875, 15.5, 6.625], "texture": "#texture"},
				"down": {"uv": [14.75, 5.875, 15.5, 6.625], "texture": "#texture"}
			}
		},
		{
			"from": [3.5, 10.75, 8.5],
			"to": [6, 11.75, 8.75],
			"rotation": {"angle": 0, "axis": "y", "origin": [8, 8, 9.25]},
			"faces": {
				"north": {"uv": [14.75, 5.875, 15.5, 6.625], "texture": "#texture"},
				"east": {"uv": [14.5, 5.875, 15.25, 6.625], "texture": "#texture"},
				"south": {"uv": [14.625, 5.875, 15.375, 6.625], "texture": "#texture"},
				"west": {"uv": [14.875, 6.125, 15.625, 6.875], "texture": "#texture"},
				"up": {"uv": [14.75, 5.875, 15.5, 6.625], "texture": "#texture"},
				"down": {"uv": [14.75, 5.875, 15.5, 6.625], "texture": "#texture"}
			}
		},
		{
			"from": [2.5, 10.75, 7.5],
			"to": [3.5, 11, 8.5],
			"rotation": {"angle": 0, "axis": "y", "origin": [8, 7, 8]},
			"faces": {
				"north": {"uv": [14.75, 5.875, 15.5, 6.625], "texture": "#texture"},
				"east": {"uv": [14.75, 6, 15.5, 6.75], "texture": "#texture"},
				"south": {"uv": [14.625, 5.875, 15.375, 6.625], "texture": "#texture"},
				"west": {"uv": [14.75, 6, 15.5, 6.75], "texture": "#texture"},
				"up": {"uv": [13.125, 5.75, 13.875, 6.5], "texture": "#texture"},
				"down": {"uv": [14.875, 6, 15.625, 6.75], "texture": "#texture"}
			}
		},
		{
			"from": [2.5, 10.75, 7.475],
			"to": [3.5, 12, 7.725],
			"rotation": {"angle": 0, "axis": "y", "origin": [8, 8, 7.975]},
			"faces": {
				"north": {"uv": [14.75, 5.875, 15.5, 6.625], "texture": "#texture"},
				"east": {"uv": [14.75, 6, 15.5, 6.75], "texture": "#texture"},
				"south": {"uv": [13.25, 5.875, 14, 6.625], "texture": "#texture"},
				"west": {"uv": [14.75, 6, 15.5, 6.75], "texture": "#texture"},
				"up": {"uv": [14.75, 5.875, 15.5, 6.625], "texture": "#texture"},
				"down": {"uv": [13.125, 6, 13.875, 6.75], "texture": "#texture"}
			}
		},
		{
			"from": [2.9375, 10.75, 7.5625],
			"to": [3.5625, 11.75, 7.7875],
			"rotation": {"angle": 22.5, "axis": "y", "origin": [2.8125, 10.75, 7.5625]},
			"faces": {
				"north": {"uv": [14.75, 5.875, 15.5, 6.625], "texture": "#texture"},
				"east": {"uv": [14.75, 6, 15.5, 6.75], "texture": "#texture"},
				"south": {"uv": [14.625, 5.875, 15.375, 6.625], "texture": "#texture"},
				"west": {"uv": [14.75, 6, 15.5, 6.75], "texture": "#texture"},
				"up": {"uv": [14.75, 5.875, 15.5, 6.625], "texture": "#texture"},
				"down": {"uv": [14.75, 5.875, 15.5, 6.625], "texture": "#texture"}
			}
		},
		{
			"from": [3.5, 10.75, 7.25],
			"to": [6, 11.75, 7.5],
			"faces": {
				"north": {"uv": [14.75, 5.875, 15.5, 6.625], "texture": "#texture"},
				"east": {"uv": [14.5, 5.875, 15.25, 6.625], "texture": "#texture"},
				"south": {"uv": [14.625, 5.875, 15.375, 6.625], "texture": "#texture"},
				"west": {"uv": [14.875, 6.125, 15.625, 6.875], "texture": "#texture"},
				"up": {"uv": [14.75, 5.875, 15.5, 6.625], "texture": "#texture"},
				"down": {"uv": [14.75, 5.875, 15.5, 6.625], "texture": "#texture"}
			}
		},
		{
			"from": [7.3125, 10.9375, 7.25],
			"to": [8.0625, 11.4375, 7.55],
			"rotation": {"angle": 22.5, "axis": "z", "origin": [7.3125, 11.4375, 7.25]},
			"faces": {
				"north": {"uv": [14.75, 5.875, 15.5, 6.625], "texture": "#texture"},
				"east": {"uv": [14.75, 6, 15.5, 6.75], "texture": "#texture"},
				"south": {"uv": [14.625, 5.875, 15.375, 6.625], "texture": "#texture"},
				"west": {"uv": [14.75, 6, 15.5, 6.75], "texture": "#texture"},
				"up": {"uv": [14.75, 5.875, 15.5, 6.625], "texture": "#texture"},
				"down": {"uv": [14.75, 5.875, 15.5, 6.625], "texture": "#texture"}
			}
		},
		{
			"from": [6, 10.75, 7.25],
			"to": [8, 11.5, 7.55],
			"faces": {
				"north": {"uv": [14.75, 5.875, 15.5, 6.625], "texture": "#texture"},
				"east": {"uv": [14.75, 6, 15.5, 6.75], "texture": "#texture"},
				"south": {"uv": [14.625, 5.875, 15.375, 6.625], "texture": "#texture"},
				"west": {"uv": [14.75, 6, 15.5, 6.75], "texture": "#texture"},
				"up": {"uv": [14.75, 5.875, 15.5, 6.625], "texture": "#texture"},
				"down": {"uv": [14.75, 5.875, 15.5, 6.625], "texture": "#texture"}
			}
		},
		{
			"from": [6, 11.25, 7.25],
			"to": [6.75, 11.75, 7.55],
			"rotation": {"angle": -22.5, "axis": "z", "origin": [6, 11.75, 7.25]},
			"faces": {
				"north": {"uv": [14.75, 5.875, 15.5, 6.625], "texture": "#texture"},
				"east": {"uv": [14.75, 6, 15.5, 6.75], "texture": "#texture"},
				"south": {"uv": [14.625, 5.875, 15.375, 6.625], "texture": "#texture"},
				"west": {"uv": [14.75, 6, 15.5, 6.75], "texture": "#texture"},
				"up": {"uv": [14.75, 5.875, 15.5, 6.625], "texture": "#texture"},
				"down": {"uv": [14.75, 5.875, 15.5, 6.625], "texture": "#texture"}
			}
		},
		{
			"from": [7.875, 10.875, 7.24],
			"to": [10.125, 11.625, 8.76],
			"faces": {
				"north": {"uv": [9.25, 6.5, 0.25, 10.125], "texture": "#texture"},
				"east": {"uv": [7, 14.5, 7.625, 15.125], "texture": "#texture"},
				"south": {"uv": [0.25, 6.5, 9.25, 10.125], "texture": "#texture"},
				"west": {"uv": [7, 14.5, 7.625, 15.125], "texture": "#texture"},
				"up": {"uv": [7, 14.5, 7.625, 15.125], "texture": "#texture"},
				"down": {"uv": [7, 14.5, 7.625, 15.125], "texture": "#texture"}
			}
		},
		{
			"from": [8, 10.75, 8.35],
			"to": [11.375, 11.75, 8.75],
			"faces": {
				"north": {"uv": [14.75, 5.875, 15.5, 6.625], "texture": "#texture"},
				"east": {"uv": [14.75, 6, 15.5, 6.75], "texture": "#texture"},
				"south": {"uv": [14.625, 5.875, 15.375, 6.625], "texture": "#texture"},
				"west": {"uv": [14.75, 6, 15.5, 6.75], "texture": "#texture"},
				"up": {"uv": [14.75, 5.875, 15.5, 6.625], "texture": "#texture"},
				"down": {"uv": [14.75, 5.875, 15.5, 6.625], "texture": "#texture"}
			}
		},
		{
			"from": [8, 10.75, 7.25],
			"to": [11.375, 11.75, 7.65],
			"faces": {
				"north": {"uv": [14.75, 5.875, 15.5, 6.625], "texture": "#texture"},
				"east": {"uv": [14.75, 6, 15.5, 6.75], "texture": "#texture"},
				"south": {"uv": [14.625, 5.875, 15.375, 6.625], "texture": "#texture"},
				"west": {"uv": [14.75, 6, 15.5, 6.75], "texture": "#texture"},
				"up": {"uv": [14.75, 5.875, 15.5, 6.625], "texture": "#texture"},
				"down": {"uv": [14.75, 5.875, 15.5, 6.625], "texture": "#texture"}
			}
		},
		{
			"from": [8, 11.445, 7.25],
			"to": [11.5, 11.75, 7.955],
			"rotation": {"angle": -45, "axis": "x", "origin": [8, 11.75, 7.25]},
			"faces": {
				"north": {"uv": [14.75, 5.875, 15.5, 6.625], "texture": "#texture"},
				"east": {"uv": [14.75, 6, 15.5, 6.75], "texture": "#texture"},
				"south": {"uv": [14.625, 5.875, 15.375, 6.625], "texture": "#texture"},
				"west": {"uv": [14.75, 6, 15.5, 6.75], "texture": "#texture"},
				"up": {"uv": [14.75, 5.875, 15.5, 6.625], "texture": "#texture"},
				"down": {"uv": [14.75, 5.875, 15.5, 6.625], "texture": "#texture"}
			}
		},
		{
			"from": [8, 11.9, 7.75],
			"to": [11.5, 12.25, 8.25],
			"faces": {
				"north": {"uv": [14.75, 5.875, 15.5, 6.625], "texture": "#texture"},
				"east": {"uv": [14.75, 6, 15.5, 6.75], "texture": "#texture"},
				"south": {"uv": [14.625, 5.875, 15.375, 6.625], "texture": "#texture"},
				"west": {"uv": [14.75, 6, 15.5, 6.75], "texture": "#texture"},
				"up": {"uv": [14.75, 5.875, 15.5, 6.625], "texture": "#texture"},
				"down": {"uv": [14.75, 5.875, 15.5, 6.625], "texture": "#texture"}
			}
		},
		{
			"from": [8, 11.945, 8.25],
			"to": [11.5, 12.25, 8.955],
			"rotation": {"angle": 45, "axis": "x", "origin": [8, 12.25, 8.25]},
			"faces": {
				"north": {"uv": [14.75, 5.875, 15.5, 6.625], "texture": "#texture"},
				"east": {"uv": [14.75, 6, 15.5, 6.75], "texture": "#texture"},
				"south": {"uv": [14.625, 5.875, 15.375, 6.625], "texture": "#texture"},
				"west": {"uv": [14.75, 6, 15.5, 6.75], "texture": "#texture"},
				"up": {"uv": [14.75, 5.875, 15.5, 6.625], "texture": "#texture"},
				"down": {"uv": [14.75, 5.875, 15.5, 6.625], "texture": "#texture"}
			}
		},
		{
			"from": [7.3125, 10.9375, 8.45],
			"to": [8.0625, 11.4375, 8.75],
			"rotation": {"angle": 22.5, "axis": "z", "origin": [7.3125, 11.4375, 8.45]},
			"faces": {
				"north": {"uv": [14.75, 5.875, 15.5, 6.625], "texture": "#texture"},
				"east": {"uv": [14.75, 6, 15.5, 6.75], "texture": "#texture"},
				"south": {"uv": [14.625, 5.875, 15.375, 6.625], "texture": "#texture"},
				"west": {"uv": [14.75, 6, 15.5, 6.75], "texture": "#texture"},
				"up": {"uv": [14.75, 5.875, 15.5, 6.625], "texture": "#texture"},
				"down": {"uv": [14.75, 5.875, 15.5, 6.625], "texture": "#texture"}
			}
		},
		{
			"from": [6, 10.75, 8.45],
			"to": [8, 11.5, 8.75],
			"rotation": {"angle": 0, "axis": "y", "origin": [8, 8, 9.2]},
			"faces": {
				"north": {"uv": [14.75, 5.875, 15.5, 6.625], "texture": "#texture"},
				"east": {"uv": [14.75, 6, 15.5, 6.75], "texture": "#texture"},
				"south": {"uv": [14.625, 5.875, 15.375, 6.625], "texture": "#texture"},
				"west": {"uv": [14.75, 6, 15.5, 6.75], "texture": "#texture"},
				"up": {"uv": [14.75, 5.875, 15.5, 6.625], "texture": "#texture"},
				"down": {"uv": [14.75, 5.875, 15.5, 6.625], "texture": "#texture"}
			}
		},
		{
			"from": [6, 11.25, 8.45],
			"to": [6.75, 11.75, 8.75],
			"rotation": {"angle": -22.5, "axis": "z", "origin": [6, 11.75, 8.35]},
			"faces": {
				"north": {"uv": [14.75, 5.875, 15.5, 6.625], "texture": "#texture"},
				"east": {"uv": [14.75, 6, 15.5, 6.75], "texture": "#texture"},
				"south": {"uv": [14.625, 5.875, 15.375, 6.625], "texture": "#texture"},
				"west": {"uv": [14.75, 6, 15.5, 6.75], "texture": "#texture"},
				"up": {"uv": [14.75, 5.875, 15.5, 6.625], "texture": "#texture"},
				"down": {"uv": [14.75, 5.875, 15.5, 6.625], "texture": "#texture"}
			}
		},
		{
			"from": [6.125, 10.9375, 8.01],
			"to": [6.5, 11.1875, 8.76],
			"faces": {
				"north": {"uv": [8.5, 0.125, 0.125, 6.25], "texture": "#texture"},
				"east": {"uv": [6.625, 14.5, 7.5, 15.375], "texture": "#texture"},
				"south": {"uv": [0.125, 0.125, 8.5, 6.25], "texture": "#texture"},
				"west": {"uv": [6.625, 14.5, 7.5, 15.375], "texture": "#texture"},
				"up": {"uv": [6.625, 14.5, 7.5, 15.375], "texture": "#texture"},
				"down": {"uv": [6.625, 14.5, 7.5, 15.375], "texture": "#texture"}
			}
		},
		{
			"from": [5.25, 11, 8.01],
			"to": [5.875, 11.125, 8.76],
			"faces": {
				"north": {"uv": [9.375, 12.125, 0.125, 13.75], "texture": "#texture"},
				"east": {"uv": [6.625, 14.5, 7.5, 15.375], "texture": "#texture"},
				"south": {"uv": [0.125, 12.125, 9.375, 13.75], "texture": "#texture"},
				"west": {"uv": [6.625, 14.5, 7.5, 15.375], "texture": "#texture"},
				"up": {"uv": [6.625, 14.5, 7.5, 15.375], "texture": "#texture"},
				"down": {"uv": [6.625, 14.5, 7.5, 15.375], "texture": "#texture"}
			}
		},
		{
			"from": [4.625, 11, 8.01],
			"to": [5.125, 11.125, 8.76],
			"faces": {
				"north": {"uv": [7.5, 10.375, 0.125, 12], "texture": "#texture"},
				"east": {"uv": [6.625, 14.5, 7.5, 15.375], "texture": "#texture"},
				"south": {"uv": [0.125, 10.375, 7.5, 12], "texture": "#texture"},
				"west": {"uv": [6.625, 14.5, 7.5, 15.375], "texture": "#texture"},
				"up": {"uv": [6.625, 14.5, 7.5, 15.375], "texture": "#texture"},
				"down": {"uv": [6.625, 14.5, 7.5, 15.375], "texture": "#texture"}
			}
		},
		{
			"from": [10.375, 10.875, 8.01],
			"to": [10.625, 11.125, 8.76],
			"faces": {
				"north": {"uv": [15.875, 0.125, 14, 2], "texture": "#texture"},
				"east": {"uv": [6.625, 14.5, 7.5, 15.375], "texture": "#texture"},
				"south": {"uv": [14, 0.125, 15.875, 2], "texture": "#texture"},
				"west": {"uv": [6.625, 14.5, 7.5, 15.375], "texture": "#texture"},
				"up": {"uv": [6.625, 14.5, 7.5, 15.375], "texture": "#texture"},
				"down": {"uv": [6.625, 14.5, 7.5, 15.375], "texture": "#texture"}
			}
		},
		{
			"name": "safety*",
			"from": [11, 11.22, 8.375],
			"to": [11.175, 11.75, 8.875],
			"rotation": {"angle": -45, "axis": "z", "origin": [11, 11.75, 8.375]},
			"faces": {
				"north": {"uv": [14.625, 4.375, 15.375, 5.125], "texture": "#texture"},
				"east": {"uv": [15, 4, 15.75, 4.75], "texture": "#texture"},
				"south": {"uv": [14.875, 4.25, 15.625, 5], "texture": "#texture"},
				"west": {"uv": [14.625, 4.125, 15.375, 4.875], "texture": "#texture"},
				"up": {"uv": [14.625, 4.375, 15.375, 5.125], "texture": "#texture"},
				"down": {"uv": [14.75, 4.125, 15.5, 4.875], "texture": "#texture"}
			}
		},
		{
			"name": "safety*",
			"from": [10.25, 11.375, 8.375],
			"to": [10.75, 11.625, 8.875],
			"faces": {
				"north": {"uv": [14.625, 4.375, 15.375, 5.125], "texture": "#texture"},
				"east": {"uv": [15, 4, 15.75, 4.75], "texture": "#texture"},
				"south": {"uv": [14.875, 4.25, 15.625, 5], "texture": "#texture"},
				"west": {"uv": [14.625, 4.125, 15.375, 4.875], "texture": "#texture"},
				"up": {"uv": [14.625, 4.375, 15.375, 5.125], "texture": "#texture"},
				"down": {"uv": [14.75, 4.125, 15.5, 4.875], "texture": "#texture"}
			}
		},
		{
			"name": "safety*",
			"from": [10.625, 11.095, 8.375],
			"to": [10.8, 11.625, 8.875],
			"rotation": {"angle": 45, "axis": "z", "origin": [10.625, 11.625, 8.375]},
			"faces": {
				"north": {"uv": [14.625, 4.375, 15.375, 5.125], "texture": "#texture"},
				"east": {"uv": [15, 4, 15.75, 4.75], "texture": "#texture"},
				"south": {"uv": [14.875, 4.25, 15.625, 5], "texture": "#texture"},
				"west": {"uv": [14.625, 4.125, 15.375, 4.875], "texture": "#texture"},
				"up": {"uv": [14.625, 4.375, 15.375, 5.125], "texture": "#texture"},
				"down": {"uv": [14.75, 4.125, 15.5, 4.875], "texture": "#texture"}
			}
		},
		{
			"name": "safety*",
			"from": [10.75, 11.25, 8.375],
			"to": [11, 11.75, 8.875],
			"faces": {
				"north": {"uv": [14.625, 4.375, 15.375, 5.125], "texture": "#texture"},
				"east": {"uv": [15, 4, 15.75, 4.75], "texture": "#texture"},
				"south": {"uv": [14.875, 4.25, 15.625, 5], "texture": "#texture"},
				"west": {"uv": [14.625, 4.125, 15.375, 4.875], "texture": "#texture"},
				"up": {"uv": [14.625, 4.375, 15.375, 5.125], "texture": "#texture"},
				"down": {"uv": [14.75, 4.125, 15.5, 4.875], "texture": "#texture"}
			}
		},
		{
			"name": "safety*",
			"from": [10.625, 11.375, 8.375],
			"to": [11.125, 11.625, 8.875],
			"faces": {
				"north": {"uv": [14.625, 4.375, 15.375, 5.125], "texture": "#texture"},
				"east": {"uv": [15, 4, 15.75, 4.75], "texture": "#texture"},
				"south": {"uv": [14.875, 4.25, 15.625, 5], "texture": "#texture"},
				"west": {"uv": [14.625, 4.125, 15.375, 4.875], "texture": "#texture"},
				"up": {"uv": [14.625, 4.375, 15.375, 5.125], "texture": "#texture"},
				"down": {"uv": [14.75, 4.125, 15.5, 4.875], "texture": "#texture"}
			}
		},
		{
			"from": [11.0325, 10.6775, 8.35],
			"to": [11.5325, 11.5525, 8.75],
			"rotation": {"angle": 22.5, "axis": "z", "origin": [11.0325, 11.5525, 7.25]},
			"faces": {
				"north": {"uv": [14.75, 5.875, 15.5, 6.625], "texture": "#texture"},
				"east": {"uv": [14.75, 6, 15.5, 6.75], "texture": "#texture"},
				"south": {"uv": [14.625, 5.875, 15.375, 6.625], "texture": "#texture"},
				"west": {"uv": [14.75, 6, 15.5, 6.75], "texture": "#texture"},
				"up": {"uv": [14.75, 5.875, 15.5, 6.625], "texture": "#texture"},
				"down": {"uv": [14.75, 5.875, 15.5, 6.625], "texture": "#texture"}
			}
		},
		{
			"from": [11.0325, 10.6775, 7.25],
			"to": [11.5325, 11.5525, 7.65],
			"rotation": {"angle": 22.5, "axis": "z", "origin": [11.0325, 11.5525, 7.25]},
			"faces": {
				"north": {"uv": [14.75, 5.875, 15.5, 6.625], "texture": "#texture"},
				"east": {"uv": [14.75, 6, 15.5, 6.75], "texture": "#texture"},
				"south": {"uv": [14.625, 5.875, 15.375, 6.625], "texture": "#texture"},
				"west": {"uv": [14.75, 6, 15.5, 6.75], "texture": "#texture"},
				"up": {"uv": [14.75, 5.875, 15.5, 6.625], "texture": "#texture"},
				"down": {"uv": [14.75, 5.875, 15.5, 6.625], "texture": "#texture"}
			}
		},
		{
			"from": [11.375, 11.625, 8.35],
			"to": [11.5, 11.75, 8.75],
			"faces": {
				"north": {"uv": [14.75, 5.875, 15.5, 6.625], "texture": "#texture"},
				"east": {"uv": [14.75, 6, 15.5, 6.75], "texture": "#texture"},
				"south": {"uv": [14.625, 5.875, 15.375, 6.625], "texture": "#texture"},
				"west": {"uv": [14.75, 6, 15.5, 6.75], "texture": "#texture"},
				"up": {"uv": [14.75, 5.875, 15.5, 6.625], "texture": "#texture"},
				"down": {"uv": [14.75, 5.875, 15.5, 6.625], "texture": "#texture"}
			}
		},
		{
			"from": [11.375, 11.625, 7.25],
			"to": [11.5, 11.75, 7.65],
			"faces": {
				"north": {"uv": [14.75, 5.875, 15.5, 6.625], "texture": "#texture"},
				"east": {"uv": [14.75, 6, 15.5, 6.75], "texture": "#texture"},
				"south": {"uv": [14.625, 5.875, 15.375, 6.625], "texture": "#texture"},
				"west": {"uv": [14.75, 6, 15.5, 6.75], "texture": "#texture"},
				"up": {"uv": [14.75, 5.875, 15.5, 6.625], "texture": "#texture"},
				"down": {"uv": [14.75, 5.875, 15.5, 6.625], "texture": "#texture"}
			}
		}
	],
	"display": {
		"thirdperson_righthand": {
			"rotation": [10, -90, 0],
			"translation": [0, -1.25, -1.5],
			"scale": [0.85, 0.85, 0.85]
		},
		"thirdperson_lefthand": {
			"rotation": [10, -90, 0],
			"translation": [0, -1.25, -1.5],
			"scale": [-0.85, 0.85, 0.85]
		},
		"firstperson_righthand": {
			"rotation": [2, -90, 0],
			"translation": [-2, 1.25, -1.75]
		},
		"firstperson_lefthand": {
			"rotation": [2, -90, 0],
			"translation": [-2, 1.25, -1.75],
			"scale": [-1, 1, -1]
		},
		"ground": {
			"rotation": [-90, 0, 0],
			"translation": [0, 0.5, 0],
			"scale": [0.65, 0.65, 0.65]
		},
		"gui": {
			"rotation": [30, 45, 0],
			"translation": [0.25, -2, 0],
			"scale": [1.5, 1.5, 1.5]
		},
		"head": {
			"rotation": [0, 0, -45],
			"translation": [0.75, -25.25, 3.75]
		},
		"fixed": {
			"translation": [0, -0.5, -0.75],
			"scale": [-0.75, 0.75, -0.75]
		}
	},
	"groups": [0, 1, 2, 3, 4, 5, 6, 7, 8, 9, 10, 11, 12, 13, 14, 15, 16, 17, 18, 19, 20, 21, 22, 23, 24, 25, 26, 27, 28, 29, 30, 31, 32, 33, 34, 35, 36, 37, 38, 39, 40, 41, 42, 43, 44, 45, 46, 47, 48, 49, 50, 51, 52, 53, 54, 55, 56, 57, 58, 59, 60, 61, 62, 63, 64, 65, 66, 67, 68, 69, 70, 71, 72, 73, 74, 75, 76, 77, 78, 79,
		{
			"name": "iron_sights",
			"origin": [3, 12.5, 7.875],
			"children": [80, 81, 82, 83, 84, 85, 86, 87, 88, 89, 90, 91, 92, 93]
		},
		{
			"name": "slider",
			"origin": [8, 8, 8],
			"children": [94, 95, 96, 97, 98, 99, 100, 101, 102, 103, 104, 105, 106, 107, 108, 109, 110, 111, 112, 113, 114, 115, 116, 117, 118, 119, 120, 121, 122, 123, 124, 125, 126, 127, 128]
		}
	]
}